judul_tokenized,kategori,label_id
laptop kencang yg putih cantik : review lenovo legion 7i gen 10 ( 2025 ),Gadgets,5
rekomendasi 20+ tablet di bawah rp 10 juta akhir tahun 2025 : murah banget sampai kencang banget !,Gadgets,5
smart tv qled 4k terjangkau dr merek indonesia ! memuaskan hemat daya - review spc st50 qled,Gadgets,5
laptop gaming pakai amd 3d v-cache bisa sekenceng ini ? ! review asus rog strix g16 ( g614fr ),Gadgets,5
"15 laptop snapdragon : semua irit , makin kencang , kian terjangkau !",Gadgets,5
tecno bohong tentang bobot laptop ini ! review tecno megabook s14,Gadgets,5
hp oppo 1 jutaan ternyata bisa begini ! review oppo a6x,Gadgets,5
"laptop gaming paling mewah , paling premium dan paling kencang ! review lenovo legion 9i 18iax10",Gadgets,5
"rekomendasi 8 ows pilihan akhir 2025 : lebih nyaman , audio makin mantap !",Gadgets,5
tablet huawei yang layarnya makin spesial ! review huawei matepad 12x ( 2026 ),Gadgets,5
rekomendasi sepatu mulai dari 400 ribu rupiah ! - akhir tahun 2025,Gadgets,5
laptop workstation kencang buat profesional : review lenovo thinkpad p1 gen 8 ( 2025 ),Gadgets,5
internet 5g yg mudah digunakan bisa utk beberapa perangkat - review 5g cpe 5 dgn teknologi huawei,Gadgets,5
laptop convertible lokal paling ringan ! review axioo hype-r 5 flip oled,Gadgets,5
ows ( ke ) murah( an ) lagi ! upgrade menarik dgn dukungan aplikasi bluetooth 6 - review advan eclipse+,Gadgets,5
smartphone di atas 10 juta terbaik pilihan kami ! rekomendasi akhir tahun 2025,Gadgets,5
rahasia supaya laptop gaming bisa jadi desktop replacement ! seri mengenal laptop gaming part 7,Gadgets,5
kencang tanpa kompromi buat kreator : review asus proart p16 ( h7606ww ),Gadgets,5
tws terbaik 100 ribu s/d 4 jutaan rekomendasi akhir tahun 2025,Gadgets,5
rekomendasi sepatu lokal murah berkelas dibawah 400 ribu,Gadgets,5
15 headphone bluetooth terbaik di akhir tahun 2025,Gadgets,5
tablet samsung yang tangguh dan spesial ! review galaxy tab active5 pro,Gadgets,5
"keren , khas motorola banget , dgn prosesor baru dan baterai besar ! review moto g57 power",Gadgets,5
"saran belanja promo diskon smart tv , laptop , dan speaker polytron akhir 2025 !",Gadgets,5
"saran belanja produk anker 2025 : ada charger 250w , bahkan powerbank 200w !",Gadgets,5
smartphone rp 7- 10 juta terbaik pilihan kami ! rekomendasi akhir tahun 2025,Gadgets,5
"harga terjangkau , performa mumpuni , cocok buat sekolah , kuliah dan kerja - review infinix xbook b14",Gadgets,5
rekomendasi 17+ laptop thin light 6-9.9 juta akhir 2025,Gadgets,5
layar besar yg bikin puas dgn harga tidak mahal - review hisense uled mini led tv u7q,Gadgets,5
8 smartphone rp 5 - 7 juta terbaik pilihan kami ! rekomendasi akhir tahun 2025,Gadgets,5
jawab 20 pertanyaan tecno camon 40 pro 5g : kameranya masih oke ? bisa dipakai jangka panjang ?,Gadgets,5
rekomendasi smartwatch dan smartband di bawah 1 juta rupiah ! - akhir 2025,Gadgets,5
"snapdragon 8 elite gen 5 pertama di indonesia , kamera stabil , storage 1 tb : review iqoo 15",Gadgets,5
main game lebih kencang dengan ai ! seri mengenal laptop gaming - part 6,Gadgets,5
kesan pertama pakai poco f8 terbaru !,Gadgets,5
rekomendasi laptop tipis dan ringan di harga 10-15 juta rupiah ! - akhir 2025,Gadgets,5
"performa super kencang , suhu tetap adem , bobot 1.5 kg ! review acer predator triton 14 ai",Gadgets,5
mana yg lebih kencang ? dual channel 12 gb atau 16 gb feat . asus vivobook 14 a1404,Gadgets,5
"mulai dari smartphone sampai laptop , ekosistemnya lengkap ! saran belanja honor di 2025",Gadgets,5
kita main game streaming di laptop snapdragon x series,Gadgets,5
kenapa gerakan di layar laptop gaming terasa lebih mulus ? seri mengenal laptop gaming - part 5,Gadgets,5
15 smartphone mantap harga rp 3 - 5 juta - rekomendasi akhir tahun 2025,Gadgets,5
"non-pro naik kelas ! flagship sejati ringkas , kaya fitur , dgn kamera mumpuni - review vivo x300",Gadgets,5
laptop bisnis utk multitasking berat ? bisa sampai empat monitor ! review asus expertbook pm3 ( pm3406 ),Gadgets,5
smartwatch multisport premium super lengkap dgn layar paling terang : review garmin fenix 8 microled,Gadgets,5
smartphone tangguh ini katanya punya rating ip69 pro ! apaan tuh ? review realme c85 pro,Gadgets,5
smartwatch keren tangguh untuk petualang ! review kospet tank t4,Gadgets,5
"standar baru tws murah di bawah rp 500 ribu ? punya anc enc , ada ldac - review soundcore r60i nc",Gadgets,5
10 laptop dengan baterai paling irit versi jagatreview,Gadgets,5
ngulik snapdragon x2 elite bareng kios komputer : techpodcast,Gadgets,5
"layar oled 8.8 "" , ryzen z2 extreme , ram 32gb , kontroler bisa dilepas ! review lenovo legion go 2",Gadgets,5
smart tv dr jagoan hape terjangkau ! secanggih apa ? - review infinix 43x5l,Gadgets,5
"kamera smartphone terbaik 2025 : review "" singkat "" vivo x300 pro indonesia",Gadgets,5
"sepatu lokal 100rb-an ini ringan , empuk bisa custom ? ! review fzth mortex pro",Gadgets,5
rekomendasi 17+ laptop kencang di bawah 6 juta rupiah akhir 2025,Gadgets,5
"11 jt-an , punya cruise control dan alarm kalo salah belok ! - review polytron fox 200",Gadgets,5
11 smartphone rp 2 - 3 juta terbaik pilihan kami ! rekomendasi akhir tahun 2025,Gadgets,5
"7 jutaan tapi fiturnya melimpah , beneran ini smart tv kelas dasar ? review toshiba 65e330np pro",Gadgets,5
"handheld gaming pc paling irit , lengkap , ringan kencang ! review msi claw 7 ai+ ( a2vm ) super pack",Gadgets,5
"12 smartphone murah terbaik , di bawah rp 2 juta ! rekomendasi smartphone akhir 2025",Gadgets,5
14 laptop super ringan di bawah 1 kilogram ! semurah 5 jutaan !,Gadgets,5
nekat ! review sunscreen gadget beauty bareng jiglyciouss : techpodcast,Gadgets,5
running shoes enteng + big size ? ini salah satu yg terbaik murah ! review brodo active krakatau 2.0,Gadgets,5
"laptop amd ryzen pro 8 jutaan , enteng 950-an gram , layar oled : review axioo hype-r x8 oled",Gadgets,5
"3 jutaan , pakai snapdragon 7 series , baterai 7000 irit review moto g67 power 5g",Gadgets,5
"desain cantik , layar mewah , baterai tahan seharian ! review acer swift go 14 ai ( 2025 )",Gadgets,5
ai membuat malas atau malah produktif ? techpodcast,Gadgets,5
"tele 200 mp , dimensity 9500 , baterai 7500 mah , smartphone terbaik oppo 2025 ! review oppo find x9 pro",Gadgets,5
"super lega dan fleksibel , canggih dgn panel digital , hemat daya - review kulkas changhong fcd680nib",Gadgets,5
ini rahasia kenapa performa laptop gaming lebih kencang ! seri mengenal laptop gaming - part 4,Gadgets,5
tablet terlengkap dan terbaik redmi di 2025 ! - review redmi pad 2 pro,Gadgets,5
tablet gaming paling menarik : review lenovo legion tab gen 3,Gadgets,5
running shoes ringan ini kami tes ikut 5k run ! review spotec epic 978,Gadgets,5
"dari hawaii , qualcomm berniat kuasai dunia teknologi : jajal snapdragon summit 2025",Gadgets,5
jaga berat badan dengan tidur dan gadget wearable ? techpodcast : dr chris,Gadgets,5
"ac 1.5 pk non-inverter , awet tahan lama dan hemat energi ? ! - review changhong csc 12nvb4",Gadgets,5
"smart tv qled layar besar terjangkau dari toshiba , lengkap dgn fitur ai - review 65e450np pro",Gadgets,5
kejutan ! laptop rtx 5050 ternyata sekencang ini : review acer nitro v 15 ( 2025 ),Gadgets,5
ini yang bikin cpu dan gpu laptop gaming lebih kencang ! seri mengenal laptop gaming - part 3,Gadgets,5
tws ini mikrofon dan ambient sound-nya kelas atas ! review samsung galaxy buds3 fe,Gadgets,5
kameranya ngeri ! ! ! jajal kamera vivo x300 pro di shanghai china,Gadgets,5
sepatu lokal paling nyaman 2025 ? + ada size besar ! review brodo ace nexus,Gadgets,5
apa itu npu ? apakah laptop snapdragon beneran kepake npu-nya ?,Gadgets,5
handheld gaming pc terbaik kolaborasi rog dan xbox ! review asus rog xbox ally x,Gadgets,5
paket komplit dari iqoo harganya cuma 3 jutaan ? review iqoo z10r,Gadgets,5
"smart tv layar besar dgn kualitas memadai , harga merakyat ! - review toshiba 75c350rp",Gadgets,5
jajal hasil kolaborasi realme x ricoh gr di beijing,Gadgets,5
"ows dgn bass yg terasa , berkelas , elegan , siap utk teman olahraga - review shokz openfit 2+",Gadgets,5
"ringkas , banyak fitur , bisa cuci dgn uap cuci cepat - review mesin cuci changhong fwf8500s",Gadgets,5
laptop gaming tidak hanya untuk gamer ! seri mengenal laptop gaming - part 2,Gadgets,5
"smart tv 163 "" super cemerlang , smart glasses , monitor dual 4k , tv transparan - main ke showroom tcl !",Gadgets,5
"gaming , padahal aslinya all-rounder ! - review infinix gt 30",Gadgets,5
"kombinasi pas dgn harga murah , audio mantap , pakai google tv - review smart tv changhong l50m91",Gadgets,5
"kemurahan ? premium looks , kencang , oled , 1.03 kilo : review advan workplus air",Gadgets,5
"laptop "" legendaris "" infinix kembali ! spek baru , tetap terjangkau ! review infinix inboox x2 2025",Gadgets,5
kencang gas pol ! rakit pc 200 juta ! ! feat . agres x gainward,Gadgets,5
adp laptop polytron kenapa bisa 2 tahun ? kenapa bisa murah ? podcast pertama di ruang terbuka !,Gadgets,5
tetap tangguh kencang seperti baru ? review axioo hype 5 amd x6 setelah 6 bulan,Gadgets,5
desain elegan dengan baterai besar dan prosesor baru ! review vivo v60 lite,Gadgets,5
"main ke pabrik ac super canggih di wuhan , china , bareng tcl ! lab r d lengkap dan ac unik dgn ai",Gadgets,5
rekomendasi setting wajib one ui 8 buat user samsung a56,Gadgets,5
rekomendasi setting hyperos 3 buat user xiaomi 15t pro,Gadgets,5
rekomendasi hape terbaik buat desember 2025,Gadgets,5
rekomendasi setting wajib originos untuk user vivo x200 pro,Gadgets,5
rekomendasi setting wajib user oppo find x9 dengan coloros 16,Gadgets,5
review poco pad x1 indonesia !,Gadgets,5
review moto pad 60 neo indonesia !,Gadgets,5
rekomendasi hape terbaik november rp6 jutaan ke atas,Gadgets,5
rekomendasi hape terbaik november rp1-5 jutaan,Gadgets,5
mending beli xiaomi 15t pro ato samsung s25 fe ?,Gadgets,5
review redmi pad 2 pro indonesia !,Gadgets,5
revew iqoo z10r indonesia !,Gadgets,5
review samsung galaxy tab s10 lite indonesia,Gadgets,5
review xiaomi 15t pro indonesia setelah 1 bulan,Gadgets,5
review samsung galaxy s25 fe indonesia setelah 1 bulan,Gadgets,5
rekomendasi hape terbaik oktober rp6 jutaan ke atas,Gadgets,5
rekomendasi hape terbaik oktober rp1-5 jutaan,Gadgets,5
mending beli xiaomi 15t atau poco f7 ?,Gadgets,5
review poco m7 indonesia !,Gadgets,5
hape 7.000mah tertipis ? review realme 15 pro 5g indonesia setelah 1 bulan pakai,Gadgets,5
hape 7.000mah paling cakep oppo a6 pro 5g indonesia,Gadgets,5
review asus tuf gaming a15 ( 2025 ) indonesia,Gadgets,5
review xiaomi 15t indonesia !,Gadgets,5
sebelum anda beli redmi 15,Gadgets,5
mending beli samsung a56 atau vivo v50 ?,Gadgets,5
rekomendasi hape rp6 jutaan ke atas terbaik september 2025,Gadgets,5
rekomendasi hape rp1-5 jutaan terbaik september 2025,Gadgets,5
vivo v50 setelah 6 bulan : waktunya beli ?,Gadgets,5
oppo reno14 f 5g setelah 1 bulan,Gadgets,5
mending beli samsung a56 atau tecno camon 40 pro ?,Gadgets,5
tips setting wajib redmi 15c,Gadgets,5
mending beli tecno camon 40 pro atau redmi note 14 pro ?,Gadgets,5
review redmi 15c indonesia !,Gadgets,5
rekomendasi hape terbaik agustus 2025,Gadgets,5
mending beli samsung a56 atau xiaomi 14t ?,Gadgets,5
vivo x200 pro setelah 6 bulan,Gadgets,5
review asus rog strix g18 ( 2025 ) indonesia !,Gadgets,5
review infinix smart 10 plus indonesia !,Gadgets,5
mending beli poco f7 atau samsung a56 ?,Gadgets,5
mending beli xiaomi band 10 atau huawei band 10 ?,Gadgets,5
mending beli infinix gt 30 pro atau poco x7 pro ?,Gadgets,5
rekomendasi hape terbaik juli 2025,Gadgets,5
kesan pertama nyoba samsung galaxy z fold7 : upgrade besar ?,Gadgets,5
mending beli poco f7 ato cukup x7 pro aja ?,Gadgets,5
review samsung galaxy z flip6 setelah ( hampir ) setahun,Gadgets,5
mending beli samsung a56 atau nambah duit beli s24 fe ?,Gadgets,5
mending beli poco f7 atau iqoo neo 10 ?,Gadgets,5
rekomendasi hape terbaik juni 2025,Gadgets,5
samsung galaxy s25 edge setelah 2 minggu pemakaian,Gadgets,5
review samsung galaxy tab s10 fe indonesia,Gadgets,5
review tecno camon 40 pro setelah 1 bulan,Gadgets,5
review tecno camon 40 setelah 2 bulan lebih,Gadgets,5
rp6.999.000 ! review realme gt 7t resmi indonesia,Gadgets,5
rekomendasi hape terbaik mei 2025,Gadgets,5
review motorola edge 60 fusion indonesia,Gadgets,5
oppo find x8 pro setelah 6 bulan,Gadgets,5
16 menit ngomongin iphone 16,Gadgets,5
review poco f7 pro indonesia 1 bulan kemudian,Gadgets,5
review samsung galaxy a26 5g indonesia setelah 1 bulan,Gadgets,5
unboxing oppo find n5 + cerita pengalaman pake find n3,Gadgets,5
review soundcore aerofit 2 indonesia !,Gadgets,5
rekomedasi hape terbaik april 2025,Gadgets,5
apa aja beda samsung a56 dibanding a55 ?,Gadgets,5
review ipad air 7 ( 2025 ) indonesia,Gadgets,5
review qcy anc buds crossky c30 indonesia,Gadgets,5
rp12 juta ! review asus gaming k16 k3605vc indonesia,Gadgets,5
hampir rp2 juta ! review cuktech 20 power bank,Gadgets,5
review moto g45 5g indonesia setelah 1 bulan,Gadgets,5
rekomendasi hape terbaik buat lebaran idul fitri 2025,Gadgets,5
review xiaomi 15 resmi indonesia !,Gadgets,5
review asus rog phone 9 pro edition indonesia,Gadgets,5
samsung galaxy a36 5g lebih worth it dari a56 ?,Gadgets,5
apa yang baru di samsung galaxy a56 5g ?,Gadgets,5
hape fold huawei pertama di indonesia : mate x6,Gadgets,5
review sharp aquos sense9 indonesia,Gadgets,5
review infinix note 50 pro indonesia,Gadgets,5
rekomendasi hape terbaik bulan maret 2025,Gadgets,5
review honor x9c indonesia,Gadgets,5
review poco x7 pro indonesia,Gadgets,5
review redmi note 14 4g setelah 1 bulan,Gadgets,5
review iqoo 13 setelah 2 bulan,Gadgets,5
full review samsung galaxy s25+ indonesia,Gadgets,5
rekomendasi setting wajib user samsung galaxy s25+ dengan one ui 7,Gadgets,5
review oppo reno13 f 5g indonesia,Gadgets,5
review oppo reno13 5g indonesia,Gadgets,5
rekomendasi setting user xiaomi 14t dengan hyperos 2,Gadgets,5
rekomendasi hape terbaik akhir januari 2025,Gadgets,5
kesan pertama nyobain samsung galaxy s25 ultra indonesia,Gadgets,5
rp4.399.000 ! ! review redmi note 14 pro 5g indonesia,Gadgets,5
kesan pertama tecno spark 30 pro indonesia,Gadgets,5
review redmi pad pro setelah 6 bulan,Gadgets,5
rekomendasi setting wajib user vivo x200 pro dengan funtouchos 15,Gadgets,5
review vivo x200 pro indonesia : best zoom camera so far,Gadgets,5
tablet mini 4g rp2 jutaan review advan tab v8 indonesia,Gadgets,5
xiaomi pad 6s pro setelah 6 bulan update hyperos 2,Gadgets,5
rekomendasi setting wajib pengguna oppo find x8 dengan coloros 15,Gadgets,5
apa kabar redmi note 13 pro+ 5g dan samsung galaxy a55 di akhir tahun ?,Gadgets,5
jagoan dateng belakangan review infinix hot 50 pro indonesia,Gadgets,5
samsung galaxy tab a9+ 5g setelah 1 tahun,Gadgets,5
review samsung galaxy a16 4g lte indonesia,Gadgets,5
"kerja , olahraga , meeting gak lepas tws ! soundcore aeroclip c50i",Gadgets,5
"10jtan . . laptop 2-in-1 oled paling gila harganya ? ! axioo hype-r flip , ram 24gb",Gadgets,5
pocket printer + photography kit untuk insta360 ace pro 2,Gadgets,5
bingung pilih iphone 17 512gb atau 1tb ? tonton ini dulu sebelum nyesel !,Gadgets,5
"ampun samsung ! test performa , game , kamera , layar , review galaxy z trifold",Gadgets,5
harga 2jtan dapet tv qled wow ! tv toshiba qled e37sp review,Gadgets,5
internet lelet ? coba ganti router asus wifi 7 ! ngaciiirrrr ? !,Gadgets,5
"harga cuma ½ nya doang dari ipad air 11 , huawei matepad 12 x ( 2026 ) , tablet produktivitas terbaik !",Gadgets,5
kerja jadi 2x lebih cepat ! setup full lenovo thinkvision ecosystem,Gadgets,5
300rb - 1jtan . . rekomendasi tws buat tahun baru 2026 !,Gadgets,5
"boya magic wireless microphoe review , mic clip on bentuknya lonjong",Gadgets,5
laptop ultra-ringan ultra-kenceng dari tecno ! tecno megabook s14 !,Gadgets,5
2 jutaan mana yang paling worth it ? moto g57 power vs samsung a17 lte vs poco m7 pro !,Gadgets,5
"headphones kualitas flagship , harga masih asik ! vention echo clarity lh01",Gadgets,5
"1,9jt . . internet ngebut tanpa kabel ! modem 5g huawei cpe 5 ! beneran worth it ?",Gadgets,5
laptop tipis yang serius buat kerja kreator ? ! lenovo ideapad pro 5 ( 14akp10 ),Gadgets,5
tv keluaran hisense terbaru ini gokil ! hisense mini-led 65e8q review,Gadgets,5
laptop setipis ini bisa main cyberpunk 60 fps ! asus tuf gaming f16 fx608 review,Gadgets,5
13jtan . . minggir ! ! iqoo 15 dengan chipset terbaru pertama di indonesia sudah datang !,Gadgets,5
"11jtan . . tipis , enteng , tapi ngebut ! asus vivobook s14 ( s3407va ) review",Gadgets,5
"pilih honor 400 5g , samsung galaxy a56 5g , atau xiaomi 15t ? mana yang paling pas buat kamu ?",Gadgets,5
warna sejernih ini ? ! harganya bikin geleng-geleng ! ! tcl t61c !,Gadgets,5
"14,9jtan . . hape compact tapi buas ! vivo x300 ! kamera zeiss , performa gila ! review",Gadgets,5
"asus expertbook pm3 review , berasa kenceng , ringan , tahan banting !",Gadgets,5
"3jtan . . poco pad m1 , tablet layar gede baterai monster !",Gadgets,5
"5jtan . . poco pad x1 , apakah ini tablet midrange terbaik 2025 ?",Gadgets,5
raja tws 2025 di bawah 500 ribuan ? ! soundcore r60i nc review,Gadgets,5
ip69 pro ! ! baterai 7000mah . . hape ini gila ! ? ! realme c85 pro review,Gadgets,5
cuma 3jtan . . mesin cuci canggih ! changhong purecare fwf8500s review,Gadgets,5
3 bulan bersama tecno camon 40 pro 5g ! masih raja kamera 3 jutaan ?,Gadgets,5
"handheld android dua layar paling gila ! onexplayer sugar review , bisa diubah-ubah !",Gadgets,5
wow guedee benerr 116 ! ! hisense ux uled rgb-miniled tv 116 inch review,Gadgets,5
gilaaaa paraahh ! ! redmi k90 pro max lamborghini special edition,Gadgets,5
"bisa ngikutin sendiri ? ! dji neo 2 canggih banget cuy , review",Gadgets,5
6jtan . . scooter xiaomi paling canggih ! xiaomi electric scooter elite review,Gadgets,5
raja antutu ! realme gt 8 pro sama ricoh gr bikin kamera jadi edan !,Gadgets,5
dashcam 4k tercanggih ! 70mai t800 review,Gadgets,5
"2jtan . . yg bikin bingung ! itel super 26 ultra , tecno pova 7 , iqoo z10 lite ! worth it yg mana ?",Gadgets,5
budget 3 juta masih bingung beli yang mana ? tonton ini dulu !,Gadgets,5
alamak ! ! iqoo 15 special edition honor of king review,Gadgets,5
redmagic 11 pro+ makin gila ! ada liquid air cooling system,Gadgets,5
misi mencari hp 5 jutaan terbaik !,Gadgets,5
2jtan . . dapet ac 1/2pk yang cepet dinginnya ! ac changhong csc-05nvb4 review,Gadgets,5
4jtan . . jauh lebih bagus ! ! redmi pad 2 pro review,Gadgets,5
apakah ini smartphone of the year 2025 ? oppo find x9 pro review,Gadgets,5
buka pintu mobil bmw pake samsung galaxy s24 series,Gadgets,5
"wow design cakep , baterai gede , kamera mantap ! realme 15t 5g unboxing",Gadgets,5
tablet gaming setara konsol gaming ? ! lenovo legion tab ( 8.8 gen 3 ) review,Gadgets,5
9jtan tapi rasanya kayak flagship 20jtan ? samsung galaxy s25 fe review,Gadgets,5
"anjritttt antutu 4juta ! redmi k90 pro max review , sd8elitegen5 , 7560mah",Gadgets,5
ademm pake ini anker nano a1638 a1211a review,Gadgets,5
"8jtan . . yang bener aja nih , axioo hype-r x8 apa nggak kemurahan ?",Gadgets,5
bikin selalu melongo ! ! 3 bulan pakai huawei pura 80 ultra ! !,Gadgets,5
14jtan . . handheld gaming pc terbaik ! asus rog xbox ally x review,Gadgets,5
"1, 7jtan . . cucok buat wanita , cek siklus menstruasi , xiaomi watch s4 review",Gadgets,5
"2jtan . . beli ini , 2031 baru beli hp baru lagi ! samsung galaxy a17 4g review",Gadgets,5
kalian bertanya-tanya ? ? hape ini panjang + ada keyboard qwerty nya !,Gadgets,5
dji osmo 360 vs insta360 x5 ! siapa raja kamera 360 sebenarnya ?,Gadgets,5
monitor gaming 1jtan serasa 5jtan ! xiaomi gaming monitor g27i ( 2026 ) review,Gadgets,5
2jtan . . extreme banget ! ! poco m7 kasih baterai 7000mah !,Gadgets,5
"gila ! ! . . paling keren yang pernah di unboxing , realme 15 pro 5g x game of trones ! !",Gadgets,5
"3jtan . . gaming beast nih , mlbb 119fps delta force 87fps stabil ! infinix gt 30 review",Gadgets,5
hari ini iphone 17 series iphone air udah bisa dibeli resmi !,Gadgets,5
"2, 5jtan . . tablet 12 inci paling worth it ? infinix xpad 20 pro jawabannya !",Gadgets,5
laptop serius buat profesional kreatif ! asus proart p16 ( h7606wm ) review,Gadgets,5
"6jtan . . realme 15 pro 5g , seru banget dipakenya gaes ! ! review",Gadgets,5
3 jutaan . . dapat google tv 50 inch ! changhong l50m91,Gadgets,5
"review xiaomi 17 pro max , adu kamera iphone 17 pro max , bagus mana ? ?",Gadgets,5
"6jtan . . xiaomi 15t kameranya ngeriii , 4k smooth depan belakang",Gadgets,5
"smartwatch terkuat 2025 , stylish , baterai 21 hari . harga 1/3 apple watch ! huawei watch gt 6 series !",Gadgets,5
"capek , bayar bulanan buat cloud ! ! bikin sendiri aja ?",Gadgets,5
"2jtan . . baterai 7000mah ! redmi 15 ini badak banget , review",Gadgets,5
laptop gaming idaman . . lenovo legion 5 15akp10 review,Gadgets,5
"unboxing xiaomi 17 pro max , test layar belakang , test kamera",Gadgets,5
3jtan . . tv changhong l50qst1 bikin pusing lawannya gaes,Gadgets,5
seukuran powerbank tapi hasilnya professional cuy ! dji osmo 360 !,Gadgets,5
1jtan . . baterai badak 6300mah ! realme note 70 review,Gadgets,5
mulai 29jtan . . tapi worth it ! lenovo thinkpad x13 2-in-1 gen 5 review,Gadgets,5
"unboxing iphone 17 series ditemenin zoe levana , iphone nya dibanting",Gadgets,5
"tablet baru serba komplit , moto pad 60 pro ( ulasan singkat )",Gadgets,5
"2-4jtan . . tecno pova selalu bikin kesemsem ! pova 7 4g , pova 7 5g , pova curve 5g , pova 7 ultra 5g",Gadgets,5
"1jtan . . gak rugi ! poco c85 review , test performa kamera",Gadgets,5
masa iya hape 2jutaan bisa gini ? ? ? iqoo z10 lite review,Gadgets,5
dxomark kamera no 1 ! huawei pura 80 series!l review,Gadgets,5
bisa dipakai renang ! storage 32gb ! design suara keren ! sanag b60s pro review,Gadgets,5
"2, 8jtan . . tes game kamera , poco m7 review , hmmm . .",Gadgets,5
"5, 2jtan . . masih terbaik ? ! redmi note 15 pro+ review",Gadgets,5
"tablet baru honor bagus-bagus ? ! honor pad series ( honor pad 10 , pad x9a , pad x7 )",Gadgets,5
"magfusion qi2.2 ! ! ! wireless charging tercanggih , buat semua flagship !",Gadgets,5
"24jtan . . enteng tapi buas ! ! vivo x fold5 review , 4k smooth",Gadgets,5
"punya 60jutaan ? beli tv ini aja ! sony bravia 5 98 "" review",Gadgets,5
"tv 85 "" cuma 20jutaan ! aqua tv aqt85m80fux review",Gadgets,5
hape paling gak berguna di 2025 tapi kok ya lucu ? hmd barbie flip phone,Gadgets,5
"4, 9jtan . . edan futuristik ! realme neo7 turbo review",Gadgets,5
11jtan . . desainya top markotop ! nubia z70s ultra review,Gadgets,5
"2jtan . . inovasi mahal harga murah , infinix hot 60 pro+ , bagus gak sih ? ?",Gadgets,5
nggak neko-neko ! tablet dibawah 6 juta serasa laptop ! huawei matepad 11.5 ( 2025 ),Gadgets,5
2jtan . . gak kemurahan nih ? ? itel vistatab 30 gt review,Gadgets,5
4jtan . . masih pusing cari tv yang pas ? coba chiq tv c50qmt1 deh ! pasti suka !,Gadgets,5
"lenovo legion pro 5 16iax10 , laptop berternaga yang serba bisa !",Gadgets,5
hp gaming pertama dengan liquid cooling di dunia ! unboxing redmagic 11 pro indonesia !,Gadgets,5
jangan upgrade hp dulu ! daftar smartphone yang akan masuk indonesia 2026 !,Gadgets,5
rp4 juta dapat iphone cakep 7 rekomendasi iphone murah terbaik akhir tahun 2025,Gadgets,5
turun 11 jutaan ! 7 hp flagship turun harga akhir 2025 !,Gadgets,5
"tiga sekaligus moto pad 60 series , pilih yang mana",Gadgets,5
laptop oled flip 360 termurah ! review axioo hype r 5 flip oled !,Gadgets,5
"alasan huawei matepad 12 x 2026 lebih bagus dari ipad air 11 , buat tablet produktivitas level pc",Gadgets,5
"bocoran redmi note 15 , hp baterai 10 000mah baru xiaomi , sony xperia play reborn # wig 217",Gadgets,5
"cek pasar offline ! hp second murah 700 ribuan , flagship samsung banting harga # marzoom 355",Gadgets,5
ga perlu beli flagship 7 rekomendasi hp murah spek dewa akhir tahun 2025,Gadgets,5
cek pasar offline ! nyari hp gaming murah 2025 ! 2 3 jutaan spek tinggi buat game berat ! # marzoom 354,Gadgets,5
"review jujur laptop oled 14 inci paling ringan di dunia , bobot 800 an gram ! tecno megabook s14",Gadgets,5
7 rekomendasi hp 1 jutaan terbaik edisi spesial akhir tahun,Gadgets,5
"cek pasar offline ! hp kamera bagus vivo x80 ! dulu 12 juta , sekarang 4 jutaan ! # marzoom 353",Gadgets,5
"vivo x300 fe , hp lipat 3 samsung , bocoran huawei pura x2 exynos terkuat samsung ! # wig216",Gadgets,5
compact tapi overpower ! review vivo x300 indonesia !,Gadgets,5
iqoo 15 jadi hp gaming dengan kamera paling cakep + lensa periscope beneran ga bercanda,Gadgets,5
"ngulik honor sampe ke "" akar "" bareng "" orang dalam "" langsung # teknisipodcast",Gadgets,5
cek pasar offline ! itc depok banjir hp second murah ! # marzoom 352,Gadgets,5
ini poco atau ipad pro unboxing kesan pertama gue soal poco pad x1,Gadgets,5
huawei freebuds 7i vs soundcore liberty 4 nc vs jbl tune beam 2 masa yang mahal lebih jelek sih,Gadgets,5
tablet 12 inch baterai 12000mah ! poco pad m1 unboxing !,Gadgets,5
ip69 pro bukan gimmick ! ini alasan realme c85 pro layak dibeli,Gadgets,5
cek pasar offline ! hp gaming cuma 1 jutaan snapdragon 888 8 gen 1 mulai 2 jutaan # marzoom 351,Gadgets,5
mitos tv yang ternyata salah total ! buktiin bareng coocaa x66h !,Gadgets,5
layar 11 90hz fhd+ ram up to 16gb ! review tecno megapad 11 !,Gadgets,5
"kameranya terlalu berbahaya ini review vivo x300 pro , camera king",Gadgets,5
"buat nonton beri cinta waktu sampai physical asia , toshiba m450r ini tv paling worth it",Gadgets,5
"investigasi hp pejabat terkenal indonesia ternyata ini hp purbaya , kdm , prabowo sri mulyani",Gadgets,5
tablet sekencang laptop ? ! ! unboxing samsung galaxy tab s11 ultra !,Gadgets,5
"bocoran vivo x300 ultra , iphone air gen 2 , spek vivo y500 pro oneplus 15 versi global ! # wig 215",Gadgets,5
nyobain lenovo legion tab gen 3 ! dan ini yang harus kalian tau ! ?,Gadgets,5
cek pasar offline ! nemu iphone 17 pro hp gaming murah mulai 1 jutaan ! # marzoom 350,Gadgets,5
apakah masuk indo ? ! unboxing nubia neo 3 gt master edition !,Gadgets,5
tablet murah spek dewa baru redmi unboxing hands on redmi pad 2 pro indonesia,Gadgets,5
"sudah pakai amoled , masihkah tangguh ? ! durability test review garmin instinct 3 amoled",Gadgets,5
hp konser terbaik di kudeta unboxing hands-on oppo find x9 pro indonesia,Gadgets,5
"bukan tv , tapi bikin rumah berasa bioskop ! review hisense smart mini projector m2 pro",Gadgets,5
"cek pasar offline ! hp gaming murah mulai 1 jutaan ! realme 9 pro , infinix gt 30 pro ! # marzoom 349",Gadgets,5
"ac premium , tapi laku keras cuma gree yang bisa gree airy series",Gadgets,5
"redmi k90 pro max , hmd bikin hp baru , oppo find x9 series resmi nubia z80 ultra # wig 214",Gadgets,5
"mirip iphone ga masalah , yang penting cakep realme 15t 5g resmi indonesia",Gadgets,5
laptop 9 juta rasa 20 juta ! review axioo hype r x8 oled !,Gadgets,5
hp 3 jutaan performa kelas sultan ! review iqoo z10r !,Gadgets,5
"honor robot phone , samsung w26 , coloros 16 realme gt 8 series ! # wig 213",Gadgets,5
unboxing hands on infinix xpad 20 pro indonesia,Gadgets,5
"cek pasar offline ! poco x6 , realme gt neo 2 , iphone x cuma 2 jutaan ! # marzoom 348",Gadgets,5
ternyata brand lain pakai panel tcl ? ! ! main ke tcl csot di shenzhen !,Gadgets,5
collab hp ter gokil unboxing hands on realme 15 pro 5g game of thrones limited edition,Gadgets,5
tablet 2 jutaan cocok buat anak ! unboxing redmi pad 2 play bundle !,Gadgets,5
"hp 2 jutaan , baterai 7000mah 16gb ram ! unboxing poco m7 indonesia !",Gadgets,5
"samsung s26 ultra , update iphone fold , nokia 800 dirilis ulang bocoran kamera poco f8 ultra ! # wig",Gadgets,5
cek pasar offline ! nyari hp gaming murah iphone bekas resmi di itc bsd serpong ! # marzoom 347,Gadgets,5
"hp paling fun di harga 5 jutaan vivo v60 lite 5g , samsung galaxy a36 5g , atau oppo reno14 f 5g",Gadgets,5
gimana ac tcl dibuat ? ! grebek pabrik ac tcl di wuhan !,Gadgets,5
selevel sama pro ga nyangka kalo sebagus ini huawei pura 80,Gadgets,5
jangan heran huawei watch gt 6 vs samsung galaxy watch 8 vs apple watch series 10,Gadgets,5
"xiaomi berlapis emas , spek realme gt 8 pro , originos 6 rilis global bocoran motorola edge 70",Gadgets,5
"cek pasar offline ! giveaway poco x7 pro , cicilan iphone murah 500 ribuan ! # marzoom 346",Gadgets,5
smartwatch paling lengkap yg tahan 21 hari huawei watch gt 6 pro vs smartwatch flagship lain,Gadgets,5
7 hp kamera bagus harga 2 jutaan di 2025,Gadgets,5
nah gini dong xiaomi unboxing hands on xiaomi 15t resmi indonesia,Gadgets,5
7000mah 6.9 inch 144hz review redmi 15 indonesia,Gadgets,5
rekomendasi ac 1 pk low watt hemat listrik terbaik di tahun ini changhong csc-09rdx4a,Gadgets,5
cek pasar offline ! nemu iphone harga 2 jutaan rekomendasi hp gaming murah 2025 ! # marzoom 345,Gadgets,5
ram gede gak pake mahal 7 hp ram 12 gb terbaik di bawah 10 juta,Gadgets,5
kulkas 2 jutaan low watt no frost ! review changhong ftm280nb,Gadgets,5
jaringan super kenceng 7 hp 5g termurah sampai kuartal 3 2025,Gadgets,5
pro rasa ultra sensor 1 inch di huawei pura 80 pro bikin s25 ultra 16 pro max keteteran,Gadgets,5
akhirnya ada peningkatan di galaxy a07 ! unboxing samsung galaxy a07 indonesia !,Gadgets,5
"spek xiaomi 16 , desain oppo find x9 , hp snapdragon 8 elite gen 5 bocoran galaxy s26 pro ! # wig 209",Gadgets,5
3k 144hz dimensity 8300 ! ! unboxing moto pad 60 pro indonesia !,Gadgets,5
poco 1 jutaan terbaru ini lebih bagus dari sejutaan lain unboxing hands on poco c85,Gadgets,5
kamera konser terbaik 2025 huawei pura 80 ultra vs samsung s25 ultra vs iphone 16 pro max,Gadgets,5
futuristik banget ! 7 hp gaming cyberpunk terbaik di bawah 10 juta !,Gadgets,5
gambarnya terlalu real ! review qd mini led tcl q6c indonesia !,Gadgets,5
"hp layar lipat 3 samsung , bocoran xiaomi 16 , poco c85 hp tipis tecno terbaru # wig 208",Gadgets,5
"tablet ai paling lengkap worth it , mulai sejutaan honor pad 10 , pad x9a pad x7",Gadgets,5
ini laptop ai terjangkau 2025 ! ! review asus vivobook 14 a1407ca indonesia !,Gadgets,5
inilah alasan kenapa ac ini wajib ada di kamar kalian ac inverter tcl gentle cool pro series,Gadgets,5
gila ! hp fold super ringan 6000mah ? ! vivo x fold 5 review indonesia !,Gadgets,5
cek pasar offline ! banjir hp second murah 1 jutaan di itc cempaka mas ! # marzoom 344,Gadgets,5
"bocoran vivo x300 pro , rumor 2 hp honor baru , iqoo 15 mini launching rog xbox ally ! # wig 207",Gadgets,5
bikin rusuh di trampoline park pake vivo v60,Gadgets,5
hp 2 jutaan cakep yang bikin deja vu iqoo z10 lite,Gadgets,5
"hp xiaomi termurah yang paling worth it menurut gue ya ini , redmi 15c",Gadgets,5
cek pasar offline ! itc roxy mas banjir hp murah ! hp gaming 1 jutaan ! # marzoom 343,Gadgets,5
"redmi note 15 rilis , rumor xiaomi 16 pro mini google pixel 10 pro fold # wig 206",Gadgets,5
cobain hp 2 jutaan yang tipis tapi sadis ! review infinix hot 60 pro+ indonesia !,Gadgets,5
smart tv 65 inch terjangkau google tv polytron smart cinemax eqled 65 inch terbaru,Gadgets,5
"tablet buat kerja kuliah , huawei matepad 11.5 2025 jadi opsi lebih worth it daripada ipad air",Gadgets,5
murah tapi ngebut ! 7 hp 1-2 jutaan terbaik buat mahasiswa !,Gadgets,5
"bocoran samsung galaxy s26 edge , spek honor magic v flip2 kacamata pintar vivo ! # wig 205",Gadgets,5
multitasking aman banget ! 7 hp all rounder 3 jutaan terbaik di 2025,Gadgets,5
3 jutaan paling gg ! vivo y400 bikin oppo samsung jadi biasa aja,Gadgets,5
"cek pasar offline ! hp gaming murah 1 jutaan , tablet 2 jutaan iphone resmi murah ! # marzoom 342",Gadgets,5
"bocoran poco m7 plus , ipad lipat ditunda , dan tanggal rilis infinix gt 30 5g+ # wig 204",Gadgets,5
discontinue tapi masih dicari ! 7 hp poco terpopuler di 2025 !,Gadgets,5
"realme 15 pro nih upgradenya sih lumayan , sayang sih kalo ga masuk indonesia lagi",Gadgets,5
jangan asal beli nas ! ini 5 tips penting + rekomendasinya di 2025 !,Gadgets,5
siap-siap hp baru bakal makin mahal !,Gadgets,5
"laptop ringan , gak mahal , garansi super bagus lenovo ideapad slim 5 14akp10",Gadgets,5
lupain yang pro ! review oppo find x9 indonesia,Gadgets,5
lebih worth it dari ipad air ? review huawei matepad 12 x ( 2026 ),Gadgets,5
nyobain samsung galaxy z trifold ! tablet 10 inch bisa dikantongin,Gadgets,5
tablet android kecil paling bener ! lenovo legion tab gen 3,Gadgets,5
hp super kencang tapi apa pantas naik harga ?,Gadgets,5
sejutaan bisa lebih bagus dari airpods huawei freebuds 7i,Gadgets,5
review samsung galaxy tab s10 lite indonesia ketika samsung bikin tablet 4 jutaan baru,Gadgets,5
kamera yang ada smartphone-nya review vivo x300 pro indonesia,Gadgets,5
review iphone air setelah hampir 2 bulan produk gagal nih ?,Gadgets,5
smartphone oppo paling bagus yang pernah saya coba ! review oppo find x9 pro indonesia,Gadgets,5
tablet 4 jutaan paling worth it ? ! review redmi pad 2 pro indonesia,Gadgets,5
iphone yang terlalu pro ! review iphone 17 pro indonesia setelah 1 bulan,Gadgets,5
review samsung galaxy tab s11 ultra 5g indonesia - ( masih ) tablet android terbaik !,Gadgets,5
enggak pernah sebagus ini ! reviewnya asus rog xbox ally x indonesia,Gadgets,5
review samsung galaxy s25 fe setelah 1 bulan !,Gadgets,5
tablet pro gak sampe 6 juta ! review moto pad 60 pro indonesia,Gadgets,5
unboxing kesan pertama vivo x300 pro calon raja kamera( lagi ) ?,Gadgets,5
iphone terbaik tahun ini ! review iphone 17 indonesia,Gadgets,5
review realme 15 pro 5g setelah 1 bulan pakai,Gadgets,5
review xiaomi 15t indonesia seri yang sulit gagal !,Gadgets,5
review huawei watch gt 6 pro - smartwatch paling worth it saat ini,Gadgets,5
baterainya iphone air beneran jelek ?,Gadgets,5
unboxing kesan pertama iphone air !,Gadgets,5
unboxing dan kesan pertama iphone 17 pro cosmic orange !,Gadgets,5
tablet bagus yang gak banyak diomongin oppo pad 3 matte display edition,Gadgets,5
hands-on samsung s25 fe indonesia - ngomongin yang penting dalam 6 menit,Gadgets,5
iphone 17 mana bisa ! nyobain kamera huawei pura80 ultra indonesia,Gadgets,5
ngomongin iphone 17 pro dan iphone air yang baru !,Gadgets,5
hp lipat paling worth it ? ! review vivo x fold 5,Gadgets,5
kamera bagus bukan gimmick ! review vivo v60 indonesia,Gadgets,5
"tablet komplit , harganya irit ! huawei matepad 11,5 ( 2025 )",Gadgets,5
"samsung s25 edge baru 3 bulan , turun 5-7 juta ! gak laku ? ?",Gadgets,5
hp samsung paling cakep ! review samsung z flip 7 setelah 3 minggu,Gadgets,5
bye samsung watch ultra ? ? review samsung watch 8 setelah 2 minggu,Gadgets,5
review samsung galaxy z fold 7 setelah 2 minggu,Gadgets,5
bandingin kamera samsung z fold6 vs z fold7 indonesia emang beneran upgrade ? ! !,Gadgets,5
oppo reno gak pernah sebagus ini - review oppo reno 14 pro 5g indonesia,Gadgets,5
matepad pro terbaik yang pernah saya coba huawei matepad pro 12.2 ( 2025 ) terbaru,Gadgets,5
"unboxing sekalian bahas one ui 8 samsung z fold7 , z flip7 watch 8",Gadgets,5
samsung lipat paling tipis ! nyobain samsung z fold 7 yang baru !,Gadgets,5
6 jutaan dengan ai paling canggih ! review honor 400 5g indonesia,Gadgets,5
5 jutaan bagus banget ? ? ! review poco f7 indonesia setelah 2 minggu pakai,Gadgets,5
"dulu 9 juta , sekarang udah 4 jutaan ! samsung galaxy watch ultra setelah pake 6 bulan",Gadgets,5
"beneran flagship killer ? ? review realme gt 7 indonesia , 3 minggu pemakaian",Gadgets,5
review nintendo switch 2 worth it upgrade dari versi oled ? ?,Gadgets,5
tws open fit anti berisik huawei freebuds 6,Gadgets,5
juara kamera selfie review huawei nova 13 pro,Gadgets,5
sukses bikin saya lupa macbook nyobain asus rog zephyrus g16 2025,Gadgets,5
kesan pertama nyobain ios 26 yang baru !,Gadgets,5
5 jutaan auto buy review iqoo neo 10 indonesia,Gadgets,5
review samsung s25 edge lebih bagus dari s25 ultra ? !,Gadgets,5
review xiaomi 15 ultra pemakaian setelah 2 bulan dan software update penting,Gadgets,5
pegang langsung samsung galaxy s25 edge kesan pertama hp samsung yang tipis banget !,Gadgets,5
makin value deal ! review samsung galaxy tab s10 fe+ indonesia,Gadgets,5
vivo v50 vs samsung a56 5g mending beli yang mana ?,Gadgets,5
snapdragon 6 gen 4 pertama di indonesia ! - review realme 14 5g indonesia,Gadgets,5
unboxing dan nyobain samsung tab s10 fe+ indonesia,Gadgets,5
smartphone lipat paling puas ! review oppo find n5 indonesia,Gadgets,5
"nyaman dipakai , baterai awet banget review huawei freearc indonesia",Gadgets,5
smartphone paling keren saat ini ! huawei mate xt indonesia setelah 1 bulan pakai,Gadgets,5
samsung s24 fe vs samsung a56 5g - mendingan beli yang mana ?,Gadgets,5
hp 5g harga 2 jutaan yang pas ! review poco m7 pro 5g indonesia,Gadgets,5
lebih bagus daripada a56 ? ? review samsung a36 5g indonesia,Gadgets,5
calon hp favorit 2025 review samsung a56 5g indonesia,Gadgets,5
review ipad air m3 2025,Gadgets,5
review xiaomi 15 indonesia flagship kecil enggak pake nanggung,Gadgets,5
nyobain samsung galaxy a36 5g resmi indonesia lebih bagus dari a56 ? ?,Gadgets,5
"tahan banting , tahan beku ! hp oppo paling kuat yang pernah ada nyobain oppo a5 pro 5g indonesia",Gadgets,5
samsung galaxy a56 5g resmi indonesia unboxing dan kesan nyobain pertama kali,Gadgets,5
pilihan yang enggak pernah salah - review vivo v50 indonesia,Gadgets,5
ini bukan iphone murah ! review iphone 16e,Gadgets,5
lebih bagus dari z fold6 ? - nyobain huawei mate x6 indonesia !,Gadgets,5
bagus-bagus nih ! nyobain 5 produk terbaik honor indonesia,Gadgets,5
redmi paling komplit ! redmi note 14 pro+ 5g indonesia setelah 1 bulan pemakaian,Gadgets,5
"konsisten bagus , bagusnya konsisten ! review huawei band 10 indonesia",Gadgets,5
kesan pertama nyobain hp lipat tertipis di dunia ! oppo find n5 indonesia,Gadgets,5
"tablet pro , makin pro - ngomongin huawei matepad pro 13.2 papermatte edition",Gadgets,5
samsung yang terlalu nyaman - review samsung s25 ultra indonesia,Gadgets,5
apa aja sih bedanya ? ? samsung galaxy s23 ultra vs s24 vs s25 ultra,Gadgets,5
ngomongin one ui 7 di samsung galaxy s25 ultra apa aja bedanya sama one ui 6 ?,Gadgets,5
review mac mini m4 pro 2024 resmi indonesia !,Gadgets,5
hands-on nyobain samsung galaxy 25 ultra !,Gadgets,5
cuma buat yang suka samsung - review samsung galaxy a16 5g indonesia,Gadgets,5
review oppo reno13 5g indonesia,Gadgets,5
versi pro berasa ultra review vivo x200 pro indonesia !,Gadgets,5
speaker terbaik buat rumah estetik ! review samsung music frame indonesia,Gadgets,5
8 jutaan lebih dari laptop ? nyobain huawei matepad 12x indonesia,Gadgets,5
review iphone 16 pro setelah 3 bulan,Gadgets,5
beda 10juta++ mending pilih mana ? macbook pro m4 pro vs ipad pro m4,Gadgets,5
review samsung galaxy ring setelah 30 hari cincin canggih bikin males pake smartwatch,Gadgets,5
lebih dari iphone 16 pro review oppo find x8 pro indonesia !,Gadgets,5
performa terbaik gak pake mahal ! nyobain iqoo 13 resmi indonesia,Gadgets,5
kameranya gak main-main ! review huawei pura70 ultra resmi indonesia,Gadgets,5
"lupain iphone 16 pro , beli yang ini aja - ngomongin iphone 15 pro di 2024 !",Gadgets,5
"iphone 16 belum jelas , cobain yang ini aja ! review oppo find x8 indonesia",Gadgets,5
nyobain realme gt 7 pro indonesia,Gadgets,5
"tablet kecil terbaik , gak ada lawan review ipad mini 7 2024",Gadgets,5
"laptop ai , tipis banget , powerful beneran nyobain asus zenbook s 14 oled",Gadgets,5
tablet dengan fitur laptop ? huawei matepad 12x ( 2026 ),Gadgets,5
"ringan mampus , kentang gak ? tecno megabook s14",Gadgets,5
ini laptop atau . . ? ? ? lenovo yoga 7i 2-in-1 review ( 14ill10 ),Gadgets,5
find x8 ultra vs iphone 17 pro max - last cam standing ' 25 eps . 6 : season finale,Gadgets,5
predictably foldable paling laku . . kok bisa ? ? - bukan review galaxy z fold 7,Gadgets,5
harga meroket ! ! ! makin bagus ga ? - iqoo 15 review,Gadgets,5
"softwarenya maksimal , tapi hardwarenya . . . - samsung galaxy s25 fe",Gadgets,5
apa2an sih poco f8 ultra kameranya kok begini ? ! - pre-review,Gadgets,5
kamera sih top . hpnya sendiri hmm . . - review,Gadgets,5
gokil sih valuenya oneplus 15 ini !,Gadgets,5
ini opini gw tentang pixel 10 pro xl . bukan review . .,Gadgets,5
"anak yang hilang , telah kembali ! samsung galaxy tab s11",Gadgets,5
"fanboy aja sampai bosan - iphone 17 pro max , setelah 40 hari !",Gadgets,5
mr . all-rounder yang nyaris sempurna - oppo find x9 pro review,Gadgets,5
find x8 ultra vs x200 ultra vs pixel 10 pro xl vs pura 80 ultra - last cam standing # 5 2025,Gadgets,5
yang bikin tercengang dari kamera x300 pro,Gadgets,5
kembaran yang lebih value deal ! iqoo z10r,Gadgets,5
good bye 17 pro max - pindah ke iphone air !,Gadgets,5
apa yang ada di pikiran xiaomi ? - xiaomi iphone 17 pro max,Gadgets,5
inikah # kecilganas terbaik ? - vivo x300,Gadgets,5
smartwatch koq baterainya begini sih ? nyobain huawei watch gt 6 pro !,Gadgets,5
"hah , 6 jutaan ? hasil kamera realme 15 pro 5g seperti apa ?",Gadgets,5
moto pad 60 pro : bagus tapi serba kontradiktif !,Gadgets,5
3 rev main lenovo thinkpad t14s gen 6,Gadgets,5
calon legend ! kameranya gimana ? - xiaomi 15t pro,Gadgets,5
leica / hasselblad ? xiaomi 15 ultra vs oppo find x8 ultra - last cam standing ' 25 eps # 4,Gadgets,5
upgrade sekaligus downgrade ? test drive google pixel 10,Gadgets,5
kamera iphone harusnya lewat ! - pura 80 ultra,Gadgets,5
kalah tipis . kalah ringan . menang esensi - vivo x fold 5 review,Gadgets,5
"mainstream banget , enthusiasts minggir dulu ! - samsung galaxy z flip 7 review indonesia",Gadgets,5
# teampixel berjaya ? - google pixel 10 pro xl hands on,Gadgets,5
upgrade-nya ok ! tapi sayangnya . ... - review vivo v60,Gadgets,5
vivo x200 pro vs xiaomi 15 ultra - last cam standing ' 25 eps # 3,Gadgets,5
ketika harga bikin mumet - tecno pova 7 ultra,Gadgets,5
"70 % main , 30 % kerja - legion 5i gen 10 15irx10",Gadgets,5
ini ultra terbaik versi gw - oppo find x8 ultra review,Gadgets,5
indo powaaah ! - polytron luxia pro ultra 5,Gadgets,5
duel 2 midrange mahal ! motorola edge 60 pro vs oppo reno 14,Gadgets,5
juara dxo mark ! icip huawei pura 80 ultra,Gadgets,5
tws 1 jutaan rasanya seperti apa ? kurang ? biasa ? atau bagus ? soundcore liberty 5,Gadgets,5
vivo x200 pro vs galaxy s25 ultra - last cam standing ' 25 eps # 2,Gadgets,5
ada² aja kelakuan nothing phone 3 ini . .,Gadgets,5
sejuta lebih tinggi dari ekspektasi gw . oppo reno 14 pro bagus ?,Gadgets,5
main fisik ! galaxy z fold 7 flip 7 impresi awal,Gadgets,5
semakin sulit sony ini . . sony xperia 1 vii review,Gadgets,5
harga 7 juta ! honor 400 bisa atraksi apa sih ?,Gadgets,5
"galaxy s25 edge , modal tampang doang ?",Gadgets,5
"pindah dari macbook pro ke macbook air m4 , rasanya apa ?",Gadgets,5
poco f7 5.6jt ! harga gila ! ada something²nya gak nih ?,Gadgets,5
photography kit vivo x200 ultra beneran extreme !,Gadgets,5
galaxy tab s10 fe+ : turun harga jadi lebih menarik,Gadgets,5
mahal ! tapi . . - realme gt 7 dream edition,Gadgets,5
gemini si tour guide dan travel planner gemini live feat . galaxy s25 ultra,Gadgets,5
keren xiaomi bisa bikin soc flagship sendiri ! kita icip ! - xring o1 di xiaomi 15s pro,Gadgets,5
"kenceng , tahan lama , walau . . - iqoo neo 10",Gadgets,5
"party-nya di mana , sony-nya di mana . . - sony xperia 1 vii pre review",Gadgets,5
yang lebih terjangkau ngeri juga - realme gt 7t,Gadgets,5
smartwatch paling value deal ? huawei watch fit 4 fit 4 pro review,Gadgets,5
yang pro lebih pas - poco f7 pro,Gadgets,5
nambah 1 jutaan harusnya menang semua . . tapi . . - tecno camon 40 pro 5g feat camon 40,Gadgets,5
buat yang anti pocin ! google pixel 9a feat . galaxy a56 ( shot on x200 ultra ),Gadgets,5
cukup android 2 jutaan buat ngegas iphone 12 jutaan - iphone 16e feat.tecno camon 40,Gadgets,5
nothing phone 3a pro - ini baru bener !,Gadgets,5
oppo find n5 jualan design . serius designnya top !,Gadgets,5
raja ratu ultra 2025 ? - vivo x200 ultra oppo find x8 ultra first impression,Gadgets,5
begini realitanya snapdragon x laptop !,Gadgets,5
huawei pura x - emang gagah berani huawei ini,Gadgets,5
last cam standing ' 25 eps . 1 : oppo find x8 pro vs vivo x200 pro,Gadgets,5
seorang apple fanboy pake galaxy s25 ultra 1 bulan penuh . . happy atau zonk ?,Gadgets,5
9.6jt ! poco f7 ultra review indonesia ! - feat . iqoo 13,Gadgets,5
sharp aquos r9 pro vs xiaomi 15 ultra - komparasi yang lucu . .,Gadgets,5
tecno camon 40 kayaknya salah harga deh . . - review indonesia,Gadgets,5
"kecil , kamera ganas ! - xiaomi 15 review kamera",Gadgets,5
lenovo thinkpad p14s gen 5 quick review !,Gadgets,5
6 jutaan ! ini impresi gw - samsung galaxy a56 5g,Gadgets,5
gaming maksimal ! tapi 17jt ? ! sulit gak nih ? - review rog phone 9 pro,Gadgets,5
"makin premium , dengan esensi yang masih sama - review vivo v50",Gadgets,5
kamera foldable terbaik ? review huawei mate x6,Gadgets,5
xiaomi 15 ultra kameranya sadis ! ( tapi . . ) - review,Gadgets,5
"super ringan , extra pintar - review snapdragon x di asus zenbook a14",Gadgets,5
hape 3 jutaan paling aman ? review poco x7 5g,Gadgets,5
honor magic v3 review ! resmi indonesia ! hardware sih kece . . software ?,Gadgets,5
"durabilitas top banget , ada kompromi - honor x9c quick review",Gadgets,5
problem laptop lo gw jawab !,Gadgets,5
poco x7 pro keterlaluan . . - review,Gadgets,5
"yang pro semakin pro , tapiii - review huawei matepad pro 13.2 ( 2025 )",Gadgets,5
flagship basic terdabes ? tunggu dulu - review vivo x200,Gadgets,5
"unik ! sayang banyak "" tapi "" nya - nubia z70 ultra review",Gadgets,5
ternyata samsung galaxy s25 ultra begini toh !,Gadgets,5
4.4jt ! masih bisa dibilang king midrange ? - redmi note 14 pro 5g review,Gadgets,5
"honor bakal sekedar lewat , atau kasih impact ?",Gadgets,5
vivo x200 pro review - kamera goks ! hpnya sendiri gimana ?,Gadgets,5
tablet ringan dengan fitur ala laptop ? huawei matepad 12x review,Gadgets,5
honor magic 7 pro solid . yaudah gitu . .,Gadgets,5
iphone 16 pro max vs vivo x100 ultra - last cam standing 2024 ! pemenangnya adalah . .,Gadgets,5
tips simple moto pake kamera hp midrange ! - feat . redmi note 13 pro 5g,Gadgets,5
durabilitas realme c75 valid ? + impresi,Gadgets,5
"7 bulan , banyak update , kameranya gimana ? ? - huawei pura 70 ultra indonesia",Gadgets,5
lebih rekomen oppo find x8 daripada yang pro ? ! kok bisa ?,Gadgets,5
"bagus , value deal , 1 kekurangan ! ! - iqoo 13 review",Gadgets,5
poco f8 ultra vs iqoo 15 : pilihan sulit . .,Gadgets,5
pulang kampung bawa iphone 17 pro max,Gadgets,5
rasanya seharian pake hp huawei di 2025,Gadgets,5
cobain hp terkencang 2025 !,Gadgets,5
"maaf gw salah , brand motorola ini diluar dugaan",Gadgets,5
"nolak iphone , istri malah pilih samsung",Gadgets,5
samsung galaxy z trifold : hp lipat 3 !,Gadgets,5
"iqoo 15 : semua upgrade , termasuk harga !",Gadgets,5
seberapa jago tecno bikin tablet ? megapad 11,Gadgets,5
vivo x300 pro : satu kata . . . tangguh !,Gadgets,5
"iphone air : awalnya cinta , akhirnya . .",Gadgets,5
apa kabar sony ?,Gadgets,5
coloros 16 : os android terfavorit ?,Gadgets,5
foto video tambahan xiaomi 17 pro max,Gadgets,5
xiaomi 15t pro : flagship kok terjangkau ?,Gadgets,5
hp titisan poco f8 ultra,Gadgets,5
oppo niat banget sama hp ini - oppo find x9,Gadgets,5
hyperos 3 : ios versi android ?,Gadgets,5
samsung galaxy tab s11 : bikin betah !,Gadgets,5
iqoo z10r : hp 3 jutaan rasa 5 juta,Gadgets,5
iphone 17 : keraguan gw terjawab !,Gadgets,5
originos 6 penantang kuat ios one ui,Gadgets,5
awalnya gak yakin huawei watch gt 6 pro tahan 21 hari,Gadgets,5
suka duka pake samsung s25 fe,Gadgets,5
xiaomi 17 pro max : lebih baik dari iphone ?,Gadgets,5
"lupakan vivo v60 , mending lite 5g ?",Gadgets,5
iphone 17 pro review setelah 12 hari,Gadgets,5
kepoin calon chipset xiaomi 17 pro,Gadgets,5
suka duka pake xiaomi 15t,Gadgets,5
hemat 5 juta ! mending iphone air atau samsung s25 edge,Gadgets,5
apple comeback ? iphone 17/pro/air,Gadgets,5
lebih baik walau mirip ! samsung s25 fe vs s24 fe,Gadgets,5
sejago apa poco bikin hp 1 jutaan ? poco c85,Gadgets,5
apple mulai berbenah ! iphone 17 pro,Gadgets,5
"suka duka pake oppo reno 14 pro , kemahalan",Gadgets,5
samsung galaxy s25 fe : apa yang baru ?,Gadgets,5
7000 mah + telephoto ! redmi note 15 pro+,Gadgets,5
suka duka pake vivo x fold5,Gadgets,5
harga naik makin sempurna ? vivo v60,Gadgets,5
google pixel 10 ini bikin apple fanboy goyah,Gadgets,5
sekuat apa hp badak poco m7 ?,Gadgets,5
bisa apa iphone 15 di 2025 ?,Gadgets,5
"beda 2,7jt pilih iphone 15 atau iphone 13 ?",Gadgets,5
suka duka pake samsung z fold 7,Gadgets,5
keseruan vlog pake nothing phone 3,Gadgets,5
ketika oppo serius menantang poco f7,Gadgets,5
one ui 8 emang ada berubah ?,Gadgets,5
udah beli poco f7 tapi iphone 13 bekas menggoda ?,Gadgets,5
gw cobain hp flagship paling aneh ? nothing phone 3,Gadgets,5
buktiin keluhan netijen tentang xiaomi 15,Gadgets,5
pilihan gampang ! poco f7 vs samsung a56,Gadgets,5
keseruan vlog pake vivo x200 fe,Gadgets,5
bisa apa hp termahal samsung 2025 ? galaxy z fold7,Gadgets,5
suka duka pake poco f7,Gadgets,5
suka duka pake honor 400,Gadgets,5
tablet murah xiaomi bisa apa ? redmi pad 2,Gadgets,5
vivo x200 fe : hp compact idaman,Gadgets,5
bingung poco f7 atau x7 pro ? ini jawabannya !,Gadgets,5
poco f7 vs iqoo neo 10 : siapa king-nya ?,Gadgets,5
honor 400 pro ini terlalu canggih,Gadgets,5
keseruan vlog pake vivo s30,Gadgets,5
calon vivo v60 ini jangan dilewatin,Gadgets,5
review samsung s25 edge - susah direkomen ?,Gadgets,5
perjuangan berat habisin baterai iqoo z10 !,Gadgets,5
ini penantang poco f7 iqoo neo 10,Gadgets,5
"daripada beli , gw sewa hp di singapura - ini ceritanya . .",Gadgets,5
cobain flagship samsung yang gak laku samsung s25 plus,Gadgets,5
ini oppo reno 14 yang kurindukan,Gadgets,5
poco x7 pro punya lawan infinix gt 30 pro,Gadgets,5
mendingers cobain samsung s25 edge,Gadgets,5
apakah ini hp hidden gem ? honor 200 pro,Gadgets,5
bisa apa iphone 13 di 2025 ?,Gadgets,5
kenapa samsung berani jual s25 edge ?,Gadgets,5
keseruan vlog pake tecno camon 40 pro 5g,Gadgets,5
brand yang gak pernah stop sedekah ! tecno camon 40 pro 5g,Gadgets,5
"beda 400rb , mending realme 14 dari poco x7 pro ?",Gadgets,5
apakah iphone 13 lebih baik dari hp samsung ini ?,Gadgets,5
semua akan iphone pada waktunya . . honor 400 lite 5g,Gadgets,5
iya . . ini raja kamera hp t3rgil4 ! vivo x200 ultra,Gadgets,5
keseruan vlog pake vivo x200 ultra,Gadgets,5
upgrade parah ! titisan poco f7,Gadgets,5
vlog pake infinix note 50 pro+ 5g,Gadgets,5
gue kaget cobain infinix note 50 pro+ 5g,Gadgets,5
mencari snapdragon 8 elite terbaik,Gadgets,5
hp impian para gamer ! redmagic 10 pro,Gadgets,5
"ketika google serius bikin hp "" murah "" pixel 9a",Gadgets,5
dibalik video pixel 9a,Gadgets,5
katanya iqoo 13 lebih baik dari poco f7 ultra ?,Gadgets,5
suka duka pake poco f7 pro,Gadgets,5
"beda 200rb , mending xiaomi 14t apa samsung a56 ?",Gadgets,5
"lupakan ultra , mending poco f7 pro ?",Gadgets,5
suka duka pake samsung a56,Gadgets,5
inikah hp 2 jutaan poco terbaik ? poco m7 pro 5g,Gadgets,5
pilihan gampang samsung a56 vs vivo v50,Gadgets,5
"lupakan samsung a56 , mending s24 fe",Gadgets,5
hp monster poco f7 ultra,Gadgets,5
"hemat sejuta , mending samsung a36 dari a56",Gadgets,5
"harga naik , lebih baik ? samsung a56",Gadgets,5
"7,5 juta ! ! tablet flagship xiaomi pad 7 pro",Gadgets,5
pilihan gampang ! iphone 16e vs samsung s24 fe,Gadgets,5
hampir aja kehabisan makanan legend ini ! !,Food,4
rela menempuh ribuan kilometer cuma demi makan ini lagi ! !,Food,4
ternyata ini dia pelopor tahu sumedang pertama di dunia ! !,Food,4
setelah ganti menu ini langsung jadi laris ! !,Food,4
"sarapan asli bandung , lontongnya jumbo banget ! !",Food,4
warung sepanjang pantai ini semuanya cuma jual 1 jenis makanan ! !,Food,4
kalap pesen semua lauk di pecel lele express ini ! !,Food,4
nex carlos nekat makan daging rusa di pinggir jalan ! !,Food,4
hah ? ? makanan ini ada kuping tikusnya ? ? ! !,Food,4
"gokil ! ! dari umur 6 sampe 71 tahun , bapak ini tiap hari makan di sini ! !",Food,4
gokil ! ! satu kampung jualan pempek harganya cuma seribuan ! !,Food,4
ibu penjual rawon ini sampe ketiduran nungguin pembeli,Food,4
jualan 24 jam gak pernah tutup sejak 1947 ! !,Food,4
papeda terbang viral dari kampung sepakbola ! !,Food,4
gak nyangka mie ayam legend ini awalnya cuma jual di kaki lima ! !,Food,4
"jualan ngumpet di gang 2,5 jam udah ludes ! !",Food,4
seru banget nangkap ikan sendiri di teluk ambon buat dibakar ! !,Food,4
"warungnya sama , tapi siang malem rasanya beda ? ?",Food,4
"banyak menu habis , tapi gak nyesel makan di sini ! !",Food,4
kaget ! ! warung ini jual steak murah banget ! ! with @nopeknovian27,Food,4
traktir ob driver kantor makan makanan jepang ! !,Food,4
bapak ini cuma jualan 1 jenis makanan dari tahun 1970 ! !,Food,4
gokil ! ! padahal barusan buka tapi udah mau abis ! ! with @nopeknovian27,Food,4
jauh-jauh ke new york cuma buat makan pecel ? !,Food,4
kok nama makanan ini gak sesuai sama rasanya ? ?,Food,4
ternyata ini yang bikin warung nasi uduk ini bertahan lebih dari setengah abad ! !,Food,4
gak ada plang nama tapi kalo mau makan musti nunggu sampe 1 jam ! !,Food,4
sehari laku 5000 tusuk ! ! sampe nambah saking enaknya ! !,Food,4
"nasi goreng favorit gw , gak ada yang jual di jakarta ! !",Food,4
nex carlos makan ular piton khas dayak ! !,Food,4
makan di sini boleh nambah sambel sepuasnya ! !,Food,4
rumah makan harga mahasiswa dengan view indah tepi sungai ! ! feat . @hobbymakan,Food,4
balik lagi makan nasi telor ayong 999 yang makin rame ! !,Food,4
sampe nambah 4 kali saking enaknya ! !,Food,4
nemu hidden gem bakso enak di komplek perumahan ! !,Food,4
cuma kebagian lauk sisa tapi semuanya enak ! !,Food,4
mau makan malah ditawarin beli peti mati ! !,Food,4
ayam bakar 3 potong cuma 10 ribu ? ? ! ! wahh murah banget ! !,Food,4
brutal banget nasi goreng ini toppingnya gak abis-abis ! !,Food,4
"warung makan ini bikin kaget ! semua makanan enak , auto balik lagi ! !",Food,4
jual mie ayam bakso cuma 4 ribu tapi bisa beli tanah buat 6 anaknya ! !,Food,4
makanan gak ada obat ini bikin nex pengen investasi lagi ! !,Food,4
nemu makanan enak di tengah ladang jagung ! !,Food,4
nex hampir pingsan pas tahu harga gudeg cuma 13 ribu ! !,Food,4
makan sampe ke dalem rumah penjualnya sambil nobar bola ! !,Food,4
porsinya brutal banget ! ! sebanyak ini sampe menggunung ! !,Food,4
bertahan jualan 36 tahun meskipun gak ada namanya ! !,Food,4
mau makan bubur malah dikasi b000m ? ! !,Food,4
"jarang banget yang jual , apakah makanan ini cuma ada di sini ? ?",Food,4
mencari ayam goreng enak yang jadi perdebatan di grup whatsapp ! !,Food,4
amoi cantik penjual choipan ini bikin salfok men !,Food,4
bantai habis semua lauk yang tersisa disini ! !,Food,4
berburu bakso di singkawang ! !,Food,4
lagi enak-enak makan malah ada yang berantem ! !,Food,4
bubur diaduk vs tidak diaduk ? ? bubur yang ini digunting men ! !,Food,4
"jualan sejak 1988 , nasi kukus ini paling terkenal di wuhu , china ! !",Food,4
dilabrak pas lagi makan bakso sama gjls ! !,Food,4
mie ayam topping brutal ini udah jualan hampir 40 tahun ! !,Food,4
jualannya ayam geprek tapi yang laku malah kwetiau ! !,Food,4
ngajakin catheez makan tahu busuk di resto berumur 138 tahun ! !,Food,4
warung sate pinggir jalan yang antriannya sepanjang jalan ! !,Food,4
"terpaksa buka topeng karena diajak makan , ternyata ini wajah asli om mobi ! ! @ommobi @fitraeri",Food,4
dari tahun 1947 sudah jualan ngumpet di dalam pasar ! !,Food,4
kalap makan street food di china ! !,Food,4
ternyata penjual bakso legend ini mantan anggota grup jaman dulu ! !,Food,4
jualan masak pake mobil dari tahun 1982 ! !,Food,4
apa bener ini ayam goreng ter-enak di bandung ? ?,Food,4
bantai sop buntut oseng super pedes ! !,Food,4
jualan gak pernah pindah tempat karena fengshui-nya ada disini ! !,Food,4
makanan wajib para pejabat kalo lagi ke bandung ! !,Food,4
koko ini jualan mie sambil ngasih ilmu buat yang baru mualaf ! !,Food,4
bobon buka restoran baru ! ! dari mana asal dananya ?,Food,4
soto betawi legend langganan para artis ini ternyata udah pindah lokasi kesini ! !,Food,4
cuma bawa uang 1000 udah bisa beli makan disini ! !,Food,4
penemuan salah satu gado-gado terbaik di bumi indonesia ! !,Food,4
"awalnya ngajak makan , akhirnya ngajak login ! !",Food,4
nasi goreng pake kopi ? ! masakan ini terlalu out of the box ! !,Food,4
ngabuburit sambil podcast di kantornya raditya dika ! !,Food,4
orang pada rela antri buka puasa disini ! !,Food,4
gak rugi naik mobil sampe malang kalo makanannya gak ada obat gini ! !,Food,4
yang lagi mudik musti cobain makan ke sini ! !,Food,4
nex carlos ngabuburit jadi penjaga warteg ! ! !,Food,4
mencari makanan enak sepanjang jalur mudik sampe surabaya ! ! part 1,Food,4
makanan apa ini ? ? kok pake jemb ? ? !,Food,4
ngabuburit bersama rigen berburu takjil ! ! !,Food,4
legend ! ! warung di gang ini ternyata sudah jualan sejak tahun 1950-an ! !,Food,4
"banyak banget lauknya , sampe bingung mau makan apa ! !",Food,4
seafood gerobakan cuma 5.000 rupiah ! ! ! gak heran sehari bisa habis 3 kwintal ! ! !,Food,4
makan angkringan 24 jam ditengah rel kereta yang masih aktif ! ! !,Food,4
20 tahun lebih jualan di emperan toko ! !,Food,4
bantai kaki sapi raksasa ! ! sehari habis ratusan potong ! !,Food,4
"baru aja makan disini , eh besoknya malah digusur ! !",Food,4
enak banget tapi jualannya ngumpet di dalem pasar ! !,Food,4
youtuber ini dimarahin sama penjualnya gara-gara,Food,4
bebas ambil sendiri 50 jenis lauk disini ! !,Food,4
"jualan bubur sampe 24 jam , 500 porsi ludes dalam sehari ! !",Food,4
gak berhenti ngunyah makan sate pake nasi kuning dan ketan ! !,Food,4
akhirnya nex beneran investasi republik seafood dari sorong papua ! !,Food,4
baru kali ini cobain makan mie kocok tapi pake topping ayam kampung ! !,Food,4
mantan karyawan berani jualan di deket warung mantan bosnya ! !,Food,4
menggila di selangor,Food,4
"exploring jonker : snacks , street art , night market",Food,4
menggila di malacca,Food,4
jajanan kampus ui depok,Food,4
depok street food,Food,4
seru-seruan di depok,Food,4
rica-rica bebek pedas # 03,Food,4
kuliner ikonik ambarawa # 02,Food,4
menggila di ambarawa # 01,Food,4
3 warteg favorit di bogor,Food,4
jajan santai di bogor,Food,4
jajanan menjelang akhir 2025,Food,4
jajanan pasar bintaro,Food,4
jajanan pasar glodok,Food,4
gemblong dan tempe mendoan,Food,4
menggila di vientiane # 03,Food,4
things to do and eat in luang prabang # 02,Food,4
"menggila di luang prabang , laos # 01",Food,4
midnight food runners # 19,Food,4
a new taste of taipei # 18,Food,4
miaokou night market # 17,Food,4
menggila di keelung # 16,Food,4
zhongli night market # 15,Food,4
menggila di taoyuan # 14,Food,4
medan food diaries : my top 6 picks,Food,4
menggila di medan # 01,Food,4
menggila di balikpapan,Food,4
jajanan pasar 8 alam sutera,Food,4
makanan pedas di jakarta,Food,4
gorengan favorit,Food,4
my favorite korean food,Food,4
jajanan di kampus uph,Food,4
jajanan di kampus binus alsut,Food,4
napak tilas kehidupan kampus ria sw,Food,4
gultik time with jackson wang,Food,4
kuliner magelang,Food,4
kuliner muntilan,Food,4
spicy food in phnom penh # 03,Food,4
cambodian street food # 02,Food,4
menggila di cambodia # 01,Food,4
"my comfort food , 2024",Food,4
"my top 3 sego tempong , banyuwangi # 03",Food,4
makanan legendaris di banyuwangi # 02,Food,4
menggila di banyuwangi # 01,Food,4
camilan favorit 2024,Food,4
my favorite chicken in singapore horror nights with netflix sweet home + team jackson wang,Food,4
the world of studio ghibli in singapore,Food,4
crayon shinchan experience : food beverage in kuala lumpur,Food,4
spicy seafood in kuala lumpur # 12,Food,4
night food street in manado # 02,Food,4
menggila di manado # 01,Food,4
menggila di popland beijing # 08,Food,4
muslim snack street in beijing # 07,Food,4
menggila di beijing # 06,Food,4
the best scenic hotpot in chongqing # 05,Food,4
menggila di chongqing # 04,Food,4
( accidentally not ) street food in shanghai # 03,Food,4
delicious halal food in shanghai # 02,Food,4
menggila di shanghai # 01,Food,4
austrian street food,Food,4
menggila di vienna,Food,4
dutch street food,Food,4
menggila di amsterdam - my bucket list # 2,Food,4
french street food,Food,4
"my bucket list # 1 : the life of van gogh , paris",Food,4
hello = ),Food,4
get lost in kichijoji,Food,4
"coldplay concert in tokyo dome , 2023",Food,4
nightlife in alacati # 06,Food,4
menggila di alacati # 05,Food,4
the largest bazaar in istanbul # 04,Food,4
the most unique and iconic turkish food # 03,Food,4
turkish street food # 02,Food,4
"menggila di turkiye , istanbul # 01",Food,4
george town street food # 11,Food,4
top 3 nasi kandar nasi lemak in penang # 10,Food,4
penang night market # 09,Food,4
giant noodles in penang # 08,Food,4
taiping street food # 07,Food,4
menggila di taiping # 06,Food,4
behind the scene of sri lanka's vlog,Food,4
from kandy to galle # 08,Food,4
the best egg hopper in kandy # 07,Food,4
menggila di kandy # 06,Food,4
hello sigiriya # 05,Food,4
the sacred city of anuradhapura # 04,Food,4
pettah market # 03,Food,4
sri lankan street food # 02,Food,4
menggila di sri lanka # 01,Food,4
pontianak authentic food # 02,Food,4
hello pontianak # 01,Food,4
"pasar hongkong , singkawang # 02",Food,4
menggila di singkawang # 01,Food,4
ayam pinang favorit,Food,4
one day trip to taipa village # 02,Food,4
menggila di macau # 01,Food,4
nightlife in hong kong # 04,Food,4
hong kong street food # 03,Food,4
best market place in hong kong # 02,Food,4
menggila di hong kong # 01,Food,4
indomie mie nyemek ala jogja rasa rendang ! jadi indomie paling absurd ?,Food,4
ceker terpedas di jakarta ? ! lambung gue sampe merinding !,Food,4
family mart jual bento cuma rp 18 ribu ? ? ! paling worth it ?,Food,4
seporsi ayam pak gembus di sini rp 68rb ! ! kok bisa si ? ?,Food,4
penjual anti kritik ! jual ketan susu dan bubur bau rokok ? ! gak kuat gua ! ! - sad food,Food,4
mie instan paling worth it sepanjang masa ! murah dan bisa enak gini gileee,Food,4
ayam penyet dengan sambel paling sadis ! ! ayamnya sampe gak keliatan !,Food,4
bento paling laris di ojol ! ! lebih enak dari h kben ? !,Food,4
mie carbonara level maksimal ! ! lidah kebas dan lambung auto resign ! - pedas hanya ilusi,Food,4
nyoba rekomendasi subscriber ! lidah gue kebakar makan iga bakar mercon raksasa !,Food,4
seafood rating terburuk ! ! customernya sampe muntah-muntah ! - sad food,Food,4
nyobain pecel lele lela ! restonya masih ada ! ! masih seenak dulu gak ya ? ?,Food,4
ade rai jual nasi kebuli +ayam guling free refill cuma 20 ribuan ! tapi enak ga ya ? !,Food,4
nyobain mie instan paling murah di alfamart ! ternyata enak ? ?,Food,4
suara konsumen buat ayam becek legendaris jonathan liandi - sorry bro . . . .,Food,4
penjual ini bikin indomie aja gagal ? ! nyobain makanan terburuk dari rekomendasi subscriber -sad food,Food,4
tretan muslim jualan bebek matcha dan ayam arab ? ! sad food ga ya ?,Food,4
jauh-jauh ke wakanda buat makan warteg ! seporsi hampir 100 ribu ! !,Food,4
mau bantu umkm malah dapet makanan sad food ? ! nasi kebulinya bau ? ! - zero star,Food,4
suara konsumen untuk oseng endok ello mg ! saingan dadar beredar ?,Food,4
richeese jualan steak ! malah jadi sad food ? !,Food,4
gak kuat makan ramen level 100 jonkira ! ramen paling pedas yang pernah gue makan ? - pedas hanya ilusi,Food,4
saingan gacoan ! pake daging asap super pedas ! enak gak ya ?,Food,4
jadi salah satu ayam goreng terenak versi gue ? ! unik banget pake bumbu pindang !,Food,4
review jujur mie boncabe chili oil baru ! zonk ? !,Food,4
pesen menu yang jarang di pesan di bebek kaleyo ! ada tumis buaya !,Food,4
"suara konsumen untuk aylo , usaha baru okin ! zonk gak ya ?",Food,4
"suara konsumen untuk resto barunya nunung vicky prasetyo , zonk gak ya ?",Food,4
martabak bau amis dan benyek ? ! ini dia martabak dengan rating terburuk ! - sad food,Food,4
"bebek madura prasmanan ? ! bumbu madura , sambal , nasi boleh sepuasnya ? !",Food,4
bakmi porsi tukang gali rating tinggi ! 30 ribuan sampe mangkok penuh ! worth it ?,Food,4
iseng nyobain tempat bakso yang sepi ! ternyata baksonya ngeri banget !,Food,4
gokil ! ayamnya sampe ketutupan cabe ijo ! di sini free refill sampe kenyang coy !,Food,4
"gue gak kuat makannya ! ! mie ayam rating terendah , basi semua ? ! - sad food",Food,4
hampir tumbang makan ramen level 100 ! bukan buat manusia ini makanan !,Food,4
burger prindavan rating 0 ! segede gini cuma 20 ribuan ! zonk gak ya ? !,Food,4
cfc nekat jual nasi telur ? ! worth it gak sih 14 ribuan ? !,Food,4
pecel ayam rating tinggi di jakarta ! tapi kok sambelnya gini ya . . . .,Food,4
menu baru bakmi gm ! nasi goreng kecombrang ! zonk gak ya ?,Food,4
gila ! penjual ini konsisten jual dimsum basi ! gue ga kuat makannya ! - sad food,Food,4
gila ! nekat pesen level mentok di mie new mind punya bossman mardigu ! gue gak kuat ? !,Food,4
buset ! makan di warteg mewah cuma 12 ribu aja dah kenyang ? !,Food,4
serius ? ! nasi goreng 60 ribu di blok m . .. . worth it gak sih ? !,Food,4
chef juna jual nasi ayam 55 rb ! khusus cowok sigma ? !,Food,4
"gila ! 35 ribu dapet nasi ayam + sambel free refill , viral se blok m !",Food,4
review mie momogi ! ! rasanya kureng banget ? !,Food,4
bakso urat hitam porsi brutal ! banjir cabe dan sambel ! kuat ga ya gua,Food,4
pangsit pedas rating terburuk ! ini pedas hanya ilusi x sad food ! !,Food,4
burger rating 0 ! kualitasnya zonk banget ? ! - zero star,Food,4
rm padang ini punya sertifikasi asli minang ! tapi kok rasanya . . ..,Food,4
nasi goreng porsi brutal murah ! ! tapi kok rasanya gini ? !,Food,4
gila ! yoshinoya jual nasi telur hampir 100rb !,Food,4
gak kuat ! mie paling pedas yang pernah gue makan ! ! lambung gue sampe kenceng ! !,Food,4
nekat makan sate taichan yang katanya pake daging busuk ! - sad food,Food,4
nasi telor gini dijual 19 ribu ! gue review jujur usaha subscriber !,Food,4
salah satu kebab terenak versi gua ! belum viral !,Food,4
ngeri amat ! mie instan ini beneran pake cabe + daging asli ! ! brand sebelah ketar ketir ?,Food,4
nekat coba seblak tanpa rating ! enak apa malah keracunan nih ? !,Food,4
jualan nasi telur 15 ribu ! tapi bikin lidah kebakar ! berani coba ? !,Food,4
indomie rasa spaghetti ! inovasi brilian atau blunder ?,Food,4
cuma segini ? ! bebek goreng harga 40ribu kok rame banget ? !,Food,4
soto busuk ? ! daging dan kuahnya bau busuk ? ! gila gue ga kuat . .. . - sad food,Food,4
apaan lagi ini ? ! nasi goreng instan kemasan ? ! kayak nasi goreng beneran ? !,Food,4
sate segede gaban gak bisa masuk 1 suap ! harga 15 ribu ! worth it ? ?,Food,4
indomie harga 35 ribu ! ! pake brisket ! worth it gak sih ?,Food,4
nasi bakar harga 10 rb ! tapi kok isinya . . . sad food ? ? ? ! - zero star,Food,4
nasi telor paling brutal di depok ! abangnya sampe gak berenti ngocok telur !,Food,4
nyobain warung makan sepi pembeli ! ternyata satenya alot ? ! gak worth it ? ! - sus food,Food,4
bener-bener full sama cabe ! baksonya gak kemakan ? ! bakso paling pedas se tangerang ? !,Food,4
pedesnya gak manusiawi ! lidah sampe kebakar gara-gara ayam ini ! - pedas hanya ilusi,Food,4
burger ketumpahan keju harga 65 ribu ! layak ga sih ?,Food,4
"resto rating 1,6 ini bikin sate padang pake spaghetti bolognese ? daging amis gakk layak makan ? !",Food,4
"nyobain makanan dari astro , harga 50 ribu zonk atau gak nih ? !",Food,4
"ayam bakar ini gila ! rating 4,9 / 5,0 dan nasi sepuasnya ? ! !",Food,4
bakso paling favorit di depok ! cuma 20 ribu udah dapet bakso urat dan bakso telur ! worth it ga ya ?,Food,4
ayam pak gembus level terpedas ! ! sampe bayar extra buat makan level ini ! gue gak kuat ? !,Food,4
indomie rasa baru ! ! mie bangladesh ! rasanya seaneh itu ? !,Food,4
bikin trauma ! parunya di sini bau dan lengket ! ayamnya juga asem ! - sad food,Food,4
ramen 80 ribu ! worth it ? ? ! kuahnya gak masuk akal . . . !,Food,4
richeese jual pizza pedas sampe level 5 ? ! ada yang berani coba ? ?,Food,4
ketipu resto terburuk ! rp 20rb cuma dapet bakwan kecil ! nasi uduknya juga gak layak jual !- sad food,Food,4
ini gila ! ! mulut gue kebakar makan ayam blenger psp level 10 !,Food,4
mie ayam pake dendeng batokok ! orang padang marah lihat ini ? !,Food,4
porsi monster ! ! bakmi halal tergokil pake bebek peking !,Food,4
gede banget ! ! sate kulit paling sadis di bekasi !,Food,4
lidah gue melepuh ! ramen bon cabe level 50 gak masuk akal ! - pedas hanya ilusi,Food,4
"ayam geprek tergokil ! ! 25k boleh ambil nasi , lalap es teh sepuasnya ! auto begah coy !",Food,4
mie aceh hits jakarta ini layak dapet rating tinggi ? ! beneran enak kah ?,Food,4
sumpah jijik banget ! review makanan terjorok ! ratingnya cuma 2 / 5 ! ! banyak bulu dan bau !,Food,4
burger ini underrated ? ! kok gak ada yang beli ya ? gue cobain sendiri !,Food,4
baru 1 suap lidah langsung keram ! cimol dan otak-otak makaroni ngehe level tergila !,Food,4
nasi ayam rp 30 ribuan porsinya penuh banget ! cocok buat mahasiswa dan anak kost !,Food,4
resto terburuk ini jual seafood gak fresh ? ! udang masih ada t i nya ! - sad food,Food,4
mie kari termurah yang gue temuin ! masih jarang yang tau !,Food,4
ayam rose tteokbokki richeese ! cuma gimmick doang ? !,Food,4
bobon santoso jual nasi kulit 35rb ? ! worth it atau b aja ? - suara konsumen,Food,4
rating 4.5 ! kwetiau ini ngeri coy ! jarang yang tau !,Food,4
indomaret jual nasi padang ? ! rasanya gak masuk akal ? !,Food,4
nasi goreng terparah 2025 ? ! dagingnya bisa buat latihan gigi ? !,Food,4
viral di tiktok ! kulit ayam chili oil ini beneran seenak itu ? !,Food,4
makes you drool traveling traces of taste beauty of tawangmangu ( episode 64 ),Food,4
make a bitch travel culinary in ponorogo ( episode 61 ),Food,4
make your way to the streets 3 legendary culinary bogor ( episode 62 ),Food,4
make ngiler streets ngiler in lampung ! ! ( episode 61 ),Food,4
doing a walk traveling around cianjur looking for delicious food ( episode 60 ),Food,4
make a walking journey eat good in magetan ( episode 57 ),Food,4
make a bitter day culinary in lampung ( episode 58 ),Food,4
bikin ngiler jalan-jalan kulineran di puncak ( episode 57 ),Food,4
going for a ride in magetan ! eating delicious food with isa bajaj ( episode 56 ),Food,4
"makes you drool traveling bandung today , from traditional , modern legendary ( episode 55 )",Food,4
bikin ngiler street - street delicious culinary beautiful scenery ( episode 54 ),Food,4
make ngiler streets make ngiler in bintaro ! ! ( episode 53 ),Food,4
make a walking journey legendary culinary bandung ( episode 52 ),Food,4
makes you drool traveling surya kencana bogor : legendary street food ( episode 51 ),Food,4
make a bit of a busy day eat delicious food all day in banyuwangi ( episode 50 ),Food,4
makes you drool traveling a day of eating viral food in south jakarta ( episode 49 ),Food,4
make a bit of,Food,4
makes you drool traveling mojokerto in taste and story ( episode 47 ),Food,4
"makes you drool traveling culinary in banyuwangi , in taste and charm ( episode 46 )",Food,4
bikin ngiler jalan-jalan delicious betawi cuisine padang sate in rawamangun ! ( episode 45 ),Food,4
make your drool a trip traditional cuisine the charm of temanggung tobacco plantations ( episo . . .,Food,4
makes you drool traveling a day of typical klaten culinary delights ( episode 43 ),Food,4
drool-making travel rawamangun doesn't mess around when it comes to delicious food ! ( episode 42 ),Food,4
original soundtrack makes you drool for a travel,Food,4
let's go for a walk magelang is so cute ! ( episode 41 ),Food,4
bikin ngiler walking culinary in temanggung ( episode 40 ),Food,4
"makes you drool traveling culinary in klaten , trying duck egg tongseng ( episode 39 )",Food,4
make you drool traveling old-school culinary at unique market ! ( episode 38 ),Food,4
make a journey culinary legend in tebet ( episode 37 ),Food,4
"makes you drool traveling traveling around magelang while eating , guaranteed to make you hungry . . .",Food,4
go for a walk find delicious food in the city of m ( episode 35 ),Food,4
"bikin ngiler walking culinary in kota batu , malang ( episode 34 )",Food,4
make you drool traveling magelang ! ! a comfortable city with tempting culinary ( episode 33 ),Food,4
going for a walk find delicious food in malang ! ( episode 32 ),Food,4
bikin ngiler walking delicious unique food in sidoarjo ( episode 31 ),Food,4
make a breakfast culinary in surabaya ! ( episode 30 ),Food,4
makes you dropped walking makes you drowsy in semarang part ii ( episode 29 ),Food,4
delicious food in singapore !,Food,4
makes you drinking walking fatty but delicious culinary special episode makes you drink,Food,4
"make your mouth go away the most delicious chicken culinary ! ! make your mouth water , eid spe . ..",Food,4
make a bit of a bitch goat head culinary ( episode 28 ),Food,4
make you drool traveling salatiga culinary tour that you must try ! ( episode 27 ),Food,4
make your days fun foods you must try when you go to semarang ! ! ( episode 26 ),Food,4
make a bit of a journey restaurants with artists # 2 ( episode 25 ),Food,4
"make a bit of a journey sabang street , jakarta culinary ! ( episode 24 )",Food,4
make a bit of a bitch restaurants with artists # 1 ( episode 23 ),Food,4
make you drool traveling purwakarta ! culinary destinations offering authentic taste ( episode 22 ),Food,4
makes a bitch walking wife's food makes your heart happy ! ! ( episode 21 ),Food,4
bikin ngiler jalan-jalan mencari makanan enak di cirebon ! ! ( episode 20 ),Food,4
bikin ngiler jalan-jalan kuliner legend cikini : makanan wajib di coba ! ( episode 19 ),Food,4
bikin ngiler jalan-jalan di kota kelahiran denpasar ( episode 18 ),Food,4
bikin ngiler jalan-jalan makanan yang wajib dicoba kalau ke cirebon ! ! ( episode 17 ),Food,4
bikin ngiler jalan-jalan makanan wajib kalo ke garut ! ! swissnya indonesia ( episode 16 ),Food,4
"bikin ngiler jalan - jalan rasa lokal , eksotis , dan menggugah selera ( episode 15 )",Food,4
"bikin ngiler jalan-jalan kulineran ditengah 4 wilayah ! ! jakarta , depok , bekasi , bogor ( episode 14 )",Food,4
bikin ngiler jalan-jalan garut punya selera ! ! ( episode 13 ),Food,4
bikin ngiler jalan - jalan tidak cukup 1 hari kulineran di blok m ! ! ( episode 12 ),Food,4
bikin ngiler travel a day of culinary experience in cirebon ! ! ( episode 11 ),Food,4
bikin ngiler travel culinary in solo part ii ( episode 10 ),Food,4
"bikin ngiler streets magetan , the city of kaki gunung ! ! luxurious and cheap food ! ! ( episode 9 )",Food,4
bikin ngiler travel one day culinary experience in solo ! ! ( episode 8 ),Food,4
makes you drool traveling together with aden bajaj we go culinary in depok ! ! ( episode 7 ),Food,4
drooling traveling back again to enjoy unforgettable jogja culinary ! ( episode 6 ),Food,4
bikin ngiler jalan-jalan di bandung tak kenyang maka tak sayang ! ! ( episode 5 ),Food,4
"bikin ngiler travel one day in sukabumi , everything is delicious ! ! ( episode 4 )",Food,4
"bikin ngiler jalan-jalan bogor , satu tempat enak semua ! ! ( episode 3 )",Food,4
"make you drool traveling yogyakarta , a comfortable city with tempting culinary delights ( episod . . .",Food,4
make a bitch walking ( episode-1 bandung ),Food,4
liburan sambil kulineran di jepang . ! ! ! 2/2,Food,4
culinary holiday in japan . ! ! ! 1/2,Food,4
motor tua ini ga perlu isi bensin seumur hidup ! ! !,Food,4
touring indonesia on an electric motorcycle ? who's afraid ?,Food,4
motor apa ini ? ? ? bukan vespa bukan lambretta tapi mirip ! !,Food,4
vespa in jogja a little change but much better ! !,Food,4
"me , you and vespa soaring to lampung ! !",Food,4
meet the vespa ! ! ! on the vacant land ! !,Food,4
air terjun deket rumah ! !,Food,4
vespa from followers ! !,Food,4
road trip bromo part 3 batu secret zoo,Food,4
road trip bromo part-2 holiday in batu city malang !,Food,4
road trip bromo stop by a new hotel in semarang ! !,Food,4
guess the price ! !,Food,4
vespa dua warna yes or no ? ?,Food,4
"the joy of having a vespa , parked for 2 years and still running ! !",Food,4
looking for a vespa workshop in jogja ! !,Food,4
feeding the residents of the house ! !,Food,4
"finally "" darsini "" is done , guys ! !",Food,4
"perjalanan "" darsini "" dimulai dari sini ! !",Food,4
the price is 1 million ! ! !,Food,4
accidentally bought a vespa in jogja ! !,Food,4
melki bajaj punya bajaj ! !,Food,4
kendaraan operasional rumah di jogja ! !,Food,4
sampe lupa punya vespa ini di gudang ! !,Food,4
how is this possible ? ? ? a new vespa is already for sale ! !,Food,4
the yellow vespa that people are looking for ! !,Food,4
balek dusun ! pesta duren gaes ! !,Food,4
nostalgia vespa pertama gw ! !,Food,4
hidden gem di bandung ! ! banyak kejadian tak terduga ! !,Food,4
""" rumah canda "" kedatangan penghuni baru ! !",Food,4
dismantle the warehouse and get an old vespa ! ! !,Food,4
vicky nitinegoro dan king abdi masih konsisten jual tempong cuma 10.000 ! !,Food,4
komplek sepi ga masalah ! tetep bisa jual ayam ratusan tiap hari ! !,Food,4
masih belum ada lawan di kelasnya ! nasi padang terbaik dan murah !,Food,4
cobain saos nya tanboy kun ! ! ternyata segini doang pedesnya ? ?,Food,4
taichan goreng okin dan rachel vennya 2025 masih ada ! ! sepi karena sudah ditinggalkan ? ?,Food,4
agak laen ! ! ada bule jualan sego sambel di depok ! !,Food,4
jualan belut megalodon tendaan di jaksel tapi mesti bayar pake dollar ? ? ga gini jg kali !,Food,4
orang ke pasar utk antri ayam jukut 35ribu punya selebgram ini ! !,Food,4
apa ini bakso nomer 1 di depok ? ? tetelannya numpuk ! !,Food,4
akhirnya cobain ayam 60ribu nya gamers jonathan liandi ! ayamnya becek ! !,Food,4
ex asisten farah quinn jualan depan kontrakan ! ! jago masak jg gak nih ? ?,Food,4
cuma jual nasi sambel ikan asap warungnya sampe ada 2 depan depanan ! !,Food,4
ngabisin 3 gelas jumbo nutrijell es ngopi jelly + 5 mie bangladesh + 5 telor ala tanboykun,Food,4
ini rawon kasih dagingnya brutal numpuk kok harga 26ribu doang ? ? ?,Food,4
orang antri dari jam 4 subuh buat kikil dinosaurus ini ! ! !,Food,4
hanya 7000 makan kenyang 5 lauk di warung ini ! ! !,Food,4
udah jualan di gang porsi edan harga ga ngotak ! ! indahnya surabaya,Food,4
bebek terenak ada di surabaya ! ! bebek purnama tanpa cabang ! ! !,Food,4
namanya warung bokong gede yg dijual cumi ngaceng dan j embut belanda ! !,Food,4
deket rumah cing abdel ngumpet bakso terbaik ini ! ! !,Food,4
cuma mie sm ayam semangkok 40ribu ? ? 1 butir bakso juga 9000 !,Food,4
hampir keabisan makan di rm padang harga mahasiswa ! ! langsung makan banyak ! !,Food,4
semuanya dilakuin sendiri ! ! seniman jualan nasi goreng daging asep 12 jam ! !,Food,4
iseng bikin mie ayam kuah ala prindavan malah jadi rame ! !,Food,4
jualan dihalangin portal tutup tetep aja rame ! ! seenak itu kah ?,Food,4
cuma 20ribu kenyang bakso di bandung ! ! tempatnya ngumpet,Food,4
nasi telor kuah 18ribu dapet daging banyak di bandung ! !,Food,4
masuk pasar buat batagor yg abis ribuan porsi sehari ! ! !,Food,4
kreatif ! ! jualan 20 tahun baru rame sekarang krn campur mendoan dan batagor ! !,Food,4
tiktoker 9juta followers jualan nasi telor 13ribu seru nih ! ! !,Food,4
gue review hari ini besok tempatnya udah tutup ! ! ! padahal baksonya enak,Food,4
"nark ba no , kulit diguyur full cabe ternagih yes ! ! ! !",Food,4
oke fix ini the best rahang tuna dan paling terjangkau ada nya di depok ! ! !,Food,4
baru buka 30 menit langsung penuh bangkunya nasi uduk 6000an gue mesen kalap ! !,Food,4
gimana caranya jualan ngumpet tapi jam 2 siang udah abis ini bakmi ? ?,Food,4
"mami nunung jual ayam 15rb ! ! ayam bakarnya sih enak , menu lainnya ?",Food,4
dulu gue ngantri sejam skrg rame nya siang doang ! ! msh enak ga ? ft zia rizza,Food,4
ini dia bakso nomor 1 di rawamangun skrg ! ! baru 9 bulan buka !,Food,4
katanya ini rm padang nomor 1 di bandung ! !,Food,4
chef top indonesia ini jualan semur 30ribu . resepnya dia sebar sebar ! ! !,Food,4
burger pinggir jalan 50ribu tapi seporsi bisa buat 5 orang ! ! !,Food,4
sidak resto iga nya juara masterchef 7 jerry di tangerang ft anak kuliner,Food,4
the best sate kikil selama hunting makanan 10 tahun ! ! dulu sih suka . skrg gimana ya ?,Food,4
berani jual paha ayam sepotong 48ribu di warungtendaan sehari abis ratusan ! !,Food,4
sayang bgt yg tau cuma warga sekitar doang ! ! ini bebek madura nya bikin kaget,Food,4
ada yg tau cungkring bogor ? ? lagi rame bgt ! ! yg ini dicampur pake batagor !,Food,4
7 tahun ga pernah sepi ini somay ajaib ! ! jualan ga pernah lama abis mulu ! ! !,Food,4
sejauh ini ini seblak terenak di bekasi ! ! jualan terpencil dan pake kencur madura ! !,Food,4
ngumpet di rel warung menu banyak ga sampe 20ribu ! ! !,Food,4
ojol mengubah segalanya ! ! warung bebek terame sekaligus tersepi favorit devina aureel,Food,4
tanpa nama jualan gelap gelap tongseng ini rameterus ! ! rasanya beda !,Food,4
tiktoker septian ari laris jual kulit ratusan kilo per hari ! ! !,Food,4
gelap gelap jualan sambel setan sadis ! !,Food,4
warteg kecil enak ga pernah tutup rekomendasi ustadz jojo ! !,Food,4
penemuan terbaik kfc harga 9000 terenak di tangerang ! ! !,Food,4
makanan seenak ini hanya 1 yang jual jangan sampe punah ! !,Food,4
jualan di perumahan sepi nasi tempong ini malah rame sendiri ! ! apa rahasianya ?,Food,4
warmindo terkecil dengan menu banyak banget ! ! sampe ada nasi bali ! !,Food,4
mgdalenaf : banyak yg belom tau kalo ini cabe asli indonesia ! bkn cabe yg sering kita liat di pasar ! !,Food,4
akhirnya coba sikadai rin hermana ! ! warung padang ga ada nasi padangnya ! !,Food,4
awur awuran porsi mie nya ! ! ! makan mie ayam 70ribu ! ! !,Food,4
penjual jujur tersembunyi di basement ! ! gue dapet makanan sebanyak di foto menu ! !,Food,4
makanan aceh ini belom banyak yg tau ! ! mie pecel ala aceh total beda rasanya,Food,4
nekat masuk gang demi ayam guyur cabe sadis ini ! ! !,Food,4
baru buka langsung diserbu bakso enak pinggir jalan depok ! !,Food,4
jauh jauh ke tangerang makan gultik jumbo ! ! ga perlu nambah,Food,4
unik ! ! warung ini rame tapi gak ada 1 pun yg makan disini ! !,Food,4
akhirnya menemukan sate asin terenak di jakarta ! ! warung nye sekecil ini,Food,4
gue akuin ini warkop kalcer nomer 1 se jakarta ! makan bareng wancoy,Food,4
ayam ini jadi rame karena di dalam dagingnya masih merah ! !,Food,4
baru buka 2 bulan bisa laku 400 tusuk 1 hari di pojok bintaro ! kuah ini penyebabnya ! !,Food,4
senumpuk ini cuma 20rebuan warung nasi bersih murah ditengah gedung tinggi jakarta,Food,4
warung seenak ini sepi kalo libur kampus ! ! ! gue makan banyak harga murah !,Food,4
begini ternyata rendang jualannya tanboy kun ! ! !,Food,4
gule gerobakan 20ribu masterchef kiki ! ! ini dia makanan si nyaris juara !,Food,4
gue jual daging real wagyu dibawah 50ribu ! !,Food,4
the best toge se tangerang ! ! ke tenda ini cuma buat makan toge nya aja,Food,4
kalap habis ratusan ribu makan bestik pinggir jalan lidahnya juara,Food,4
bakmie bakar pake daging merah menggoda ! ! yakin ini halal ? ?,Food,4
ini ketupat sayur terbeda dan jam 9 pagi udah abis ! ! !,Food,4
makan pecel gurita utuh ! ! ! sepiringnya 100ribuan,Food,4
cuma 1 di dunia opor ga pake santen asli betawi gila ini enak banget ! !,Food,4
masih muda tapi 11 tahun pengalaman di solaria . sekarang jual di gerobakan ! !,Food,4
cantik cantik jago masak ! ! dari warsun dinding seng eriska nakesya buka di lokasi mewah harga murah,Food,4
umur 21 udah 5x gagal jualan . gak nyerah malah jual lauk beginian ?,Food,4
ayam dicelup full ke sambel dan dibakar ! ! ini dia ayam bakar khas manado ! !,Food,4
satu satunya bakmi halal di sepanjang jalan tapi rasanya kok begini ?,Food,4
karena nasi gorengnya disiram orang rela antri 2 jam di gerobak ini ! !,Food,4
pecel ayam mewah mahasiswa malah antri ! ! ! sambel full kacang mede,Food,4
terbang ke singkawang demi kwetiaw pake daun katuk seenak apa ? ?,Food,4
makan langsung choipan di singkawang ! ! beda emang . ketagihan gue makan disini ! !,Food,4
bubur diaduk atau ngga ? di singkawang buburnya digunting ! !,Food,4
bayar 15ribu utk 1 kerupuk disiram bumbu rujak ! ! asli ini worth it banget,Food,4
begitu ke singkawang kenapa semua orang makan bakso disini ya ? ?,Food,4
jualan warteg di avanza yg bikin orang antri ! ! mobil pembawa rezeki,Food,4
buanyak dan terenak ! ! ibu ini malah nemu resep ketoprak terenak ! !,Food,4
pizza mahal mahal 200rebu pake keju biru bau busuk ! ! makanan orang kaya aneh aneh,Food,4
bener bener diajak g bl k sama gjls ! ! dapur warkop gue diacak acak ! !,Food,4
batagor tapi pempek - pempek tapi batagor bingung kan ? ? cuma di depok ! ! !,Food,4
followers jutaan ternyata jago bgt masak ! ! saran gue sih elu ikut masterchef ya,Food,4
crazy ! ! there's a bahari food store in the luxury sentul city complex ! !,Food,4
buni's fried chicken mukbang that's never quiet ! !,Food,4
oh my god ! ! farida nurhan's thai cheese and cheese shrimp is so spicy ! !,Food,4
auto melayang ! ! demi apa ada terong sambal ganja di jaksel ? !,Food,4
honest review of bejo chicken sambal viral on tiktok ! !,Food,4
"those who eat rich kabeh , the most delicious grilled milkfish with rica sambal in pluit ! !",Food,4
the most delicious homemade mukbang with onion sambal,Food,4
"wow , scary , millions in turnover from green sambal chicken opor without coconut milk ! !",Food,4
that's so awesome ! ! lampung's special sambal picit is that delicious ! !,Food,4
from the impact of finance minister mr . purbaya ! ! this green chili penyet chicken went viral inst . . .,Food,4
the spicyness is a big huge punch ! ! super spicy nasi tempong hidden at the peak of cisarua ! !,Food,4
umkm trial ! ! only selling jukut but the thugs are coming non-stop,Food,4
addicted to slurping linggarjati bakso noodles even though the price makes you dizzy ! !,Food,4
"the most agilized grandpa in 2025 , his cooking is very tempting ! !",Food,4
"unbeatable ! ! jakarta's no . 1 meatball , farida nurhan's version",Food,4
it's so natural ! ! it's bitter like an ancient herb ! !,Food,4
ubud pride ! ! mukbang ayam betutu since 80 years ago ! !,Food,4
"hunting for seafood as far as singaraja , the prices will shock you ! !",Food,4
"singaraja's icon ! ! budi's 100 % halal rolling chicken mukbang , only 15,000 idr a portion ! !",Food,4
pride of singaraja ! ! bik juk's nasi stall since 1960,Food,4
"unveiling the secret of made-by "" spicy sea fish "" squad grilled squid",Food,4
masakin 15 tiktokers indonesia ayam goreng kipas viral ! !,Food,4
mukbang flavored meatballs with rice and a basil of sambal ! !,Food,4
a giant granny cooks whole beef tongue with green chili ! !,Food,4
mukbang whole beef foot soto goes viral on tiktok ! !,Food,4
danger ! this bledek chicken will make omay crazy at 11 pm ! !,Food,4
woku pinkan mambo chicken is so expensive ! ! here's omay's recipe !,Food,4
"mukbang rasi jukut viral level 1000 , auto ngesss ! !",Food,4
mukbang's intent ! covered a distance of nearly 4 hours for the shrink of gorame ! !,Food,4
it's effective ! ! i ' ll need to sneeze because of the spicy tuna ! !,Food,4
seriously ! ! ashanty is selling fried noodles for only 20 thousand rupiah ! !,Food,4
blessings of umrah ! ! teaching you how to make malang bakwan and it goes viral ! !,Food,4
mukbang at mas bambang tri and mbak mayangsari's favorite restaurant ! ! the spicy and sour grouper . . .,Food,4
this oyong vegetables + terasi sambal will make omay over eat ! !,Food,4
corn fried and nila pecak will finish your rice ! !,Food,4
"oseng mercon is a bit different , the chili is so cold it will make you cry ! !",Food,4
prayers are awarded ! ! finally there's a magical ayam penyet with green sauce near omay's house ! !,Food,4
"mukbang seblak are very extreme level 4 , plentong of sambal until sweat is drinking ! !",Food,4
mukbang bakmi is nia ramadhani's and state officials ' subscribe ! !,Food,4
thrilled ! ! the worker can't remember the last time he ate fish ! !,Food,4
"at 62 years of age , this grandma selling jebew noodles for 13 thousand ! !",Food,4
"i love my mother , i put vegetables + salt fish ! !",Food,4
this green chili sambal makes omay's sweat stones dropping ! ! so spicy ! !,Food,4
give away mobile phones and tens of millions of money for subscribers ! !,Food,4
crazy ! ! 20 types of central javanese side dishes enter farida nurhan's stomach ! !,Food,4
"windows for road side rice sellers , raided and buyed up by omay ! !",Food,4
"viral fried noodles with chives from tanboy kun portion , 40 thousand a plate is munjung - munjung ! !",Food,4
review of viral fried sandals on tiktok ! !,Food,4
cooking banjar's special boom chicken ! ! the sauce is auto black ! !,Food,4
"in your village , what is this chili called ? it's so spicy it makes you faint ! !",Food,4
meisya siregar really loves eating giant pannyung heads ! !,Food,4
first ticking but ending into addictive ! ! the deliciousness of crispy intestines made by adly fai . . .,Food,4
"mukbang roasted chicken with 3 chickens , the chili sambal is all real raw chili ! !",Food,4
satisfied mukbang at the pioneer of warteg legend open 24 hours non-stop in south jakarta ! !,Food,4
the chili flowers are so smooth that your ears feel like they are in the rain ! !,Food,4
complete solo bakso mukbang for only 12 thousand ! !,Food,4
"devil wings mukbang , the bird's chili will give you convulsions ! !",Food,4
"the queue makes you emotional , bakwan malang istana bogor ! !",Food,4
"mukbang crab fried rice 180 thousand , expensive or cheap ? ? ! !",Food,4
reveal the secret of spicy jumbo seafood tempong ! !,Food,4
numpang muni eating and get a bonus of squid child sambal in one large fryer,Food,4
enter the alley queue for the most delicious cheapest breakfast in malang ! !,Food,4
malang pride ! ! mr pri's beef tender,Food,4
"mukbang crab egg since the dutch times , your stomach will automatically be happy !",Food,4
thrilled ! ! stuck in my omay's cousin's house in my homevillage ! !,Food,4
mukbang bakso solo only 15 thousand in the homeland ! !,Food,4
"ngliwet with mpok alpa , a hilarious tv host who loves jengkol ! !",Food,4
guaranteed repentance of the home slaughter and cured with sambal home slaughter,Food,4
jualan nasi uduk cuma 2 jam doang ! ! lengah dikit habis ! !,Food,4
baby size fried fish + sauted green beans and monster shrimp to break the breakfast ! !,Food,4
mbak nunung cook banana heart before the 2nd operation ! !,Food,4
omay buys 40 lots of spicy chickens to share on the street ! !,Food,4
break the fast for a full day ! ! liwetan with team using a banana leaf layer ! !,Food,4
"must go viral ! ! authentic , super delicious , halal tegal meatballs in pademangan ! !",Food,4
breaking the fast at the manager's house ! ! it's like a family,Food,4
sad ! ! omay's child has never had sahur with his father,Food,4
"mukbang pecak gurame under the matoa tree , spicy - cool spicy ! !",Food,4
mukbang bakso ikan paling segar dan gurih di serpong ! !,Food,4
auto drop snoot ! ! heaven of chili bathing chicken in bogor ! !,Food,4
review bakmi chili oil yang antrinya sampe puluhan meter di kemang ! !,Food,4
"get lost in the blok-m terminal because of the viral sambal math , you can eat as much as you like ! !",Food,4
"selling meatballs on a bike since 1988 , always sold out in 2 hours ! !",Food,4
the screams were heard in the neighborhood ! ! the chicken skin of 4 brothers went viral ! !,Food,4
"nasi padang kesukaan ayu ting - ting , tunjangnya bikin galau ! !",Food,4
"24 years of selling black ink squid , no one has beaten it ! !",Food,4
"viral amazon woman in jogja , selling lime leaf rice - lemongrass chicken while carrying her baby ! !",Food,4
a women's duo droppers on raw terasi and pete chili sauce ! ! so drooling ! !,Food,4
the most amazing meatball mukbang in sukabumi ! !,Food,4
"unveiling the secret of the delicious "" uniting national eggs """,Food,4
mayang kw graduated from college and turned to selling jebew noodles ! !,Food,4
a restaurant under the cover of a warteg ! ! it's hidden and the taste has no medicine ! !,Food,4
mukbang bakso ter-viral sepanjang abad di tiktok bareng tiktokers indonesia ! !,Food,4
mukbang seblak is hysteric to the end of tangerang ! !,Food,4
"i am not afraid of nikita mirzani , i have to honestly review mie ami ! !",Food,4
viral sambal o-ot khas cirebon in sebrang mall mewah jakarta ! !,Food,4
i had to fight for a month to be able to eat mukjayo ! !,Food,4
fixed ! ! this is the most delicious fried chicken in all of bandung ! !,Food,4
"early year vlog , cooked by pete , queen of soap operas angela gilsha ! !",Food,4
"year end mukbang vlog ! ! ingkung chicken , the pride of jogjakarta ! !",Food,4
turkey party up to millions ala farida nurhan ! !,Food,4
"makan yoshinoya di jepang , ternyata seenak ini . . .",Food,4
madun oseng dihujat malah buka lokasi baru ! rasanya beda ? ?,Food,4
"cobain makan sushi di jepang , harga cuma 10.000an ! !",Food,4
jualan makanan arab saudi di mangga dua !,Food,4
cobain ayam yg lagi viral di jepang !,Food,4
cobain wagyu beef langsung di jepang !,Food,4
"ini lagi viral di blok-m , ayam becek punya gamer jonathan liandi !",Food,4
"ini lagi viral di jepang , mau makan harus siap antri !",Food,4
mukbang makanan seven eleven di jepang ! udah kayak restoran,Food,4
inikah bakso terenak buat kita ? dagingnya banyak banget !,Food,4
"makanan murah kesukaan orang jepang , lebih enak dari yosh noya ?",Food,4
selera tasya farasya ratu viral seenak apa ? ? kita buktikan !,Food,4
mukbang seafood jepang di tsukiji market !,Food,4
cobain makan ramen langsung di jepang ! apa bedanya ya,Food,4
bakso rusuk daging nya bikin puas banget ! mencari bakso terenak !,Food,4
"jualan kerang raksasa segede kepala , segernya maksimal ! !",Food,4
jualan bakso pake bumbu somay malah jadi legend ! rasanya bikin penasaran . . .,Food,4
"surga dunia ! makan serba sambal sampe keringetan , tapi nambah terus !",Food,4
"bakso langganan nikita mirzani dan para artis , ternyata murah banget !",Food,4
jualan katsu raksasa cuma 30.000an ! porsi 4 orang ini mah,Food,4
"makan disini harus nunggu 2 bulan , erica carlina aja ngantri !",Food,4
setelah nasi padang chef victor jualan ayam goreng mewah !,Food,4
nasi goreng tektek tapi yang beli bawa mobil mewah ! inikah nasi goreng terenak ?,Food,4
"jual nasi beef jepang 50.000an di kaki lima , malah rame terus tiap hari !",Food,4
kekasih ari lasso jualan nasi campur sultan ! pantes mahal . . .,Food,4
makan disini berasa di new york !,Food,4
"iben ma and ello sell 13,000 egg nice , buying thousands of eggs a day !",Food,4
let's try king aloy's viral indomie ! what does it taste ?,Food,4
sushi hiro selling sushi using robots went viral and was very busy !,Food,4
jualan bakso afung versi bpjs rame banget ! inikah bakso terenak di jakarta ?,Food,4
"okin nekat jualan lagi , lebih enak atau ngga ya ?",Food,4
"warteg yang jual ganteng banget , kayak artis korea ! !",Food,4
ini yang jual juara ! ! nikmat banget tapi harganya semurah itu . . .mukbang makanan sundaan,Food,4
cobain kapal sushi paling enak !,Food,4
"vicky prasetyo nunung jualan ayam bakar , beneran niat gak sih ?",Food,4
"jual ayam goreng omzet milyaran , mas nicho aja sampe ketagihan ! !",Food,4
60.000 bisa makan daging sampe puas ! untung darimana ya ?,Food,4
"viral ! jualan ayam afrika , yang makan harus daftar dan tepat waktu !",Food,4
"cobain makanan kesukaan mark wiens , food vlogger legend dunia !",Food,4
"jualan mie kari pake croissant utuh , beneran enak atau aneh ya ?",Food,4
makan kepiting jumbo singapore ! gausah jauh jauh lagi ke luar negeri !,Food,4
"chef profesional jualan seafood kaki lima , menunya kayak resto mewah !",Food,4
inikah donat tahta tertinggi ? yang antri sampe panjang banget ! fore donut review,Food,4
inikah tahta tertinggi burger terenak ? langganan bule jaksel,Food,4
100 ribu bisa makan udang dan daging sepuansya ! makannya ambil sendiri . . .,Food,4
"baru lagi ! jualan batagor indomie rendang , rasanya bikin penasaran !",Food,4
inikah nasi padang terenak di jakarta ? langganannya sultan pik,Food,4
"jualan burger wagyu beef di tenda kaki lima , harganya bikin kaget !",Food,4
inikah level tertinggi ayam geprek ? bumbunya melimpah banget !,Food,4
sushi viral bali udah ada di jaksel ! ga main main sih,Food,4
bakso langganan sultan cuma 20.000an ! inikah bakso terenak di jakarta ?,Food,4
cobain warteg korea murah cuma 20.000an ! !,Food,4
jualan thai food di tenda tapi rasa ngalahin restoran di mal ! !,Food,4
"dapur asix anang ashanty buka lagi , harga dari 20.000 aja !",Food,4
makan di warteg ini boleh nambah sepuasnya ! bayarnya sistem kejujuran,Food,4
cobain sushi warung viral harga cuma 3000an !,Food,4
"jual mie 13.000 di ruko ber-ac kelapa gading , ada untungnya gak ya ?",Food,4
inikah bakso terenak di jakarta ? bukan buat kaum mendang mending !,Food,4
"makan sate kulit raksasa viral , 1 tusuk udah kenyang ! !",Food,4
"cobain cafe mewah nya deddy corbuzier , rame terus sepanjang hari !",Food,4
ramen 30.000 boleh nambah gratis ! yang makan sampe ngantri !,Food,4
"dituduh pake ayam kampung palsu , malah makin rame pembeli",Food,4
"makan disini hari daftar dulu , tapi yang makan tetep rame terus ! !",Food,4
"jukut goreng gratis sepuasnya , yang makan sampe rela antri setiap hari ! !",Food,4
inikah nasi goreng terenak di jakarta ? langganan crazy rich pik !,Food,4
"jual indomie di rumah sultan crazy rich , harga kaki lima !",Food,4
"sambal penyetan melanie ricardo , cuma dari 14.000an aja !",Food,4
bule jual makanan asli romania dan lagi viral ! ternyata rasanya gini,Food,4
"kakek umur 86 masih masak tiap hari , viral karena nexcarlos dan rame terus !",Food,4
"warteg ini jualan steak mewah , menunya kayak restoran !",Food,4
nasi kandar lebih enak dari nasi padang ? kita cobain langsung,Food,4
"jualan dadar belek , cuma 1 menu habis 500 butir sehari ! langganan gofar hilman",Food,4
"jualan ayam goreng omzet milyaran , agnez mo aja ngantri makan disini !",Food,4
"cobain bbq mountain boys burger , inikah kasta burger tertinggi ?",Food,4
dimasakin mama korea sampe puass ! gausah ke korea lagi,Food,4
"jualan seafood bakar di pinggir jalan , kesukaan food vlogger no 1 dunia !",Food,4
"resto korea kesukaan ria sw , menunya lengkap banget ! !",Food,4
cobain bakso sultan 75.000 ! ! mencari bakso terenak !,Food,4
"cobain nasi goreng punya uncle roger , 80.000 seporsi enak gak ?",Food,4
cobain makanan asli afrika yang lagi viral !,Food,4
cobain mie instan sultan harga 800.000 !,Food,4
"mencari bakso terenak , inikah tahta tertingginya ? part 2 bakso diran grogol",Food,4
"ayam saudi ini katanya enak banget , siap saingan sama brand sebelah ? mecca fried chicken",Food,4
jerome polin jualan makanan jepang sehat ! seenak apa sih ?,Food,4
"yang jualan dibilang galak , tapi malah makin rame !",Food,4
"makan hotpot mewah di tenda pinggir jalan , dagingnya kualitas bintang 5 !",Food,4
"kiki masterchef jualan gultik pinggiran , yg beli pusing habis terus ! !",Food,4
tanboykun jualan rendang kiloan ! kita review jujur !,Food,4
"arief muhammad buka restoran lagi , jualnya makanan langka ! !",Food,4
tempura lobster porsi tanboy kun ! ! bukan buat yg mendang mending . . .,Food,4
ini kasta tertinggi resto masterchef ! ! enaknya beda kelas . ..,Food,4
mantan chef hotel bintang 5 jualan steak murah tapi mewah ! !,Food,4
bakmi ini sepi banget padahal enaknya kebangetan !,Food,4
"cici cantik buka warteg 24 jam , kenapa bisa rame ya ?",Food,4
jualan steak jutaan cuma buka 4 jam ! ! telat dikit gaboleh masuk !,Food,4
inikah nasi padang yang terenak ? kesukaan food vlogger no 1 dunia !,Food,4
"cici cantik nekat jualan padahal masih kuliah , bisa masak beneran ?",Food,4
"kondisi madun oseng setelah di hujat , sampai berhentikan 9 karyawan",Food,4
"warkopolim gofar hilman grind boys , rame banget dah",Food,4
"mencari bakso terenak di jakarta , part 1 bakso jawir",Food,4
kasih paham boss - bakso malang anomalies ( all ending ),Gaming,6
jualan bakso dimalam hari - bakso malang anomalies,Gaming,6
teman imaginasi aku - we used to play here indonesia,Gaming,6
kejadian horror kurir paket - obsessed trace indonesia,Gaming,6
pahlawan bikini bottom - spongebob squarepants titans of the tide indonesia ( end ),Gaming,6
sandy ngamuk - spongebob squarepants titans of the tide indonesia part 4,Gaming,6
melawan dewa naptune - spongebob squarepants titans of the tide indonesia part 3,Gaming,6
miawaug akhirnya menikah,Gaming,6
boss pertama - spongebob squarepants titans of the tide indonesia part 2,Gaming,6
petualangan bersama partrick - spongebob squarepants titans of the tide indonesia,Gaming,6
hantu seblak game horror indonesia yang lucu,Gaming,6
extreme mode all ending - jeff the killer indonesia,Gaming,6
nenek nya jadi seram - granny nightmare mode indonesia,Gaming,6
serunya bermain hok bersama teman - honor of kings indonesia,Gaming,6
awas ada nenek penunggu - welcome to kawloon indonesia,Gaming,6
nyobain hard mode wkwkwk - jeff the killer indonesia,Gaming,6
tolong dikejar animatronic - recreating hell rebooting indonesia,Gaming,6
mampir ke rumah nenek - granma is that you indonesia,Gaming,6
mencari istri ku yang menghilang - the remains of dahlia game indonesia ( all ending ),Gaming,6
game bagus seperti poppy playtime - rainbow gate demo,Gaming,6
ayo kita keluar dari pintu depan - jeff the killer indonesia,Gaming,6
"update baru , ada karakter baru - granny christmas indonesia",Gaming,6
aku bekerja di toko sushi -the sushi house indonesia ( all ending ),Gaming,6
cobain game baru bleach : soul resonance,Gaming,6
diikutin hantu sampai rumah - tatari curse road indonesia,Gaming,6
menakutkan seperti dunia nyata - iblis 3 phenomena indonesia,Gaming,6
game backroom paling bagus nih - subliminal demo,Gaming,6
disekap kayak game granny - jeff the killer indonesia,Gaming,6
jualan mie dimalam hari - midnight mazesoba indonesia,Gaming,6
nenek cosplay jadi penyihir - granny halloween indonesia,Gaming,6
akhirnya melihat pohon raja bocil kematian - the baby in yellow indonesia ( chapter 4 ) end,Gaming,6
tolong bocil kematiannya ada banyak - the baby in yellow indonesia ( chapter 4 ),Gaming,6
peperangan tanpa akhir - call of duty black ops 7 indonesia ( end ),Gaming,6
musuhnya makin keras - call of duty black ops 7 indonesia part 4,Gaming,6
help gw dikepung robot - call of duty black ops 7 indonesia part 3,Gaming,6
monsternya mulai bermunculan - call of duty black ops 7 indonesia part 2,Gaming,6
bagus gini bro campaign nya - call of duty black ops 7 indonesia,Gaming,6
jalan jalan di china liat panda sampai tournament esport hok terbesar didunia 2025,Gaming,6
bapake jadi freddy fazbear - hello neighbor indonesia,Gaming,6
mendapatkan all ending - amanda the adventurer 3 indonesia ( tamat ),Gaming,6
mari kita ungkap misteri game ini - amanda the adventurer 3 indonesia,Gaming,6
buka warung makan di vietnam - brother hai's pho restaurant indonesia all ending,Gaming,6
akhirnya ketahuan siapa dalangnya - battlefield 6 campaign indonesia ( end ),Gaming,6
saatnya kita pakai tank - battlefield 6 campaign indonesia - part 4,Gaming,6
misi melindungi pak president - battlefield 6 campaign indonesia - part 3,Gaming,6
nyobain pake sniper rifle - battlefield 6 campaign indonesia - part 2,Gaming,6
mari kita mulai berperang - battlefield 6 campaign indonesia - part 1,Gaming,6
game horror indonesia yang ngeselin nih - polsek muara bang indonesia,Gaming,6
"game adu pintar , yang kalah minum obat - side effects demo indonesia",Gaming,6
"mancing mania , tapi kok horror - umigari ( chilla's art ) demo indonesia",Gaming,6
2 jam dikejar freddy - tnaf 6am demo indonesia,Gaming,6
prosotan baru dan tamu menyeramkan - waterpark simulator indonesia halloween update,Gaming,6
akibat suka ngintip rumah orang sembarangan - crime detective red flag indonesia,Gaming,6
mencari anomaly terseram - the floor above demo indonesia,Gaming,6
menjaga dan membersihkan supermarket - hellmart demo indonesia,Gaming,6
lawan boss terakhir seru banget - dying light the beast indonesia ( end ),Gaming,6
kita kalahkan 6 chimera sekaligus - dying light the beast indonesia part 8,Gaming,6
handheld gaming terbaik di 2025 - asus rog xbox ally x indonesia,Gaming,6
lawan chimera baru dan bertemu dokter camilo - dying light the beast indonesia part 7,Gaming,6
mengumpulkan teman zombie - dying light the beast indonesia part 6,Gaming,6
kita di hianatin sheriff guys - dying light the beast indonesia part 5,Gaming,6
mari kita pancing chimera - dying light the beast indonesia part 4,Gaming,6
cerita game horror paling mengerikan - silent hill f indonesia ( end ),Gaming,6
apakah hinako sudah kehilangan akal sehat dia ? ? ? - silent hill f indonesia part 7,Gaming,6
gawat hinako mulai menyeramkan - silent hill f indonesia part 6,Gaming,6
hinako mulai menjadi monster - silent hill f indonesia part 5,Gaming,6
"ini game bagus , seperti little nightmares - reanimal demo indonesia",Gaming,6
akhirnya dari perjalanan low dan alone - little nightmares 3 indonesia ( end ),Gaming,6
terjebak di circus menyeramkan - little nightmares 3 indonesia part 3,Gaming,6
kali ini kita dikejar kejar oleh ibu ibu - little nightmares 3 indonesia part 2,Gaming,6
akhirnya kita mainin game little nightmare 3 indonesia,Gaming,6
hinako meninggalkan masa lalu dia - silent hill f indonesia part 4,Gaming,6
"misi semakin susah , awas ada chimera - dying light the beast indonesia part 3",Gaming,6
ini monster terseram tolong - silent hill f indonesia part 3,Gaming,6
mencari teman dan melawan chimera - dying light the beast indonesia part 2,Gaming,6
mimpi didalam mimpi ? ? ? - silent hill f indonesia part 2,Gaming,6
mari kita mulai perjalanan horror ini - silent hill f indonesia,Gaming,6
akhirnya game zombie baru - dying light the beast indonesia,Gaming,6
main yuk di tokyo game show 2025 bareng miawaug di japan,Gaming,6
bekerja dikereta bawah tanah - homeless,Gaming,6
melawan rasa takut - the lightkeeper ending,Gaming,6
sendirian menjaga mercusuar dipulau terpencil - the lightkeeper,Gaming,6
nggak sabar main game little nightmare 3 demo,Gaming,6
side quest kocak dan bermanfaat neh wkwkwk - troublemaker 2,Gaming,6
"tamat juga , tetapi masih bersambung - troublemaker 2 ( end )",Gaming,6
peperangan dimulai let's go - troublemaker 2 part 9,Gaming,6
"ricco makin berulah , situasi memanas - troublemaker 2 part 8",Gaming,6
situasi makin kacaw - troublemaker 2 part 7,Gaming,6
"budi ditangkap oleh ricco , gawat - troublemaker 2 part 6",Gaming,6
"budi bertanding mma , jordan ngamen - troublemaker 2 part 5",Gaming,6
"misi berbahaya , budi harus berhati hati - troublemaker 2 part 4",Gaming,6
musuh utama kita nih - troublemaker 2 part 3,Gaming,6
kembalinya budi sang juara - troublemaker 2 part 2,Gaming,6
game indonesia berantem yang paling ditunggu - troublemaker 2 beyond dream part 1,Gaming,6
cangkul yang dalam sapai dapet harta karun - keep digging indonesia ft kaciw,Gaming,6
akhirnya menjadi waterpark terbaik suka maju - waterpark simulator indonesia ( end ),Gaming,6
akhirnya naik prosotan juga - waterpark simulator indonesia part 12,Gaming,6
akhirnya bintang 5 prosotan extreme - waterpark simulator indonesia part 11,Gaming,6
kolam prosotan baru lebih seru - waterpark simulator indonesia part 10,Gaming,6
dapat bola emas dan bintang 4 nih guys - waterpark simulator indonesia part 9,Gaming,6
review skin luo yi epic terbaru - mobile legends,Gaming,6
review skin spongebob gloo terbaru - mobile legends,Gaming,6
review hero terbaru sora - mobile legends,Gaming,6
pro player main meta 5 hero ibu-ibu ! - mobile legends,Gaming,6
pro player main meta hero map hack ! - mobile legends,Gaming,6
pro player main meta 5 hero hewan ! - mobile legends,Gaming,6
pro player main meta 5 hero bapak-bapak ! - mobile legends,Gaming,6
sophia pilih papa main combo synergy apa ? ( magic chess : go go season 4 ),Gaming,6
review skin cici kualitas rp5.000.000 ( p.ace ) - mobile legends,Gaming,6
"review skin fanny gratis kualitas rp5 , 000,000 ( p . ace ) - mobile legends",Gaming,6
"review skin aamon terbaru soul reaver rp1, 000,000 - mobile legends",Gaming,6
"review skin vexana aspirant rp5 , 000,000 - mobile legends",Gaming,6
"review skin guinevere aspirant rp5 , 000,000 - mobile legends",Gaming,6
review skin starlight terbaru yve flame lotus - mobile legends,Gaming,6
review skin lunox mpl terbaru quantum polarity - mobile legends,Gaming,6
review skin terbaru beatrix m6 final mvp onic ph - mobile legends,Gaming,6
review skin terbaru joy m6 champion onic ph - mobile legends,Gaming,6
sophia pilih papa main yi sun shin atau lancelot ? - mobile legends,Gaming,6
review hero terbaru obsidia di original server - mobile legends,Gaming,6
review alice revamp build full tank - mobile legends,Gaming,6
review thamuz revamp - mobile legends,Gaming,6
review alice revamp build semi tank - mobile legends,Gaming,6
alucard jadi jungler terkuat di meta sekarang ? - mobile legends,Gaming,6
hero meta end tercepat di gold lane - mobile legends,Gaming,6
sophia pilih papa main franco atau lolita ? - mobile legends,Gaming,6
review skin collector novaria - mobile legends,Gaming,6
review skin baru starlight hanabi - mobile legends,Gaming,6
sophia pilih papa main synergy apa ? ( magic chess : go go season 3 ),Gaming,6
review hero terbaru obsidia savage 3x - mobile legends,Gaming,6
top up 15 juta di magic chess : go go dapet apa aja ?,Gaming,6
mlbbxnaruto challenge : lawan lord madara di dufan !,Gaming,6
vlog bts push rank shinobi mlbbxnaruto,Gaming,6
hp android terkuat buat main mobile legends !,Gaming,6
review skin naruto x mlbb - gaara,Gaming,6
review skin naruto x mlbb - sakura,Gaming,6
review skin naruto x mlbb - kakashi,Gaming,6
review skin naruto x mlbb - sasuke,Gaming,6
review skin naruto x mlbb - naruto,Gaming,6
main ke pantai demi review hp di suhu ekstrem 40 celcius,Gaming,6
pro player main meta 5 tank - mobile legends,Gaming,6
"eksperimen gila ! 5 mage di rank immortal , musuh auto stres - mobile legends",Gaming,6
pro player main meta 5 assassin - mobile legends,Gaming,6
savage review skin legend alpha terbaru - mobile legends,Gaming,6
cara menang main mobile legends dalam 3 menit !,Gaming,6
top up 10 juta di magic chess : gogo dapet apa aja ?,Gaming,6
pro player main 5 marksman ( mobile legends ),Gaming,6
pro player main 4 healer + 1 alpha ( mobile legends ),Gaming,6
review skin cecilion hisoka hunter x hunter ( mobile legends ),Gaming,6
review skin dyrroth gon hunter x hunter ( mobile legends ),Gaming,6
review skin julian kurapika hunter x hunter ( mobile legends ),Gaming,6
review skin harith killua hunter x hunter ( mobile legends ),Gaming,6
review hero terbaru kalea ( mobile legends ),Gaming,6
sophia pilih papa main fanny atau lancelot ? ( mobile legends ),Gaming,6
1 top global fanny vs 5 bocil sd ! bisakah jess no limit bertahan ?,Gaming,6
"prank top global fanny mati 10x , bikin team emosi ! ( mobile legends )",Gaming,6
top 1 global fanny main di hp 100 ribu vs 30 juta ! ( mobile legends ),Gaming,6
"review skin ducati irithel rp5, 000,000 ( mobile legends )",Gaming,6
"savage review skin ducati leomord rp2, 500,000 ( mobile legends )",Gaming,6
"review skin ducati bennedetta rp4, 000,000 ( mobile legends )",Gaming,6
"skin starlight zhask terbaru kualitas rp1, 000,000 ( mobile legends )",Gaming,6
butuh berapa banyak uang untuk beli semua recall ? ( mobile legends ),Gaming,6
review skin brody juara dunia ap bren ! ( mobile legends ),Gaming,6
"review skin paquito juara dunia , fist of glory ! ( mobile legends )",Gaming,6
"review skin kimmy star wars rp1, 000,000 ( mobile legends )",Gaming,6
"review skin alucard star wars rp1, 000,000 ( mobile legends )",Gaming,6
"review skin cyclops star wars rp1, 000,000 ( mobile legends )",Gaming,6
"review skin argus star wars rp1, 000,000 ( mobile legends )",Gaming,6
review skin atlas collector mecha infernus ( mobile legends ),Gaming,6
review starlight odette wisdom of the stars ! ( mobile legends ),Gaming,6
"review tank terkuat di dunia , hylos - mobile legends",Gaming,6
review skin franco mpl quantum vanguard ( mobile legends ),Gaming,6
top up diamond dapet mobil !,Gaming,6
review hero terbaru lukas ( mobile legends ),Gaming,6
review skin gatotkaca starlight nutcracker monarch ( mobile legends ),Gaming,6
"review skin fanny aspirant rp1, 500,000 ( mobile legends )",Gaming,6
top up diamond dapat iphone 15 pro max !,Gaming,6
"review skin layla paranormal operative rp1, 000, 000 !",Gaming,6
"review skin terbaru aamon soul vessel rp1, 000, 000 ! ( mobile legends )",Gaming,6
"review skin terbaru hanabi soul vessel rp1, 000, 000 ! ( mobile legends )",Gaming,6
review skin kadita heart of the sea terbaru ! ( mobile legends ),Gaming,6
nct dream main ke no limit land ! ( episode 2 ),Gaming,6
review skin gusion starlight ! ( mobile legends ),Gaming,6
nct dream bikin es krim sama sisca kohl ( episode 1 ),Gaming,6
combo tergila di mobile legends yang pernah aku lihat !,Gaming,6
review chou buff ! ( mobile legends ),Gaming,6
review zhask buff ! ( mobile legends ),Gaming,6
"review skin julian jujutsu kaisen ( megumi fushiguro ) rp1, 000 , 000 !",Gaming,6
"borong surprise box rp8 , 000,000 - mobile legends",Gaming,6
review hero terbaru suyou - mobile legends,Gaming,6
review item dan emblem terbaru next update !,Gaming,6
"challenge mobile legends rp20 , 000,000 di mpl venue !",Gaming,6
"habiskan rp25 , 000,000 di mobile legends !",Gaming,6
detik-detik mythic immortal ! ( mobile legends ),Gaming,6
"review skin yin jujutsu kaisen revamp rp1, 000, 000 !",Gaming,6
review skin terbaru ruby special,Gaming,6
"review skin harith collector rp1, 000, 000 ! ( mobile legends )",Gaming,6
"review skin terbaru starlight helcurt , lucu banget ! ( mobile legends )",Gaming,6
winstreak ke 200 season ini ! ( mobile legends ),Gaming,6
detik-detik mythic glory ! ( mobile legends ),Gaming,6
hero pengganti harith ! ( mobile legends ),Gaming,6
sora ! hero monster hp monster 144fps auto luffy gear 5 !,Gaming,6
kenapa steam machine bakal jadi masa depan dunia gaming ? # gamebrol,Gaming,6
alasan gw beli laptop 80juta ! - pros unboxing,Gaming,6
borong semua skin digimon ! sumpah keren cok - main free fire demi istri part 3,Gaming,6
"gw comeback hok , demi cobain lapu-lapu !",Gaming,6
kenapa akhirnya dota 2 collab bareng monster hunter ! ?,Gaming,6
unboxing 4 kursi gaming paling keren secret lab titan evo nanogen ! # prosunboxing,Gaming,6
"oh , ini ac80 immortal ignition ! - main ff demi istri part 2",Gaming,6
unboxing meja kantor baru ! dari masa depan ! # prosunboxing,Gaming,6
junji ito bikin rumah hantu ? ! ngeri nggak nih ? !,Gaming,6
login akun free fire setelah menikah pake iphone 17 pro max !,Gaming,6
investor menangis hilang 10milyar di cs2 # prosnews,Gaming,6
honeymoon ke belgia ! coklatnya enak bener # prosvlog # 2,Gaming,6
trade up butterfly knife gamma doppler fn ! gacor ! - counter strike 2,Gaming,6
gaben gila ! dapet knife ! malah harga ancur ! ! ! - counter strike 2,Gaming,6
streamer ini dipeluk sama fans freak di twitch con # prosnews,Gaming,6
prosvlog bulan madu disneyland paris ! # 1,Gaming,6
the untold story ! alasan lengkap whitemon gak main di ti # proscast,Gaming,6
tutor prostopup gacha m7 dapet 2 elite s - delta force indonesia,Gaming,6
alhamdulillah ! rumah + kantor baru dyland pros !,Gaming,6
kok bisa 7 tahun pacaran awet sampe nikah ? # dylandfhelqna,Gaming,6
tips tricks trade up cs2 biar gacor,Gaming,6
yang lo harus tau tentang black myth : zhong kui,Gaming,6
wedding of dyland maximus zidane rafhelya nufa,Gaming,6
test food makanan nikah # prosvlog,Gaming,6
udah gila ! iphone 17 bagus banget # prosnews,Gaming,6
nightmare - avenged sevenfold live band cover ft . kamar suara band,Gaming,6
end of an era ! no battle pass ! inikah akhir dota 2 ? # prosnews,Gaming,6
gw bikin tournament tekken 8 isinya alien semua !,Gaming,6
yang harus lo tau tentang gacha case cs2,Gaming,6
film anak bangsa . . merah putih : one for all,Gaming,6
roblox mau diblokir ! ? # prosnews,Gaming,6
kenapa uma musume jadi fenomena global # prosnews,Gaming,6
game sampah upin ipin universe # prosnews,Gaming,6
modal jadi streamer ternyata ga mahal ?,Gaming,6
"pengalaman "" horror "" syuting pamali tumbal , ft . keisya levronka ummi quary # proscast",Gaming,6
avenged sevenfold - so far away live cover ft . kamar suara band,Gaming,6
1x try aug elite-s modal iseng ! abis 15juta,Gaming,6
tamatin gacha ci-19 elite-s mandlebrick hari pertama ! !,Gaming,6
aaa clan vs bala bala moment perang dylandpros - delta force indonesia,Gaming,6
gacha brutal mencari elit s - delta force indonesia,Gaming,6
kenapa squid game season 3 mengecewakan ?,Gaming,6
avenged sevenfold - buried alive live cover ft . kamar suara band,Gaming,6
lebih dekat dengan pro player gagal : guavaaa a.k.a jambu # proscast,Gaming,6
tung tung tung sahur menuntut garena free fire ! ?,Gaming,6
semua terjadi karna jot ! - # proscast side brothers @youktheoo,Gaming,6
gw beli 2 biji nintendo switch 2 harga selangit tapi ? ?,Gaming,6
alasan gw beli mobil listrik karna ridwan hanif ? ? # proscast,Gaming,6
"hari terakhir minotaur 1,1ton ! ngamuk sampe mental",Gaming,6
"review sapi sultan 1, 1ton minotaur ! rekor sapi terbesar gw ! # prosvlog",Gaming,6
curhatan dadakan @luthfihalimawan # proscast,Gaming,6
kenapa clair obscur : expedition 33 harus goty # gamebrol,Gaming,6
2 jam bersama @radityadika # proscast,Gaming,6
10 anggota tubuh untuk punya pc gaming super,Gaming,6
ibot bacotin tepe46 50menit ! # proscast,Gaming,6
disuruh sultan prostopup borong ml x naruto,Gaming,6
diajak @miawaug youtuber pemain ff pertama login !,Gaming,6
40juta cuma buat ini ! ?,Gaming,6
overthinking ngadu bacot dengan tepe46 - # proscast pertama dia,Gaming,6
abis season 3 aaa clan bakal bubar ! ? - # proscast,Gaming,6
disuruh bangun buat abisin 40juta .,Gaming,6
season 3 marapthon bisa tahun ini asal ! ? ? - # proscast,Gaming,6
gw beli iphone 16 pro max ! akhirnya resmi !,Gaming,6
kenapa nintendo switch 2 bisa mengguncang industri game ?,Gaming,6
tutor spin shotgun gurun,Gaming,6
set up gaming room @heyitsmomochan nyaman banget !,Gaming,6
pembantaian dendam tekken 8 ft . @winsonreynaldi @vip.wukong,Gaming,6
lebaran keluarga pros 2025 !,Gaming,6
"sahur terakhir with papi pros : "" )",Gaming,6
login ff demi adik-adik topi jerami,Gaming,6
alhamdulillah masih ada vlog bukber,Gaming,6
gw review keras assassin s creed shadows,Gaming,6
abis di ban iphone 16 resmi rilis di indonesia ! # prosnews,Gaming,6
vlog sahurrlllh,Gaming,6
bongkar kamar yang paling enak diliat ! - playground enricojo,Gaming,6
kenapa monster hunter wilds dapat rating mixed ? # prosnews,Gaming,6
"melihat kamar pecinta ff , suikoden , dan game jrpg lainnya - playground hansen",Gaming,6
pandu winoto pernah ribut sama bala-bala ! ? # proscast,Gaming,6
akhirnya ! sahur pertama di indonesia keluarga pros,Gaming,6
sahur pertama 2025 di negeri china,Gaming,6
"kenapa dragon ball daima dapet rating 9,9 ? # prosnews",Gaming,6
kenapa solo leveling disukai banyak orang ? # prosnews,Gaming,6
membahagiakan bocil free fire,Gaming,6
brewek museum mainan frans sanjaya ! # playground,Gaming,6
new jeans bubar ? ? ganti nama ? # prosnews,Gaming,6
"brewek rumah @ kelvingaming7 koleksi "" patung nsfw "" - playground episode 4",Gaming,6
presiden donald trump mutusin hanya ada 2 gender ! # prosnews,Gaming,6
react meme last war di internet # prosotan,Gaming,6
"orang korea ini mau nikah , meninggal dikubur di indonesia ! daggy on # proscast",Gaming,6
cara dapetin kuda lu bu ( red hare ),Gaming,6
login ml demi skin lapu-lapu collector !,Gaming,6
elon musk dibenci semua gamers ! ? # prosnews,Gaming,6
login ff lagi demi borong sasuke dan kyubi !,Gaming,6
orang korea yang sangat jujur ! tidak penipu ? ? daggy on # proscast,Gaming,6
fenomena film cina penghasilan puluhan juta dollar ! ? # prosnews,Gaming,6
gw di 2025 bakal . . . .,Gaming,6
login free fire demi bundle naruto - prostopup.id,Gaming,6
ngobrol awal tahun @ kelvingaming7,Gaming,6
dikasih laptop 60 juta sama lenovo ! hadiah akhir tahun,Gaming,6
alasan @ kennyxepher96 jadi coach mobile legends ? ! pensiun dari dota ? ! # proscast,Gaming,6
enak banget punya johnson jago ! ! auto bisa kuasain 1 map ! ! - mobile legends # mlbbidcreator,Gaming,6
user gloo wajib beli skin patrick ini ! ! lucu banget ! ! ! - mobile legends # mlbbidcreator,Gaming,6
meta baru 2 support ! ! musuh auto gak bisa main ! ! - mobile legends # mlbbidcreator,Gaming,6
langsung review hero sora ! ! bakal jadi meta ? ! ! - mobile legends # mlbbidcreator,Gaming,6
bisa menang walau team sengaja ngefeed ! ! berat banget gendong pake odette # mlbbidcreator,Gaming,6
lu ngetroll gw troll balik ! ! draft ini gak bisa kalah di solo rank ! ! # mlbbidcreator,Gaming,6
enak banget ngekill pake lunox kalo timnya begini ! ! - mobile legends # mlbbidcreator,Gaming,6
gatot damage emang se sakit ini guys ! ! - mobile legends # mlbbidcreator,Gaming,6
barbar banget party kagendra ini ! ! - mobile legends # mlbbidcreator,Gaming,6
skypicer item wajib buat kagura ! ! auto mvp dan kill banyak ! ! - mobile legends # mlbbidcreator,Gaming,6
skin legend tercantik dan termewah ! ! layla the beacon ! ! - mobile legends # mlbbidcreator,Gaming,6
valir sekarang ada varian hijau ! ! lebih bagus dari yang biasa ! - mobile legends # mlbbidcreator,Gaming,6
siapa yang ga panik ketemu eudora kayak gini ? ! ! - mobile legends # mlbbidcreator,Gaming,6
is the next collab with one piece ? ! learn sora's new hero skills before entering the original ser . . .,Gaming,6
"hanabi build critical to get the highest match point , 15.6 ! # mlbbidcreator",Gaming,6
serious model of mysterious skill ? ? aamon soul reaver - mobile legends # mlbbidcreator,Gaming,6
we' ll carry our ranks using natalia jungler ! ! - mobile legends # mlbbidcreator,Gaming,6
use this build to guarantee one hit bane to the enemy ! ! - mobile legends # mlbbidcreator,Gaming,6
"vexana aspirant bagus banget guys , 1000 % suka abis sama skin ini ! # mlbbidcreator",Gaming,6
"review skin yve starlight , skin yang cakep banget guys ! ! - mobile legends # mlbbidcreator",Gaming,6
pake build ini buat zetian ! ! sakit banget ! ! - mobile legends # mlbbidcreator,Gaming,6
bakal jadi top tier di exp lane ! ! thamuz revamp serem banget ! ! - mobile legends # mlbbidcreator,Gaming,6
sekarang alice buildnya harus kayak gini ! ! - mobile legends # mlbbidcreator,Gaming,6
jadi midlane bingung mau rotasi kemana ? ! tonton ini biar kalian ws ! !,Gaming,6
kita review skin novaria terbaru novaria collector ! ! - mobile legends # mlbbidcreator,Gaming,6
kita review map baru yang super seru dan emote lucu mas ade dan mas eko ! !,Gaming,6
build ini yang bikin gord sakit banget ! ! - mobile legends # mlbbidcreator,Gaming,6
mode fokus pake vale biar gak malu maluin ! ! - mobile legends # mlbbidcreator,Gaming,6
apa jadinya kalo grock roam pake damage ? ! - mobile legends # mlbbidcreator,Gaming,6
review skin julian terbaru ! ! meowkin tracker ! ! - @mobilelegends5v5moba # mlbbidcreator,Gaming,6
lunox pembantai fighter ! sampai maniac ! ! - mobile legends # mlbbidcreator,Gaming,6
main nana hero super ngeselin ! ! - mobile legends # mlbbidcreator,Gaming,6
johnson midlane nge troll ? ! ! liat dulu damagenya ! ! - mobile legends # mlbbidcreator,Gaming,6
stacknya sampe 25 ! ! ga heran aamon bisa masuk meta - mobile legends # mlbbidcreator,Gaming,6
combo odette johnson bersama liam ! ! susah banget kayak main berdua doang ! ! # mlbbidcreator,Gaming,6
emang lemon bisa main joy jungler ? ? sini tonton sendiri ! ! - mobile legends # mlbbidcreator,Gaming,6
seramnyo hanzo collector ! ! - mobile legends # mlbbidcreator,Gaming,6
kimmy bisa bersaing sama mage lain ? ! ! - mobile legends # mlbbidcreator,Gaming,6
bagusnya buff odette apa ? sini tonton ! ! - mobile legends # mlbbidcreator,Gaming,6
jadi se op ini kagura abis di buff ? ! ! instant kill 100% ! ! - mobile legends # mlbbidcreator,Gaming,6
"coba marksman baru , obsidia pacar moskov ? ! - mobile legends # mlbbidcreator",Gaming,6
zetian udah rilis ! ! apa beda nya ya sama advance server ? ! ! # mlbbzetian # phoenixempressrising,Gaming,6
ternyata odette masih jadi hero gampang di high rank ! ! - mobile legends # mlbbidcreator,Gaming,6
luo yi mode barbar di depan para evos india ! ! ! - mobile legends # mlbbidcreator,Gaming,6
musuh tebal semua ? ! xavier solusinya ! ! - mobile legends # mlbbidcreator,Gaming,6
pendapat gw tentang hero baru belum rilis zetian ! ! - mobile legends # mlbbidcreator,Gaming,6
"review collab paling epic , mlbb x naruto guys ! ! - mobile legends # mlbbidcreator",Gaming,6
bakal jadi mage top tier kah ? ! ! novaria buff ! ! - mobile legends # mlbbidcreator,Gaming,6
coba kimmy jungler tapi kok ? ? - mobile legends # mlbbidcreator,Gaming,6
main goldlane compe bareng @ jessnolimit @r7tatsumaki ! !,Gaming,6
seru banget main johnson midlane guys ! ! - mobile legends # mlbbidcreator,Gaming,6
review kimmy revamp ! ! op banget kah ? ? - mobile legends # mlbbidcreator,Gaming,6
lock miya pake jawhead goldlane ! ! # mlbbidcreator,Gaming,6
bane mid sakit banget ! ! ! # mlbbidcreator,Gaming,6
akhirnya pohon ini punya skin bagus ! ! tetap jadi skin terbaik belerick saat ini ! ! # mlbbidcreator,Gaming,6
review melissa collector umbra bloom ! ! cantik banget ! ! # mlbbidcreator - mobile legends,Gaming,6
tutorial bikin musuh emosi saat puasa ! ! ! # mlbbidcreator,Gaming,6
skin legend terkeren yang pernah ada ! ! bisa berubah warna ! ! alpha revenant of roses # mlbbidcreator,Gaming,6
"ini hero seru banget guys , review kalea tapi main mid ! ! - mobile legends # mlbbidcreator",Gaming,6
8 menit end pake chip mid ? ! ! - mobile legends # mlbbidcreator,Gaming,6
build ini tidak untuk ditiru ! ! ! - mobile legends # mlbbidcreator,Gaming,6
meta tank mid op banget ! ! ! - mobile legends # mlbbidcreator,Gaming,6
skin baru selena jadi princess ? ! ! - mobile legends # mlbbidcreator,Gaming,6
faramis masih enak di meta sekarang nih ! ! - mobile legends # mlbbidcreator,Gaming,6
skin tercantik milik floryn ! ! melody of light ! ! ! - mobile legends # mlbbidcreator,Gaming,6
adu mvp bareng top global 2 argus ! ! ! - mobile legends # mlbbidcreator,Gaming,6
lagi review skin solo rank tapi tim malah berantem ? ! ! - mobile legends # mlbbidcreator,Gaming,6
mau damage kagura sakit ? ! ! sini gw jelasin item pentingnya ! ! - mobile legends # mlbbidcreator,Gaming,6
belerick jungle is back ! ! ! ft . evos india - mobile legends # mlbbidcreator,Gaming,6
terizla mode gaul ! ! soulblight tyrant ! ! - mobile legends # mlbbidcreator,Gaming,6
kekuatan sejati odette di depan @darrel.jovancooo @vynofficial @branz007 @kyykyy . # mlbbidcreator,Gaming,6
hoki banget ! cuman 10 ribu diamond dapet 3 skin kishin ! sekalian review skin angela # mlbbidcreator,Gaming,6
revamp kimmy ! ! ! op atau biasa aja ? - mobile legends # mlbbidcreator,Gaming,6
argus buff jadi bagus banget ! ! ! - mobile legends # mlbbidcreator,Gaming,6
review julian kurapika tapi jadi roamer ! ! ! - mobile legends # mlbbidcreator,Gaming,6
review gon yang tiba tiba dapet dari gacha ! ! ! - mobile legends # mlbbidcreator,Gaming,6
bant4i bant4i pakai hisoka sampai dapat savage ! ! ! - mobile legends # mlbbidcreator,Gaming,6
skin aurora ter mewah ! ! ! veil of the celestials ! - mobile legends # mlbbidcreator,Gaming,6
vale concerto of light ! ! starlight tahunan terbaik ! ! # mlbbidcreator,Gaming,6
kimmy cheat damage ? ! ! - mobile legends # mlbbidcreator,Gaming,6
lukas si naruto ini rajanya exp lane buat sekarang ! ! - mobile legends # mlbbidcreator,Gaming,6
review hero baru : kalea ! ! ! - mobile legends # mlbbidcreator,Gaming,6
pake alice solo rank mulus banget ! ! ! - mobile legends # mlbbidcreator,Gaming,6
butuh buff banget kagura ini please moonton ! ! - mobile legends # mlbbidcreator,Gaming,6
kekuatan kimmy pake flameshot ! ! ! - mobile legends # mlbbidcreator,Gaming,6
review xavier skin starlight ! ! lebih bagus dari gojo ? ! ! - mobile legends # mlbbidcreator,Gaming,6
pharsa baru di buff tapi bisa sesakit ini damagenya ? ! ! - mobile legends # mlbbidcreator,Gaming,6
buff vale bikin orang masuk angin ! ! ! - mobile legends # mlbbidcreator,Gaming,6
skin wajib buat para user nolan - mobile legends # mlbbidcreator,Gaming,6
sini coba rafaela direhit + skypiercer ! ! dijamin ketagihan ! ! - mobile legends # mlbbidcreator,Gaming,6
cyclops di buff ultinya kayak gak ada cooldown ! ! ! - mobile legends # mlbbidcreator,Gaming,6
saling nuduh lagi ! ! - lockdown protocol,Gaming,6
review skin grock kayak di bengkel ! ! - mobile legends # mlbbidcreator,Gaming,6
hero nana ini sampe sekarang masi ngeselin ! ! - mobile legends # mlbbidcreator,Gaming,6
rasakan sendiri sensasi belerick jungler ! ! ! - mobile legends # mlbbidcreator,Gaming,6
baru punya skin benedetta ducati panigale v4s rider gas langsung review ! ! # mlbbidcreator,Gaming,6
review leomord ducati diavel v4 rider langsung taro di midlane ! ! ! # mlbbidcreator,Gaming,6
starlight terbaru dari zhask ! ! tapi kok . . - mobile legends # mlbbidcreator,Gaming,6
sini kita belajar bareng hero baru suyou ! - mobile legends # mlbbidcreator,Gaming,6
xaiver di awal season sungguh menyenangkan ! ! - mobile legends # mlbbidcreator,Gaming,6
thamuz nexus 11.11 review skin,Gaming,6
layla legend nih bos,Gaming,6
gloomy rrq . rrq vs . liquid match 2 mpl s16,Gaming,6
"oh my god , you got a hurt ! rrq vs liquid match 1 mpl s16",Gaming,6
rrq finally wins ! rrq vs btr match 2 mpl s16,Gaming,6
"rrq from dominating , are made to cry ! rrq vs btr match 1 mpl s16",Gaming,6
rrq is already finished against dewa 0 - 2 rrq vs dewa match 2 mpl s16,Gaming,6
how long are rrq going to be a clown ? rrq vs dewa match 1 mpl s16,Gaming,6
toy's back is heavy in the second game of boy ! rrq vs btr vitality match 2 mpl s16,Gaming,6
how strong is rrq this ? rrq vs btr match 1 mpl s16,Gaming,6
rrq goes amazing ! evos is become a cat ! rrq vs evos match 2 mpl s16,Gaming,6
rrq against bot us bro ? rrq vs evos el badutsico mpl s6 match 1,Gaming,6
rrq is glorious ! until kairi licks them ! rrq vs onic match 2 mpl s16,Gaming,6
skylar rages against rrq ? rrq vs onic match 1 mpl s16,Gaming,6
"navi is not given a breathe , bro ! awesome ! rrq vs navi match 2 mpl s16",Gaming,6
junesh haya shines against navi ! rrq vs navi match 1 mpl s16,Gaming,6
rrq's first win in mpl s16 ! rrq vs alter ego match 3,Gaming,6
rrq vs alter ego match 2 ! this is new rrq ! not a bot ! mpl s16,Gaming,6
"rrq vs alter ego ! are we watching bot playing , boskue ? mpl s16 match 1",Gaming,6
nt lagi nt lagi . cape ! rrq vs srg match 5 ewc,Gaming,6
this is the aggressive rrq that i know ! rrq vs srg match 4 ewc,Gaming,6
looks like the bot is tired again ! rrq vs srg match 3 ewc,Gaming,6
ya ampun jdi bot lagi rrq ! rrq vs srg match 2 ewc,Gaming,6
"dyren bener "" pengontrol srg ! rrq vs srg ewc match 1",Gaming,6
berhasil mengalahkan aurora gaming turkey ! rrq vs aurora gaming turkey match 3 ewc !,Gaming,6
buset ngamuk gini rrq ! rrq vs aurora gaming turkey ! ewc match 2,Gaming,6
rrq getting turkey's massage ? crazy ! rrq vs aurora gaming,Gaming,6
"eat it , baxia ! rrq vs onic match 7 mpl s15",Gaming,6
game 7 is real ! rrq vs onic match 6 mpl final,Gaming,6
1 more step towards championship ! let's go rrq ! rrq vs onic match 5 mpl final !,Gaming,6
2 sama sang raja bangkit ! ! ! rrq vs onic match 4 mpl s15,Gaming,6
kalea kunci kemenangan rrq ! rrq vs onic match 3 mpl s15,Gaming,6
"i swear rrq , why is this ! rrq vs onic match 2 mpl s15",Gaming,6
why do you keep picking baxia in roam ! reason khezcute is my love ! ! ! rrq vs onic match 1 mpl s15,Gaming,6
toyy savage ! sutsujin maniac ! welcome to final mpl and msc rrq ! rrq vs geekfam match 5,Gaming,6
sutsujin yss menit 9.45 udah level 15 gila ! aboy mau join evos 0-7 ? rrq vs geekfam match 4 mpl s15,Gaming,6
rrq vs geekfam match 3 ! too strong ! mpl playoff final lower bracket !,Gaming,6
"from bot to king ! let's rise , rrq ! rrq vs geekfam match 2 mpl playoff !",Gaming,6
"what are you playing , rrq ? rrq vs geekfam match 1 mpl playoff",Gaming,6
satu blunder mengubah segalanya ! rrq vs onic match 4 mpl playoff !,Gaming,6
idokkk saves rrq ! ! epic comeback boss ! ! rrq vs onik match 3 mpl playoff,Gaming,6
this sanz is so crazy ! rrq vs onic match 2 mpl s15,Gaming,6
ya elah rrq kena comeback ! rrq vs onic match 1 final upper bracket !,Gaming,6
rrq finalizes upper bracket final ! rrq vs alter ego match 4 mpl playoff !,Gaming,6
this is the rrq i know ! alter ego was not allowed to play ! rrq alter ego match 3 mpl playoff,Gaming,6
sutsujin maniac ! ! rrq vs alter ego match 2 mpl playoff,Gaming,6
"rrq vs alter ego match 1 ! woah , this is how rrq mpl playoff was random !",Gaming,6
does rrq have no intent to win ? rrq vs liquid match 2 mpl s15,Gaming,6
"oh my god , why is this rate like this ? rrq vs liquid match 1 mpl s15",Gaming,6
"chen's first match was so exciting , man ! rrq vs . dewa , match 2 , mpl season 15",Gaming,6
wanwan toy kesurupan apaan di late game ? rrq vs alter ego match 3 mpl s15,Gaming,6
mabok nih rinz sama toy ! rrq vs alter ego match 2 mpl s15,Gaming,6
franco idok again and again ! rrq vs alter ego ! match 1 mpl s15,Gaming,6
buset ga dikasih nafas gini geekfam ? rrq vs geekfam match 3 mpl s15,Gaming,6
"who said 2-0 ? it's rrq , boss ! rrq vs geekfam match 2 mpl s15",Gaming,6
"oh my god , rrq is bot like this ! rrq vs geekfam match 1 mpl s15",Gaming,6
kemenangan mutlak dari evos ! rrq vs evos match 2 mpl s15,Gaming,6
maniac kimmy toyyy ! ! gilaa ! rrq vs evos match 1 mpl s15,Gaming,6
coach yeb's effect is too gg ! reverse sweep ! rrq vs onic mpl s15,Gaming,6
kairi ngamuk gini bos ? rrq vs onic match 2 mpl s15,Gaming,6
"selena rinz mengacak "" semua onic ! bye bye adi ! rrq vs onic match 1 mpl s15",Gaming,6
pembalasan dendam berhasil ! ! viva rrq ! rrq vs btr match 3 mpl s15,Gaming,6
1 moment membuat rrq comeback ! letsgo ! rrq vs btr match 2 mpl s15,Gaming,6
why is this so powerless ? rrq vs btr match 1 mpl s15,Gaming,6
"naruto skin lukas ! crazy boss , this is very good , kurama ! naruto x mlbb skin review !",Gaming,6
idok's craziest macro play ! dewa made map blind ! rrq vs dewa match 2 mpl s15,Gaming,6
10 minutes is just enough ! rrq vs dewa match 1 mpl s15,Gaming,6
fanny hazle udah keren . . tapi kok ... rrq vs btr match 2 mpls15,Gaming,6
rrq vs btr match 1 mpl s15 . strategi rrq kok diredam gini !,Gaming,6
rrq is still the winner ! # untungadaerlan # akufanserlan ! rrq vs evos match 3 mpl s15,Gaming,6
aduh sok sok'an pake fanny jadi dibantai ! rrq vs evos match 2 mpl s15,Gaming,6
albert disekolahi hazle ? rrq vs evos match 1 mpl s15,Gaming,6
onic ph's first win ! crazy rrq next to world level ! rrq vs onic ph match 2 esl grandfinal,Gaming,6
epic comeback paling bikin sakit hati ! rrq vs onic ph esl grand final match 1,Gaming,6
"dyrennn ngacak "" liquid ! ! welcome to final esl rrq ! rrq vs liquid match 4 esl",Gaming,6
"gila rinz ngacak "" di fountain ! rrq vs liquid id esl match 3",Gaming,6
akhirnya bangkittt coy ! hayabusa sutsujin menggila bos ! rrq vs liquid esl match 2,Gaming,6
rrq's first defeat . sad . . rrq vs liquid id esl match 1,Gaming,6
ph falcons are driven 2-0 ! rrq is the boss ! rrq vs ph falcon match 2 esl,Gaming,6
buset ini falcon ph dibantai gini nih ? rrq vs falcon ph ! esl match 1,Gaming,6
still too strong ! turkiye can't breathe against rrq ! rrq vs aurora turkiye match 2 esl,Gaming,6
toyyy savageee ! gokilll coyyyy ! rrq vs aurora turkiye esl match 1,Gaming,6
rinz's 1000iq+ gameplay ! rrq's gameplay is already like ph ! rrq vs onic esl match 2,Gaming,6
"when toy and rinz get rage , what happens to you , you brothers ? rrq vs onic esl match 1",Gaming,6
9 minutes left ! rrq has no medicine for team falcon mena ! esl match 2,Gaming,6
rrq vs falcon mena match 1 esl ! rrq is still too strong !,Gaming,6
flattened without breath ! gg rrq ! rrq vs alpha 7 esl,Gaming,6
rrq vs alpha 7 ! this is so much . . .,Gaming,6
"woah , 12-0 , 4 minutes ? is this rrq ? rrq vs liquid ! mpls 15",Gaming,6
idok is so angry at liquid ? crazy ! rrq vs liquid match 1 mpl s15,Gaming,6
king hazle dengan hanzo ! rrq vs onic match 2 mpl s15,Gaming,6
tanpa sutsujin ! toyy menggila boss ! rrq vs onic match 1 mpl s15,Gaming,6
navi new badut mpl ? rrq vs navi mpl s15,Gaming,6
rrq vs navi s15 langsung diratakan di pembukaan mpl !,Gaming,6
rrq pulang kampung again . rrq vs onic ph match 2 esl,Gaming,6
savage terjadi ! rrq vs onic ph esl match 2,Gaming,6
the rise of rrq ? rrq vs onic ph match 1 esl,Gaming,6
i love watching rrq massage like this ! rrq vs onic match 2 esl,Gaming,6
diacak acak rrq ! rrq vs onic match 1 esl,Gaming,6
akhirnya 2-0 rrq nice ! rrq vs falcon myanmar match 2 esl,Gaming,6
job just looting in 99 nights in the forest until the end,Gaming,6
buy all events by the end of september,Gaming,6
buy all ff events in august ff x naruto 2,Gaming,6
iseng ft malah serom bareng pro player dan youtubers verified,Gaming,6
vlog serabutan di thailand hari pertama,Gaming,6
buy all the august events of naruto independence full crazy,Gaming,6
kunai sama ac review updated now,Gaming,6
borong semua event squid game yang ada di free fire,Gaming,6
vlog bts squid game,Gaming,6
"using double ak in the grandmaster rank ! fix , this is thought to be a cheater",Gaming,6
vlog serabutan selama ffns grand final dimakassar,Gaming,6
the audience told us to use famas x ump ! but please use full famas in roll scope mode,Gaming,6
turns out sg pletok is this delicious,Gaming,6
borong semua event baru bulan july ! bundle pahlawan bertopeng max level 7,Gaming,6
awal season rank tinggi beda ! musuh mainnya pro solo squad auto keteteran ? !,Gaming,6
borong semua event free fire sampe diamond gua habis total di akhir bulan,Gaming,6
kok kayak ff jaman dulu ! solo squad grafik ultra super smooth !,Gaming,6
ngintip persiapan gila anniversary free fire ke-8 !,Gaming,6
"player india ini nyasar ke server indo , malah curhat abis putus !",Gaming,6
"gak nyangka ! kelvin clutch sendirian , gua raxzy kena hukuman push up !",Gaming,6
prank global malah dilamar cewe bocil yang lagi cari cowok ! dia malah jatuh cinta gara² gua jago !,Gaming,6
"kicked repeatedly while disguised as a girl , finally got a hilarious random grandma !",Gaming,6
jangan kaget ! beginilah megahnya panggung ffws sea 2025 sebelum final !,Gaming,6
dari menderita di pesawat 20 jam jadi sarapan sultan di hotel tertinggi vietnam !,Gaming,6
"prank ngaku calon pro player , skill gua bikin dia percaya !",Gaming,6
take the kids on a safari before i go to vietnam ! ! their reaction to seeing a tiger will make you . . .,Gaming,6
grafik medium smooth tapi musuh dewa semua ! map solara bikin nafas sesak ! ! 23 kill,Gaming,6
"take a fast tour , even faster to gyzeen bucin than rotation !",Gaming,6
"bukan lobby grandmaster ! musuh semua barbar , 28 kill solo squad gila !",Gaming,6
entering global ff and even getting gm rank ! they know if i go live again it will be a shame .,Gaming,6
"i shopped up all the events until i didn't realize my 46,000 diamonds were all gone ! my head was . . .",Gaming,6
game ini bikin nostalgia parah ! auto kecanduan main ragnarok x next generation bikin gua lupa waktu !,Gaming,6
era grandmaster susah cari 1 squad full ! - highlight letda hyper,Gaming,6
bocil ini ngajakin aliansi demi dapet diamond ! ! inget moment 2018 kalau begini : (,Gaming,6
turnamen yutuber bersama kenpc,Gaming,6
ikutan ft kreator x elit cs ! gile mekanik anak cs bersaing di mode battlegrounds,Gaming,6
invite kenpc to play in the gm room ! he was scared when typing his enemy like ffws,Gaming,6
seconds mr05 will comeback to pro player,Gaming,6
detik detik bundle termahal,Gaming,6
gokil seru banget room gm mabar bareng para legend,Gaming,6
cobain karakter baru oscar bareng frontal efdewe kepo mereka terkejut sama karakter ini,Gaming,6
solo squad pake akun prank malah enak gini musuhnya barbar,Gaming,6
challenge global pake akun kecil malah digangguin anak sampe muka gua dikasih make up,Gaming,6
"challenge , bang , kepo , play on my pc ! i got a challenge back , we'll tell you to understand",Gaming,6
gua ajakin istri main epep lagi di rank gm ! akhir zona musuh baru pada turun dari langit,Gaming,6
challenge kenpc solo main di pc gua ! gemesin haha,Gaming,6
"buy all ff events with a new account level 1 and become a sultan with 15k capital so crazy , bad . . .",Gaming,6
challenge elit cs main br dirumah gua ! apakah dia berhasil atau tidak,Gaming,6
orang ini sampe kesel sama gua ! gua nyamar jadi abang-abangan,Gaming,6
susahnya naik rank elite master tanpa pengaman !,Gaming,6
global drum until they really don't kill,Gaming,6
vlog serabutan terakhir eps.4,Gaming,6
vlog serabutan eps.3,Gaming,6
vlog serabutan eps.2,Gaming,6
odd vlog eps.1,Gaming,6
"global prank ! this person doesn't look at rank and bundles , turns out their real account is high . . .",Gaming,6
gendong tiktoker dan youtuber ini sampe dia kaget ! akhirnya dia comeback main br lagi,Gaming,6
main bareng ex pro player yang comeback ! 3 tahun dia pensi tapi skillnya masih bagus,Gaming,6
spend your thr money to buy all the events in free fire after eid,Gaming,6
dapet bocil seru di global ! dia percaya kalau gua pro player rrq dan evos,Gaming,6
sosial experimen global awalnya diremehin malah diajakin bucin karena jago,Gaming,6
sosial experiment pake akun kecil ! akhirnya ada yang mau main sama akun bot dia malah gua isiin dm,Gaming,6
ditantangin global sparing cs elite ! langsung gua panggilin roster dominators asli,Gaming,6
ajakin mabar juara ffns ! tanya tim ditakutin ffws sea,Gaming,6
global random meet 5 finger players suitable for becoming a pro player,Gaming,6
pamer ke global pake shotgun pasir mereka pada kaget dan heran sama senjata gua,Gaming,6
acak-acak global malah ketemu orang lagi mokel di warteg,Gaming,6
masuk room global pake akun asli cari adek online,Gaming,6
acak teamcode sampe ubanan masuk ketemu orang toxic parah ! akhirnya hoki dapet pasangan bucin,Gaming,6
i enter the global room and get this one,Gaming,6
starting season with highest 400+ kd on indonesian server !,Gaming,6
detik-detik comeback is real - ninja run eps 4,Gaming,6
keseruan di stage akhir - ninja run teaser episode 4,Gaming,6
prank streamer sampe dia kesel karena gak di revive malah dikatain citer freefire,Gaming,6
hoki parah spin naruto cuma habis 1000dm ! free fire x naruto,Gaming,6
prank streamer awalnya dikatain diledekin diremehin karena dilobby pake p90 ungu freefire,Gaming,6
prank streamer ikut optes di serang 1 server aku gak kuat ampun freefire,Gaming,6
prank streamer panutan headshot free fire sampe terheran-heran freefire,Gaming,6
prank streamer awalnya dikira beban dan di remehin karena rank kecil freefire,Gaming,6
prank streamer sampe dikira panel karena hampir kill 1 server sendirian freefire,Gaming,6
29 kill legend bundle freefire,Gaming,6
woodpecker m1014 99 % headshot rate special naruto bundle freefire,Gaming,6
dikira letda kawe sama bocil random ! langsung kita kasih mode marlong freefire,Gaming,6
random match tengah malem sebelum reset season tahun 2025 intel i5 freefire,Gaming,6
35 kill m1014 + ak ! solo vs squad intel i5 freefire,Gaming,6
32 kill mp40 new year + ak dragon ! easy headshot,Gaming,6
free fire - bertempur dengan gaya ya begini hasilnya solo vs squad 36 kill,Gaming,6
ngajarin murid solo vs squad ! langsung gua kasih tutor biar murid makin jago - free fire,Gaming,6
bahas update free fire di akhir tahun 2024 ! spin semua yang ada sebelum telat - free fire,Gaming,6
highlight free fire random match # 1,Gaming,6
rasanya pake grafik smooth bikin sakit mata tapi aim jadi super pedes gini ya - free fire,Gaming,6
beginilah meta grandmaster sekarang ! sepi awal rame akhir gelo - free fire,Gaming,6
mabar random bareng bocil kakak beradik pas tusun adiknya nangis ! langsung mode serius - free fire,Gaming,6
random match rasa tim esport gini - free fire,Gaming,6
pake bundle ini dijamin suka ngekill tiap knock rubahnya gerak ini baru keren - free fire,Gaming,6
player new fix meta begini player old mode trobos losdol - free fire,Gaming,6
gua jujur sama izol dan ternyata dia kaget banget cok sampe malu - free fire,Gaming,6
makin berlanjut gua bawa 3 pentolan bsk ! izol makin senang dan bahagia masuk bsk - free fire,Gaming,6
lanjutan bocil bsk ! gua sedih cok tiap hari main dibilang pensi - free fire,Gaming,6
main global random gua dikira bsk dhani disuruh teriak buseeeet sama nih orang - free fire,Gaming,6
pubgm indonesia - pubg tapi ada m nya,Gaming,6
peak indonesia - gak niat manjat gunung,Gaming,6
marvel rivals - kebodohan super hero,Gaming,6
"blood strike - speedrun pertemanan , begal , video call",Gaming,6
"valorant indonesia - charmander , live tio , pengaturan skor",Gaming,6
blood strike - masukan title kebodohan disini,Gaming,6
"cs2 indonesia - chef , ivan clutch , random jawa",Gaming,6
"garena delta force - kiana ulti , helikopter , mobil musuh",Gaming,6
random game random moment 3,Gaming,6
"dbd indonesia - tbag , main gitar , jadi killer ?",Gaming,6
deducto 2 - amogus rasa personal,Gaming,6
"cs2 indonesia - drone gratis , summon teman , stuck",Gaming,6
"texas chainsaw massacre - strategi escape , ngambek , speedrun",Gaming,6
"lethal company - loot dan survive , survive ? survive ?",Gaming,6
pubg indonesia - voice to all adalah sumber kebodohan,Gaming,6
"valorant indonesia - sad remi , gelato , comeback ?",Gaming,6
sebuah candaan jelek # 3,Gaming,6
outlast trials - jangan strike woy !,Gaming,6
random game random moment 2,Gaming,6
outlast - joki tamat akun orang tua,Gaming,6
"dbd indonesia - mangkok mie , emote tunjuk , jam 3 pagi",Gaming,6
pubg indonesia - kebodohan di luar zona,Gaming,6
special episode : milyhya x kobo kanaeru ( collaboration ) eng sub,Gaming,6
world of tanks indonesia - kebodohan di dalam dunia tank,Gaming,6
"csgo indonesia - gara-gara mic , ditelpon , disconnect",Gaming,6
"valorant indonesia - clutch terbodoh , 4 vs 1 , lagi garuk",Gaming,6
world of warships indonesia - perang kebodohan di laut,Gaming,6
ready or not - jadi polisi tapi gak ready,Gaming,6
indonesian pubg - stupidity,Gaming,6
back 4 blood - game zombie perusak persahabatan,Gaming,6
"dbd indonesia - jadi komentator , afk , kiana ngamok",Gaming,6
"codm indonesia - zombie # 2 , garit keluar discord , naik tank",Gaming,6
sebuah candaan jelek # 2,Gaming,6
"valorant indonesia - skin , banting rumah , baiter # 2",Gaming,6
pubg indonesia - ultimate kebodohan,Gaming,6
dbd indonesia - game horror kayaknya,Gaming,6
"valorant indonesia - boombot , mojo ditelpon , milyhya best sage",Gaming,6
random game random moment,Gaming,6
pubg indonesia - gak chicken gak tidur,Gaming,6
phasmophobia indonesia - investigasi hantu terbodoh,Gaming,6
codm indonesia - anniversary spesial kebodohan,Gaming,6
among us - saya adalah player terburuk,Gaming,6
"valorant indonesia - secret technique , milyhya teleport , baiter",Gaming,6
"cs:go indonesia - adu hoki , es krim , garit ngamok",Gaming,6
pubg indonesia - sebuah candaan jelek,Gaming,6
pubg indonesia - kebodohan bermain pada saat karantina,Gaming,6
dbd indonesia - kebodohan yang merusak genre game,Gaming,6
rust indonesia - kebodohan di jaman purba,Gaming,6
"codm indonesia - lupa password , zombie mode , garit yang bijak",Gaming,6
"pubg indonesia - baca chat , siul , mak lo gaming",Gaming,6
"dead by daylight indonesia - lika-liku trap , moonwalk , ninja",Gaming,6
"codm indonesia - 360 , misheard lyrics , tes main di hp",Gaming,6
cs:go indonesia - kebodohan didalam kebodohan,Gaming,6
"manca mana , bang ?",Gaming,6
"pubg indonesia - lagu vlog , afk , bug speedboat",Gaming,6
"rainbow six siege - maha karya , room tour , ngajarin bule bahasa indo",Gaming,6
pacify - penjinak hantu,Gaming,6
speed drifters - game balap perusak persahabatan,Gaming,6
"pubg indonesia - voice to all 2.0 , test panci 2.0 , epic chicken dinner",Gaming,6
"pubg indonesia - voice to all , lagu random , jadi caster",Gaming,6
pubg indonesia - 100 % kebodohan,Gaming,6
raft indonesia - gabut di laut,Gaming,6
"pubg indonesia - klakson , whisper play , mobil terbalik",Gaming,6
"pubg indonesia - magic word 2.0 , kansei dorifto , motor gila",Gaming,6
"pubg indonesia - magic word , kotk , tong setan",Gaming,6
"pubg indonesia - asap merah , mobil terbalik , deathmatch",Gaming,6
"fortnite battle royal indonesia - jatuh massal , pacul power , sepak bola",Gaming,6
"pubg indonesia - blue zone , driving skill 2.0 , main di server kr/jp",Gaming,6
garry's mod indonesia - screaming simulator,Gaming,6
"pubg indonesia - motor nyangkut , driving skill , golok power",Gaming,6
"cs:go indonesia - "" fake bomb , lag clutch , suara tembus """,Gaming,6
"pubg indonesia - "" test panci , redzone , kamuflase """,Gaming,6
"pubg indonesia - "" kebodohan yang tidak dapat disembuhkan """,Gaming,6
"cs: go indonesia - "" bomb hilang , kera ngamuk , autotune """,Gaming,6
"rust indonesia - "" susah berburu , musisi purba , tanda map by garit """,Gaming,6
"the forest indonesia - "" terdampar dengan orang-orang bodoh """,Gaming,6
"cs:go indonesia - "" instant karma , wan-taps , ganti nickname """,Gaming,6
"resident evil 6 indonesia - "" petualangan koplak leon helena "" # 3 w/ garit",Gaming,6
"cs:go indonesia - "" es koling , ambisi untuk ace , caster abal-abal """,Gaming,6
"cs: go indonesia - "" coop_mission_rush """,Gaming,6
"resident evil 6 indonesia - "" petualangan koplak leon helena "" # 2 w/ garit",Gaming,6
"cs:go indonesia - "" kesialan mily , bot bandel , 6 vs 5 competitive ? """,Gaming,6
"portal 2 coop indonesia - "" stage 2 makin random "" w/ madelta # 3",Gaming,6
"cs:go indonesia - "" remi on fire , roasting garit , mily ace """,Gaming,6
"resident evil 6 indonesia - "" petualangan koplak leon helena "" w/ garit",Gaming,6
"payday 2 indonesia - "" mencoba menjadi maling profesional "" w/ antoni",Gaming,6
"cs: go indonesia - "" janda , bomb nyangkut , sundaey jago knife "" w/ friends",Gaming,6
"keep talking and nobody explodes - "" cara menjinakan bomb dengan benar "" w/ remilio",Gaming,6
"portal 2 coop indonesia - "" tutorial sengit berlanjut "" w/ madelta",Gaming,6
"cs:go indonesia - "" sif is back , tragedi kick , silver abadi "" w/ friends",Gaming,6
"left 4 dead 2 indonesia - "" test main di suruh nganterin cola "" w/ antara",Gaming,6
"cs:go indonesia - "" miawaug team kill , jeritan milyhya , rip aim "" w/ friends",Gaming,6
"garry's mod indonesia - "" ngajarin riltz main gmod horror "" w/ riltz",Gaming,6
"portal 2 coop indonesia - "" tutorial sengit "" w/ madelta",Gaming,6
"resident evil revelations indonesia - "" raid mode "" w/ antara",Gaming,6
"garry's mod indonesia - "" penakut ketemu penakut "" w/ antoni",Gaming,6
"cs:go indonesia - "" asal main , yang penting fun "" w/ friends",Gaming,6
"fifa online 3 - "" 1v1 challenge "" w/ antara",Gaming,6
"cs: go indonesia - "" mg_mario_party "" w/ friends",Gaming,6
"closers online indonesia - "" cuma test main "" w/ antara",Gaming,6
adu skill main ski di swiss ! ! ! cipung rafathar lily cobain balapan main ski ! ! ! !,Entertainment,3
salju pertama lily ! !excited ketemu salju di swiss,Entertainment,3
liburan paling memorable ! ! lily pertama kali unjuk bakat nyanyi karoke sama cipung depan nagita ! ! !,Entertainment,3
persiapan pindah kota ke paris ! ! ! akhirnya cita2 nagita tercapai buka cafe roti di paris ! ! !,Entertainment,3
"boiyen konsultasi pernikahan , ebel dustin bongkar rumusnya # jjyg # eps6",Entertainment,3
rans the world london ? ! ! keluarga rans akhirnya bisa ngabisin waktu di winter wonderland ! !,Entertainment,3
quality time raffi nemenin rafathar tour di stadion anfield ! ! !,Entertainment,3
nagita perawatan muka di korea sebelum liburan akhir tahun ! !,Entertainment,3
"berkunjung ke apartement nagita dulu di london ! ! ! rafathar , cipung , lily diajak pindah ke london ! ! !",Entertainment,3
"the duda s -1 : walau hujan , akhirnya dapet sunset yg epik!ariel noah dibikin merinding sama suara ini",Entertainment,3
hello london ! lily happy pertama kali ngerasain winter disini ! cipung langsung ajak lily fotosyut ! ! !,Entertainment,3
lily kasih unjuk isi kopernya buat liburan ke eropa pertama kali ! ! ! outfitnya bikin salfok ! ! !,Entertainment,3
cuma nagita ditemenin artis korea keliling seoul ! ! ! nagita full senyum ! ! !,Entertainment,3
sebelum liburan akhir tahun ! ! raffi nagita kompak selesain kerjaan bareng,Entertainment,3
"bismillah , abis nikah boiyen jadi milliarder , dustin , ebel full support # jjyg # eps5",Entertainment,3
the duda s - 1 : bali utara bikin speechless ! ! saking betahnya bikin ariel mau pindah ke bali ?,Entertainment,3
raffi seharian ngasuh rafathar cipung lily dirumah spongebob ? ! !,Entertainment,3
kelilying bareng ajja : om fadil berhasil ngasuh ajja lily seharian sampe basah kuyup ! ! !,Entertainment,3
lily salting dinyanyiin mahalini iky langsung depan muka ? ! ! nagita raffi panik di pertandingan ! ! !,Entertainment,3
bangga film indonesia ! ! nagita hadiri gala premiere film timur ! ! wajib ditonton ! !,Entertainment,3
"ini hasil kerja keras ebel , boiyen dustin bangga # jjyg # eps4",Entertainment,3
"pertama kali latihan muaythai , cipung semangat karna di temenin teh lily ! ! !",Entertainment,3
ajja lily buka kado ! ! heboh seheboh hebohnya,Entertainment,3
celengan ayam aa,Entertainment,3
ajja dapet surprise langsung speechless ! ! apa tuh kira kira ?,Entertainment,3
"jjyg : fomo padel ! boiyen , ebel , sastra berburu ilmu sama masternya , oki rengga kualahan # jjyg # eps03",Entertainment,3
lalu begini : happy birthday cipung ke-4 tahun ! ! ! kejutan tengah malem berhasil ! ! !,Entertainment,3
aa jadi dino,Entertainment,3
happy birthday cipung ke-4 tahun ! ! ! kejutan tengah malem berhasil ! ! !,Entertainment,3
"nagita iseng ke korea ! makan , ngopi , pulang deh !",Entertainment,3
rumah andara diserbu nyamuk,Entertainment,3
"the duda s-1 : curhat soal new york sambil kulineran ikan nila salin , jadi tau kebiasaan masing masing",Entertainment,3
berpetualang di negeri gajah putih ! ! ! cipung dan ncus rini naik kapal buat pindah mall doang ! ! !,Entertainment,3
super heboh ! ! persiapan nagita buat makan siang bareng davikah di bangkok ! !,Entertainment,3
nagita diajak cipung s day out ! ! ! berburu kuliner di thailand ! ! !,Entertainment,3
diajak mukbang ! lily belajar makan sendiri ! ! ! bikin gemes .,Entertainment,3
riding dari brooklyn ke beer mountain boril nyasar .,Entertainment,3
podcast si ajja episode paling ngakak ! ! ! obrolan 3 sahabat ! !,Entertainment,3
quiz bersama teteh lily ! ! ! semuanya ngakak ! ! lily berhasil nebak semuanya ! ! !,Entertainment,3
behind the scene hebohnya foto keluarga rans ! ! ! lily bikin nagita gemes ! ! !,Entertainment,3
perjalanan paling jauh menyusuri sudut kota nyc,Entertainment,3
romantis tapi gengsi ! ! raffi nagita sempetin malem mingguan sebelum pergi kerja lagi ! ! !,Entertainment,3
nagita cat rambut aloy ! ! lucu banget kaya buah buahan wkwkw,Entertainment,3
aloy vs nagita ! ! cipung lily bingung liatnya ! !,Entertainment,3
nagita dan lily duet masak besar pertama kalinya buat warga karawang ! ! ! semua heboh ! !,Entertainment,3
ayam curry terenak buatan chef cipung ! ! ! ! sampe dibawa buat bekel ke sekolah ! ! !,Entertainment,3
chicago to new york the dudas -1 jamah negara paman sam,Entertainment,3
podcast si ajja episode perdana ! ! ! ngobrol bareng ncus rini sampe ngakak berduaan ? ! !,Entertainment,3
seharian bersama lily ! ! ! cipung jagain lily yang ditinggal ncus pulkam ! ! !,Entertainment,3
cipung lily ikut nagita di jakarta fashion week ! ! ! lily ikutan catwalk ? ! ! !,Entertainment,3
"raffi beberes rumah baru ! ! ! cipung , lily bantuin belanja buah ke supermarket ! ! !",Entertainment,3
outfit ngaji lily bikin semua salah fokus ! ! ! cipung akhirnya naik iqra 2 ! ! !,Entertainment,3
cipung ajak lily healing sejenak ! ! ! bawa rombongan main kerumah baru lily ! ! !,Entertainment,3
raffi cek tanah buat bangun rumah karyawan rans ? ? ! ! cipung mantau dari jauh ! ! !,Entertainment,3
"the duda s -1 : ga cuma motoran , desta udah daftar buat ikutan marathon di chicago ? ?",Entertainment,3
"nagita seharian ngambek ! ! raffi siapin surprise anniversarry bareng rafathar , cipung , lily ! ! !",Entertainment,3
pulang dari amerika rafathar cipung lily siapin surprise buat raffi nagita ! ! !,Entertainment,3
kehebohan nagita dukung raffi di chicago marathon ! ! ! lanjut honeymoon di amerika ? ! ! !,Entertainment,3
gak mau kalah dari raffi ! ! ! cipung ikutan marathon juga di indonesia ! ! lily jadi supporter utama ! !,Entertainment,3
seharian diasuh pak muh fadil jaidi ! ! ! baby aisha jadi temenan sama lily ! ! !,Entertainment,3
persiapan chicago marathon ! ! ! nagita masak buat carbo loading semuanya ! ! !,Entertainment,3
"raffi nagita berangkat ke amerika , cipung bikin aksi ke sekolah pakai kostum lucu ! ! !",Entertainment,3
"the duda' s-1 : sampai di titik nol selatan indonesia ! ! semua seneng , mau touring lebih jauh lagi ?",Entertainment,3
pulang dari paris nagita anter rafathar pertama kalinya camping sama temen2 ! ! !,Entertainment,3
mukbang bareng lily ! ! ! bikin ngakak semuanyaa,Entertainment,3
cipung lily kompak jemput mama gigi dibandara berdua ! ! ! lily sampe terharu pelukan sama mama gigi ! ! !,Entertainment,3
the duda s -1 : touring ke pulau paling selatan di indonesia yang ga bikin nyesel !,Entertainment,3
teh lily nemenin ajja beli sepatu roda ! ! ! sekaligus potong rambut ! !,Entertainment,3
bikin nagita shock di paris ! ! ! gak sengaja tiba-tiba ketemu kendall jenner ! ! !,Entertainment,3
blind test battle donat ! ! ! cipung tebak donat favoritnya ! ! !,Entertainment,3
solo trip ke paris sendirian ! ! ! cipung tenangin lily yang nangis ditinggal nagita ! ! !,Entertainment,3
olahraga pagi ! ! ! cipung lily sepedaan keliling andara ! ! !,Entertainment,3
happy birthday ncus rini ! ! ! kejutan dari cipung bikin ncus rini terharu ! ! !,Entertainment,3
satu vlog full ocehan lily ! ! cipung di prank naik wahan di playground ! ! lily ngakak ! ! !,Entertainment,3
lily diajarin mancing di empang untuk pertama kalinya ! ! ! cipung ngakak liat lily mancing ikan ! ! !,Entertainment,3
cipung ajak lily belanja ke supermarket buat stok bekal sekolah ! ! !,Entertainment,3
kangen masak ! ! ! kolaborasi chef cipung asisten chef lily didapur bikin dessert enak ! ! !,Entertainment,3
cipung lily unboxing mistery box ! ! ! semuanya ikutan heboh liat isinya ! ! !,Entertainment,3
cipung lily nyusul ke singapore jenguk nenek amy nagita temenin lily beli jepitan lucu ! ! !,Entertainment,3
halo pemirsa ! ! ! cipung lily kembali ngevlog ! ! !,Entertainment,3
"petuah nagita buat boiyen , patah hati no bahagia yes # eps2",Entertainment,3
boiyen patah hati ! ! rispo dan ebel ajak boiyen melancong # eps1,Entertainment,3
selamatkan dino markono,Entertainment,3
asal usul dino land ( part 02 ),Entertainment,3
the dudas -1 : main ke sekolah coki anwar ! ! ! ternyata coki anwar berbakat ! !,Entertainment,3
asal usul dino land,Entertainment,3
pertama kalinya cipung ikutan panjat tebing ? ! ! ncus malah asik naik perosotan ! !,Entertainment,3
lily mau ikutan unboxing ! !lucunya ! !,Entertainment,3
cipung ajak ncus rini piknik ! ! ! berujung panik berduaan dikejar-kejar rusa ? ? ! !,Entertainment,3
terbang bersama pterodactyl,Entertainment,3
"the duda s -1 : pertama kalinya desta , raffi , ariel , gading touring ke kudus ditemenin coki anwar ! ! !",Entertainment,3
pohon raksasa dan telur emas,Entertainment,3
cosplay lucu lily dan cipung jadi princess jasmine aladdin ! ! !,Entertainment,3
bonus episode 17 an ! ! ! pertarungan sengit bola sabun raffi vs rafathar .,Entertainment,3
spider cipung,Entertainment,3
"panjat pinang hadiah ratusan juta ! rans , leslar , ahha , jebret , thoriq pantang pulang sebelum menang",Entertainment,3
rans x ahha x leslar x thoriq x jebret ! memperebutkan hadiah ratusan juta rupiah ! nagita ikut lomba ? !,Entertainment,3
perlombaan paling meriahhh ! ! ! cipung lily ikut lomba bikin ngakak semuanya ! ! ! sabet semua juara ? ? ?,Entertainment,3
pawai kostum lucu hasil karya ncus rini buat genk andara ! ! ! kostum cipung lily bikin semua ngakak ! ! !,Entertainment,3
persiapan fashion show 17 an ! ! ! ncus rini jadi designer semua karya busana nanti ! ! !,Entertainment,3
digeplak sendal nyak kopsah ngamuk - logickah ? - frimawan,Entertainment,3
saya dulu kuli om ! buat lagu nahan lapar musisi timur punya kisah - ecko show juan reza,Entertainment,3
ada masalah sama polisi matel langsung telp ! ! nih orang bahaya semua disikat ! !,Entertainment,3
"kukuh minta digampar , lawan berat frimawan - logickah",Entertainment,3
"saya hanya kurir masyarakat stop tuduh saya macam2 , sosmed dan lapangan berbeda - ferry irwandi",Entertainment,3
indra frimawan : cewe gue beda agama . . gue login apa dia log out praz :,Entertainment,3
"oki rengga , kejadian ini di dalam mobil om seumur hidup aku nyesel",Entertainment,3
resbob mau sikat uang donasi sumatera nih gue bongkar - bigmo,Entertainment,3
mami nunung disuruh ngurut nama hari pegel - logic kah ? - frimawan,Entertainment,3
dinar candy : aku disuruh jadi ustazah bapak sampe pingsan liat aku kancutan - pojok terminal,Entertainment,3
hancur sudah hidup kami hari itu g1l44 ini konsep nipu nya ! ! ! jahaat,Entertainment,3
tapi ini bukan tentang tikus got doang,Entertainment,3
kali ini berantem abis shooting sih - cing abdel - logic kah ? - frimawan,Entertainment,3
andre taulany : gue bongkar yang di edit ya disini hahaha - hesti - pojok terminal,Entertainment,3
kita buat uncensored - aiman witjaksono - rakyat bersuara,Entertainment,3
org45m3 berkali kali harus but why ? here clarin hayes,Entertainment,3
"ibot niko pake sepatu kebalik , kepala yang di bawah - logic kah ? - frimawan",Entertainment,3
"naykilla the next pemersatu bangsa bedanya ini , dari desahan jadi lagu uan kaisar - pojok terminal",Entertainment,3
kami pulang ke indonesia habis dihina ! igedz jeremiah,Entertainment,3
boiyen nanya caranya cerai abis pulang honeymoon gimana dah,Entertainment,3
bintang emon jatuh kita make a wish - logic kah ? - frimawan,Entertainment,3
boris bokir : klen pikir aku motoran buat apaa praz : jgn dunia terus abangku - pojok terminal,Entertainment,3
kaka jose : omongan saya akan membongkar semuanya resiko tapi harus ! ! !,Entertainment,3
om tau aku diapain sama ibu tiri aku riyuka bunga,Entertainment,3
vidi bikin album bahannya apa ( video diambil terakhir sblm hiatus ) - logic kah ? - frimawan,Entertainment,3
bahas apa kita . hm .,Entertainment,3
apa aloy ? ? loe ngatain om ded cere reza arap juga cere gue laporin loe . . - pojok terminal,Entertainment,3
"ummi , kamu cantik bgt jangan lagi menangis . .",Entertainment,3
"agak laen : om ded , goodbye jegel yg suruh , kami dapet cina baru",Entertainment,3
fajar vs frimawan nyesel kan salah pilih lawan - logic kah ? - oza rangkuti,Entertainment,3
we all love you vidi come back stronger please ! - juan eve,Entertainment,3
jarwo : awas loe nikah sama pelawak nih gue kasih tau jeleknya - praz teguh- anjani- pojok terminal,Entertainment,3
habib jafar : ini k3g1l4an macam apa ya allah ! ! ! - onad,Entertainment,3
rachel : yakin ini bukan anak aloy kenapa sih loe ga pake spiral ! ! kenapaaaa jawaaab erika carlina,Entertainment,3
pascol sampe lempar kursi tamat sma karena lawan raja terakhir - logic kah ? - frimawan,Entertainment,3
aloy ibot : hancur nih acara gara2 loe ya pulang loe ! bubarr aja lah marapthon - vidi,Entertainment,3
"parto : heh chat siapa tadi kamu , papa liat ya - enak aja mau mantu ! ! amanda caesa - pojok terminal",Entertainment,3
kiki tba : saya berani cerita ini mudah2an bisa bantu banyak orang om . . hidup itu sakit .,Entertainment,3
wah parah loe om . . kenapa gue yg klarifikasi - coki pardede,Entertainment,3
"bebek carok , corak nya apa , kok marah - logic kah ? - frimawan/tretan muslim",Entertainment,3
"reza : vidi , kamu diem dulu aku darah tinggi nih reza rahadian vs jasmine meijers",Entertainment,3
ingat ya ... udah gue ingetin di video ini . . tanggung jawab masing2 skrg .,Entertainment,3
"anya geraldine : mokondo aja gue biayain ada yg minat , bang praz - pojok terminal",Entertainment,3
kurang di s1ksa anak2 ini kurang di : sujiwo tejo - timothy anugerah,Entertainment,3
"tuk kita semua yang lelah , dan tetap berjuang , dengarlah ini . . habib umar bin hafidz . - habib jindan",Entertainment,3
reza arap : gue ulang tahun ini diginiin gue sakit lu semua - logic kah ? - frimawan,Entertainment,3
"jleeb jempol kaki masuk mulut bastian gara2 wanita terkuat asia -vidi , fina phillipe",Entertainment,3
"davina karamoy , lo percaya fajar sadboy dia dm cwk2 di ig - praz teguh - mael lee - pojok terminal",Entertainment,3
"reza arap : mereka dapet duit , gue dapet pacar ehm . . season 3 start !",Entertainment,3
yakin kita kalah wajar deal patrick dan pssi mau tau ? ! gue bicara ini bahaya om valentino- greg,Entertainment,3
king aloy : cita2 gue jadi isinya ondel2 mau apa loe ribut aja lah - logic kah ? - frimawan /,Entertainment,3
"tolong , vidi kalah debat sama anak sd - mazaya di podhub",Entertainment,3
lah kamu putus sama a . . . - eca japascal : putus satu dateng lagi kok hehee - pojok terminal,Entertainment,3
"itu polisi nangkep anak punk saya tau bjorka , dan . . .",Entertainment,3
haus kekuasaan dikasih minum apa logic kah ? - frimawan / bobon santoso,Entertainment,3
"mami nunung dapet rumah gara2 podhub kita hepi sekaliiii -vidi , arif brata",Entertainment,3
"indra jegel : kalo belom ' tek ' gue kurang sreg , praz - pojok terminal",Entertainment,3
"feri amsari , saya minta anda minta maaf berani ? ?",Entertainment,3
ferry irwandi : ribut yuk tepe tepe : itu buzzer urus dulu aja,Entertainment,3
nginjek anak jin di hutan duri logickah - frimawan / jarwo kwat,Entertainment,3
shabrina idol : vidi laki-laki idamanku dari kecil om . . geli sendiri kan lo vid -maysha jhuan,Entertainment,3
"dicky difie : pas umroh gue dikasih gamis gratis , lo diliatin e'e mancanegara praz - pojok terminal",Entertainment,3
"boiyen : dalam 1 bulan kakak aku meningg4l semua om . . ayah juga , skrg hanya ibu dan aku . . .",Entertainment,3
haha hihi kena hantam oki bakal lakuin . . . logickah ? - frimawan / oki rengga,Entertainment,3
"kita temuin catheez sama dokter gen-z . . . masih koshong juga ternyata -vidi , dr ikhsan",Entertainment,3
90 seconds rules . .. . done .,Entertainment,3
"stop dulu standup , rigen rakelna fokus jadi artis industri sombong lo - praz teguh - pojok terminal",Entertainment,3
"yang nonton ini bakal gampang ng4ceng - felix zulhendri , ph.d",Entertainment,3
"ferry irwandi telp gue , terus gue disuruh ngobrol sama tepe . . ape siih",Entertainment,3
amathia philia ( ἀμαθία + φιλία ),Entertainment,3
"kata org , anda agak t0l0l . . bener - logickah ? - frimawan / onadio leonardo",Entertainment,3
podhub balik lageeee langsung petcaah - thoriq luv aaliyah luv vidi luv om ded,Entertainment,3
saling liat t1t1t disana tempat apa ini . . . - raditya dika - poter - pojok terminal,Entertainment,3
felix siauw : koi . . cerita dooong . .. ayo ... - podcast,Entertainment,3
"dan next day , diplomat kita dit3mb4k teori konspirasi . . ulta levenia",Entertainment,3
janji manis kok hasilnya pahit logickah ? - frimawan / felix siauw,Entertainment,3
kenapa terus nantangin rakyat sih - abigail limuria - podcast,Entertainment,3
satu saat di negeri cina . . . . . ...,Entertainment,3
"mahfud md , nah ini baru info a1 . . hukuman m4t1 ok , noel ya . . dpr mau juga mas ded",Entertainment,3
mau tes dna lagi mbak apa tes iq logickah - frimawan / oza / lisa mariana,Entertainment,3
vidi ternyata gaksuka mamat ebel : biad4b kau mat . . . ini episode penuh fitnah,Entertainment,3
"praz : jirayut yg akamsi , tp koide yg paham thailand negara lo apa sih",Entertainment,3
"cuantiik bgt , imut bgt , muda bgt . . tapi ambyaar - leona zhen",Entertainment,3
felix siauw : kita kan tau ini kerjaan siapa om ded katanya agamawan . . tuhan anda lawan .,Entertainment,3
berapa cabang mamat guun shop ada keranjang kuning ? logic kah ? - frimawan / mamat alkatiri,Entertainment,3
"ibot : ampun om , fbyana brutal banget cantik , seksi tapi kok . . . - vidi",Entertainment,3
members only now,Entertainment,3
kok berani nikah pake duit ' gak halal ' wah lolox bongkar aib oki rengga - praz teguh,Entertainment,3
"gaji loe umr gak masalah , ayo kita bedah ! - ini baru masuk akal theo derick - poscasta",Entertainment,3
king aloy : iyee opa gue mucikari om ini gue di hipnotis ya ! ? ? kaki sampe dikepala,Entertainment,3
duo indra tobat ditantang orang ini logic kah ? - frimawan / indra jegel / idealis92,Entertainment,3
dilan janiyar : mantanku mokondo om vidi : apa itu mokondo ? ? - arif brata,Entertainment,3
denny sumargo : om ded pasang dong logo close the door di podcast gue - praz teguh - densu,Entertainment,3
loe mau game of attention gue kasih timothy ronald vs fakta2 . .,Entertainment,3
anak sekolah studi tour kan ngikutin pejabat jalan2 pake uang itu tuh . . kang dedi mulyadi,Entertainment,3
akhirnya ada yang nangis beneran di acara ini logic kah ? - frimawan / jenda mclover,Entertainment,3
"dj yasmin ngaku pernah dicium waktu manggung adeknya yang galak - vidi , dj freya",Entertainment,3
wabi - sabi . . . .,Entertainment,3
"dj bravy : semua yg dia ceritain itu bohong , praz gue punya saksinya - vconk - ibot - praz teguh",Entertainment,3
reza arap : gak sengaja ke publish gue buka sekalian - podcast,Entertainment,3
gading marten cerita bikin vincent sampe ngompol terkencing-kencing ! !,Entertainment,3
"@whitechorus : dari pacaran jadi mantan , tapi makin sukses ngeband",Entertainment,3
"leya baru tau ferry pernah buat anak yang deketin leya ketakutan , sampe pindah sekolah ! !",Entertainment,3
"nasehat rigen untuk sahabatnya , begini respon indra frimawan .",Entertainment,3
outing kantor yang penuh misteri ! vincent desta aja gak tau !,Entertainment,3
grind boys ! ! gofar rico yang angkat wancoy dari selokan kotor ! !,Entertainment,3
musik terbaik 2025 ! tapi kok soleh ketiduran waktu nonton oasis ?,Entertainment,3
boiyen akhirnya nikah . . nasib desta gimana ? cemburu berat ?,Entertainment,3
"frimawan tulangnya copot , rigen kaget",Entertainment,3
kehabisan ide sampai drama syuting bareng iko uwais dan nyoman paul ! untold story bahkan voli 3,Entertainment,3
rigen buka baju sok rusuh nonton vincent manggung ! hifdzi jijik liatnya . .,Entertainment,3
david bayu cerita momen yang bikin dia kangen nge-band ! jawabannya bikin soleh emosi !,Entertainment,3
jegel oki boris . . beneran ada vincent rompies di agak laen 2 ? ? hebat kali ! !,Entertainment,3
pengalaman nonton konser paling aneh . rigen dan frimawan ceritain semuanya disini !,Entertainment,3
episode paling serem ! ki prana lewu para normal ! rispo parah gak normal !,Entertainment,3
post-match interview bahkan voli 3 ! the musicians bahkan menjadi juara mengalahkan the actors,Entertainment,3
pre-match interview bahkan voli 3 ! ini dia kondisi terbaru kedua tim !,Entertainment,3
"vincent khawatir soal komunitas musisi , soleh : harus ada abang-abangan !",Entertainment,3
"bahkan voli 2 , d' komika vs the musicians !",Entertainment,3
baskara mahendra mainkan bolanya ganteng ! ! rizky febian ngaku jadi mata-mata saat lawan latihan . .,Entertainment,3
"komika yang paling gak disukai . rigen : "" rispo ! "" , frimawan : ? ?",Entertainment,3
pertemuan perdana full team the actors the musicians . perjamuan jadi arena pertarungan !,Entertainment,3
"pakde indro : vino jadi kasino , tora jadi indro , lah jadi dono siapa ?",Entertainment,3
lagu timur yang bikin soleh solihun joget tiktok !,Entertainment,3
"rigen , rispo , dan frimawan ngobrolin setan . setan ngobrolin siapa ?",Entertainment,3
el rumi gak kasih tahu ahmad dhani kapan tanggal nikahnya ! ember dia tuh ! ! !,Entertainment,3
belajar dari kebangkitan f1 williams : ini alasan gen z millenials wajib nonton f1 !,Entertainment,3
reza chandika : afgan memang sepolos itu ! ajaib ! cerita fiktif dianggap nyata ! !,Entertainment,3
"makin sengit ! bahkan voli 3 punya wild card , kalian yang nentuin !",Entertainment,3
kenapa musisi indonesia susah go international ?,Entertainment,3
vindes sport mempersem bahkan pertemuan sang kapten : ariel noah dan lukman sardi !,Entertainment,3
event sportainment yang vincent desta banget ! fitness race dan bro padel bro,Entertainment,3
"joe taslim si sub zero , anak dari kampung yang taklukkan hollywood ! ! finish him ! ! !",Entertainment,3
jangan bangun rumah sebelum nonton ini . rigen frimawan bahas feng shui,Entertainment,3
enzy diajak nikah sama maxim jourdy ! desta punya pesan buat yang mau nikah !,Entertainment,3
sukses lancar rejeki : jadi beneran sukses karena celotehan soleh !,Entertainment,3
"ayu ting ting cari jodoh : "" desta masuk kriteria sih . . tapi bandel dia ahh ! ! """,Entertainment,3
"top 5 makanan favorit hifdzi , nomor 2 bikin tercengang !",Entertainment,3
vindes mempersiapkan tahan banting : padel tanding pontang-panting !,Entertainment,3
ariel noah bisa ngelawak sekarang ! karena rambut poni cakar nya udah ganti model !,Entertainment,3
musik protes : hiburan atau perlawanan ?,Entertainment,3
cara pendaki pemula selamat dari gunung gede,Entertainment,3
rumit ! ! onad debat habib jafar ! desta dukung siapa ? ?,Entertainment,3
hasil masakan tak terduga dari chef frimawan bikin chef rigen pusing,Entertainment,3
"tirta cipeng cerita best moment , tio diskusi bareng fans sepik bola , mukti tutup sepik bola season 2",Entertainment,3
aloy gak mood ! vincent desta hesti enzy sembah aloy supaya mau syuting !,Entertainment,3
"mamat dimarahin rochi putiray : "" jangan nyalahin wasit kalo kalah ! "" , mukti entut jadi takut nanya !",Entertainment,3
"iga massardi ( barasuara ) , band viral dari masa depan !",Entertainment,3
luthfi coc takut ! king aloy kesel ! ini yang terjadi di balik layar vindeklarasi ! semua ulah rispo !,Entertainment,3
lord mukti jadi bingung fans klub lain ikutan ngurusin amorim ? kemal palevi no comment,Entertainment,3
"vixtage vol . 01 : "" zeke and the popo """,Entertainment,3
davina karamoy ditempel desta ! desta sekarang manggil om ke vincent !,Entertainment,3
"ferry irwandi ditantang mamat alkatiri , siapa yang paling juve ? lord mukti mengamati . .",Entertainment,3
kenapa visual bisa nentuin nasib musisi ?,Entertainment,3
dicky diffie darto jadi surprise birthday enzy ! gak spesial sama sekali ! !,Entertainment,3
"king aloy , kak kev , halda rispo bantai clash of champions ( coc ) di vindeklarasi ? !",Entertainment,3
nyoman paul kok bisa nyambung sama frimawan ? ! rigen : kok cocok ? ? ?,Entertainment,3
"onad janji bikin tatto spesial arsenal di punggung kalo arsenal juara epl , mukti entut gak percaya !",Entertainment,3
ernest prakasa kristo imanuel ? meninggal ? atau di tinggal meninggal ? mending mana ? ?,Entertainment,3
football manager adalah tempat pulang raditya dika dari segala kesibukannya !,Entertainment,3
hari gini nemu musik gak pake algoritma ? soleh solihun punya jurus rahasia !,Entertainment,3
tora desta punya anak cewek ! mending jadi ayah yang cuek asik atau over protektif ?,Entertainment,3
tips interview kerja dari sosok rigen si ahli pekerjaan,Entertainment,3
"nyoman paul dapat tawaran dari klub liga 1 ! ello , tio dan mukti full support !",Entertainment,3
"jika bisa kembali ke masa lalu , apa yang mau diubah ? yandy laurens sheila dara menjawab",Entertainment,3
"mukti penasaran kenapa jarang sekali pemain diaspora dari afrika , pak hamdan jelaskan langsung !",Entertainment,3
"gara-gara album ini , soleh solihun gagal jadi abri vincent rompies jadi anak punk !",Entertainment,3
enough ! ! isyana tidak mau ditunggu karena ngomong belepotan ! tungguin karyanya !,Entertainment,3
rigen frimawan mencari bakat terpendam ! hadiahnya ratusan juta rupiah ?,Entertainment,3
"tirta cipeng happy dapet kuliah 11 sks manajemen klub dari ponaryo , siap magang jadi dokter klub !",Entertainment,3
marco marlo durhaka nengokin sang ayah andy f noya ibu bukannya karena kangen tapi buat konten !,Entertainment,3
beckham putra gak takut bersaing dengan pemain asing ! tirta cipeng approve gayanya beckham !,Entertainment,3
wendi cagur : member prediksi yang tidak pernah mau diundang akhirnya hadir ! !,Entertainment,3
rigen spill nama anak frimawan ! kapan nikahnya ? waduh ?,Entertainment,3
"ole romeny anggap marselino adik , desta tio mukti terharu ! a true friendship at oxford united ! !",Entertainment,3
"rizky febian seneng banget diajak bahkan voli ! indra jegel frustasi , tantang the prediksi ! !",Entertainment,3
andre taulany marah-marah ! mau bubarin prediksi ! ! pada susah diatur ! !,Entertainment,3
dari kado terindah persija thomas doll untuk maman abdurahman sampai memori buruk aff 2010 !,Entertainment,3
"rigen frimawan balik ! namanya juga orang , lagi ?",Entertainment,3
mukti shafira ika cerita seru perbolaan di jepang ? ! arif brata review pertandingan ala fitra eri ! !,Entertainment,3
"perjalanan spiritual berharga mukti entut , tirta cipeng , tio dan desta bersama sepik bola di jepang !",Entertainment,3
mukti cipeng tio desta jadi saksi kehebatan timnas jepang langsung dari suita stadium osaka ! !,Entertainment,3
molen hamka full senyum di hari kemenangan ! beckham egy berhasil jawab keraguan kita semua ! !,Entertainment,3
jegel mukti oki berandai andai menjadi pelatih klub liga 1 dan memilih starting xi terbaiknya ! !,Entertainment,3
mempersem bahkan d' komika di bahkan voli 2 ! disuruh mengkeren masih tetap menglucu ! ! !,Entertainment,3
mempersem bahkan the musicians ! mengrusuh di bahkan voli 2 ! ! !,Entertainment,3
ini kan yang kalian tunggu ? ! mamat riphan buka bukaan soal tamu paling absurd di podcastnya ! !,Entertainment,3
"ello pasang parabola demi nonton juve di serie b ? ! ngakak ngomongin bola bareng mukti , tio , tirta ! !",Entertainment,3
oki rengga ramal tim liga 1 yang akan turun kasta ? ! tirta cipeng gak rela pss sleman degradasi ! !,Entertainment,3
"tirta cipeng lebih pilih lari marathon daripada ke liverpool , nggok nekat berangkat sendirian ! !",Entertainment,3
klarifikasi marc klok soal shin tae-yong ! tio mukti cipeng ngeri-ngeri sedap ! !,Entertainment,3
di balik behind the stage : ali manggung di sxsw dan kexp live session ! dance habibi goes to america !,Entertainment,3
"lord atep , legenda persib yang menikahi jakmania taklukkan tokyo marathon ! tirta cipeng penasaran !",Entertainment,3
greg nwokolo dibikin kikuk sama kinos ! ada kejutan dari bestie greg di klub dulu ! !,Entertainment,3
"kerja di vindes sampe jam tidur kebalik , tapi pak vincent mau shooting terus !",Entertainment,3
firman utina ungkap role model dia saat jadi pemain bola ! mukti cosplay jadi jay idzes ! !,Entertainment,3
ramadan sama-sama ( official music video ) theme song ramadan bareng vindes,Entertainment,3
hamka hamzah puji penampilan berkelas rizky ridho ! mukti rela mudik macet asal timnas menang ! !,Entertainment,3
sebenernya ebel ikutan kok di ramadan bareng vindes . tapi . .. .,Entertainment,3
cipeng : mengganti pelatih di tengah perjalanan adalah sebuah kesalahan besar ! zaenal arief kecewa ! !,Entertainment,3
sheila dara dan kucingnya,Entertainment,3
saya selalu mengingat yono,Entertainment,3
mitos dan fakta kesehatan anak,Entertainment,3
eca sudah dewasa,Entertainment,3
naga puncak icespire dungeons dragons online ep . 17,Entertainment,3
cara jadi pembalap,Entertainment,3
naga puncak icespire dungeons dragons online ep . 16,Entertainment,3
prilly latuconsina dan bisnis kapalnya,Entertainment,3
paul partohap lebih bahagia di indonesia,Entertainment,3
dokter tirta ngomong enggres,Entertainment,3
kenapa naif bubar,Entertainment,3
fuji mau podcast lagi,Entertainment,3
pak andre lucu melulu,Entertainment,3
naga puncak icespire dungeons dragons online ep . 15,Entertainment,3
satu jam ngelantur,Entertainment,3
"harta , tahta , arif brata",Entertainment,3
dari ngurus make up sampai ngurus anak,Entertainment,3
"setelah hamil , semua berubah . .",Entertainment,3
naga puncak icespire dungeons dragons online ep . 14,Entertainment,3
hrd-nya tesla ternyata orang indonesia,Entertainment,3
"deddy corbuzier . dah , judulnya cukup gitu aja .",Entertainment,3
behind the youtube november 2025,Entertainment,3
derby romero suka main pedang,Entertainment,3
inilah teman nongkrong saya,Entertainment,3
penyakit ini diam-diam mematikan,Entertainment,3
main werewolf setelah sekian lama,Entertainment,3
afgan kembali dengan kacamata,Entertainment,3
naga puncak icespire dungeons dragons online ep . 13,Entertainment,3
orang di balik gado-gado dalam pot,Entertainment,3
inilah bos google indonesia,Entertainment,3
stand up comedy di luar kota,Entertainment,3
ketika kami berlima bersatu,Entertainment,3
gak punya otak dilarang nonton ! ! ! ! ! !,Entertainment,3
kok tiba-tiba jadi deep . .,Entertainment,3
saya lagi sakit jd video 5 hal favorit minggu ini diganti yono dulu maaf mukanya ga sempet diblur,Entertainment,3
usaha saya menjadi sekut,Entertainment,3
xaviera curhat : kaget hadapi dunia nyata setelah kampus !,Entertainment,3
tutorial jadi gentleman bareng angga yunanda,Entertainment,3
cara baim wong jualan film,Entertainment,3
seniman sejati tidak kelaparan book review,Entertainment,3
"yang butuh pertolongan , nonton ini !",Entertainment,3
pesugihan tanpa tumbal manusia,Entertainment,3
umur mereka setengah umur saya,Entertainment,3
behind the youtube oktober 2025,Entertainment,3
naga puncak icespire dungeons dragons online ep . 12,Entertainment,3
naga puncak icespire dungeons dragons online ep . 11,Entertainment,3
naga puncak icespire dungeons dragons online ep . 10,Entertainment,3
naga puncak icespire dungeons dragons online ep . 9,Entertainment,3
naga puncak icespire dungeons dragons online ep . 8,Entertainment,3
naga puncak icespire dungeons dragons online ep . 7,Entertainment,3
naga puncak icespire dungeons dragons online ep . 6,Entertainment,3
naga puncak icespire dungeons dragons online ep . 5,Entertainment,3
naga puncak icespire dungeons dragons online ep . 4,Entertainment,3
naga puncak icespire dungeons dragons online ep . 3,Entertainment,3
naga puncak icespire dungeons dragons online ep . 2,Entertainment,3
naga puncak icespire dungeons dragons online ep . 1,Entertainment,3
rasanya main dungeons dragons online,Entertainment,3
curhatan seorang dokter frustrasi,Entertainment,3
cerita dari ruang igd,Entertainment,3
fedi nuril sudah biasa diadili,Entertainment,3
rasanya nangis sebelum manggung,Entertainment,3
pembalasan jirayut untuk penggemarnya,Entertainment,3
"yang punya rambut , nonton ini !",Entertainment,3
"jadi , temennya anak saya punya papa . .",Entertainment,3
tidak akan ada agak laen 2,Entertainment,3
chef juna bicara masterchef,Entertainment,3
suami-istri main film bareng,Entertainment,3
pengakuan dosa selama main game,Entertainment,3
jual mobil buat live youtube,Entertainment,3
"kalau penakut , jangan nonton ini !",Entertainment,3
fase baru reza rahadian,Entertainment,3
film horor yang masih saya ingat !,Entertainment,3
cara saya bikin lagu,Entertainment,3
setelah hilang rp 53 miliar . .,Entertainment,3
video paling suci,Entertainment,3
video ini harganya rp 25 juta,Entertainment,3
dua orang dewasa kabur dari dunia,Entertainment,3
pasangan yang sering streaming,Entertainment,3
5 hal favorit minggu ini,Entertainment,3
"yang males gerak , nonton ini !",Entertainment,3
botak tiktok jago bisnis,Entertainment,3
behind the youtube september 2025,Entertainment,3
kenapa orang nonton stand up comedy ?,Entertainment,3
bisnis sukses mantan youtuber,Entertainment,3
gaya pacaran jefri nichol,Entertainment,3
dokter tirta sekarang berubah,Entertainment,3
gimana cara jadi orang tua yang benar ?,Entertainment,3
podcast sebelum padel,Entertainment,3
rasanya punya ayah komedian,Entertainment,3
kedatangan warga bintaro,Entertainment,3
peniru suara jadi sutradara,Entertainment,3
"papa mama pulang , mama papa makan",Entertainment,3
pernikahan komedian ambisius,Entertainment,3
mencari nama show stand up comedy,Entertainment,3
join member youtube raditya dika,Entertainment,3
arif brata ternyata keturunan buaya,Entertainment,3
mulut racun soleh,Entertainment,3
kedatangan ceo majelis lucu indonesia,Entertainment,3
komedian ini takut kesiangan,Entertainment,3
dalang kerusuhan di indonesia itu sebenernya . ..... conspiracy n ' chill eps . 2,Entertainment,3
solusi sekolah anti bully kasih feedback,Entertainment,3
( 18+ ) ini topik yang ditunggu para badboys ! feat . dr . gia fitri tasfiah,Entertainment,3
sarapan pagi bikin darah tinggi rumah-rumahan eps . 6,Entertainment,3
"kami bela orang jelek biar dapat kerja , ini kata pak menteri ! kasih feedback",Entertainment,3
mayat seharusnya tidak perlu dikubur ? feat . pandji conspiracy n ' chill eps . 1,Entertainment,3
"perkara dracin , padel dan ngeband ! rumah-rumahan eps . 5",Entertainment,3
el punya ego tinggi tapi green flag ! ? bad boy twins eps . 67,Entertainment,3
road to mahalucu 2025,Entertainment,3
ghost rider adalah banas pati ! tanpa arah,Entertainment,3
kami bela erick tohir kasih feedback,Entertainment,3
cina akan kirim jackie chan untuk menagih indonesia ! tanpa arah,Entertainment,3
uang bulanan bikin bulan-bulanan ! rumah-rumahan eps . 4,Entertainment,3
"woy pssi , cari pelatih yang bener dong ! tanpa arah",Entertainment,3
istri soleha itu princess diana ! rumah-rumahan eps . 3,Entertainment,3
arief didu dan ardit erwandha bad boys di dunia gaib ! bad boy twins eps . 66,Entertainment,3
"akur sampai tua , main ke kebun binatang ! kasih feedback",Entertainment,3
"nongkrong diomelin , di rumah diomelin , salah mulu ! rumah-rumahan eps . 2",Entertainment,3
ternyata gak semua yang namanya aisha itu lemah lembut . rumah-rumahan eps . 1,Entertainment,3
bingung nikah ato enggak ? nonton aja menuju pelaminan ! bad boy twins eps 65,Entertainment,3
taiwan benci indomie ? ! tanpa arah,Entertainment,3
hubungan awkward jerry dengan ibu barunya ! happy be family,Entertainment,3
reality club males di interview host cetek ! bad boy twins eps 64,Entertainment,3
bnn benci muka orang pengangguran dan jelek ? tanpa arah,Entertainment,3
bagas punya ayah suka koleksi cewek ! happy be family,Entertainment,3
eksklusif ! kedatangan alien di bumi ! tanpa arah,Entertainment,3
dpr kan p nya pencuri ! tanpa arah,Entertainment,3
perunggu terbentuk karena males kerja di kantor ! eps . 63,Entertainment,3
kami punya solusi agar demo kalian didengar ! tanpa arah,Entertainment,3
orang pati harus nonton ini ! ! ! tanpa arah,Entertainment,3
coldiac dan oza males lihat ahmad dhani viral terus ! bad boy twins eps . 62,Entertainment,3
amerika dan india berteman demi video intim ebel ! tanpa arah,Entertainment,3
perang kamboja thailand ternyata cuman karena ginjal ! tanpa arah,Entertainment,3
ernest gak mau ada oza sastra di filmnya ? bad boy twins eps . 61,Entertainment,3
robot 3 miliar gak mempan lawan air ! tanpa arah,Entertainment,3
kata ebel yang bikin banjir jakarta itu orang bogor ! tanpa arah,Entertainment,3
karyn streaming untuk bisa nyaleg ! bad boy twins eps . 60,Entertainment,3
kutipan dari internet bisa menjatuhkan negara ! tanpa arah,Entertainment,3
syaiful ngedukung perang dunia 3 ! ! tanpa arah,Entertainment,3
ternyata 80m bisa mencegah banjir jakarta ! tanpa arah,Entertainment,3
pemberian jam tangan mahal gak ada salahnya ! tanpa arah,Entertainment,3
cita-cita gledeg manggung bareng sby ! bad boy twins eps . 59,Entertainment,3
kasino menjadi pemasukan untuk ormas ! tanpa arah,Entertainment,3
gundik siap hadapi film raksasa barat ! bad boy twins eps . 58,Entertainment,3
dua negara rusuh hanya karena mantan tentara ! tanpa arah,Entertainment,3
puisi seniman untuk menjatuhkan sound horeg ! tanpa arah,Entertainment,3
bahasa jaman sekarang bikin dedi mulyadi marah ! tanpa arah,Entertainment,3
pengungsi gaza akan dijadikan tentara di indonesia ! tanpa arah,Entertainment,3
"aan dukung china , rupiah akan diganti yuan tanpa arah",Entertainment,3
kata the panturas venue di indonesia gak sebagus singapura ! ! bad boy twins eps . 57,Entertainment,3
trailer pemuda tersesat season 3 lucuflix,Entertainment,3
"meisita ketemu sastra , # meikarta ! bad boy twins eps . 56",Entertainment,3
incest antar saudara tidak termasuk l68t ! tanpa arah,Entertainment,3
bocoum sudah jadi bad boy maskulin sejak kuliah ! bad boy twins eps . 55,Entertainment,3
minyak ikan adalah minyak eco-friendly ! tanpa arah,Entertainment,3
ciccio hampir m ti karena jadi vampire ! bad boy twins eps . 54,Entertainment,3
patrick kluivert tidak pede ! tanpa arah,Entertainment,3
"masa kecil yang kelam , mengubah apos sebagai bad boy ! bad boy twins eps . 53",Entertainment,3
"heran , korban kebakaran kok sedikit banget ! tanpa arah",Entertainment,3
"penjara penuh , b4nd@r nark ba masuk pemerintah ! tanpa arah",Entertainment,3
aan bilang masyarakat banyak ngeluh ! tanpa arah,Entertainment,3
best moments tanpa arah 2024 tanpa arah,Entertainment,3
berlliana lovell : cewek gemini setia ! ! ! bad boy twins eps . 52,Entertainment,3
dustin gak setuju kalo ojol dikasihin subsidi ! tanpa arah,Entertainment,3
xaivul mau ganti tv canggih di sekolah dengan videotron ! tanpa arah,Entertainment,3
"rayi , nino kalah badboy sama asta ! ! bad boy twins eps . 52",Entertainment,3
"pilkada daerah khusus konoha , xaiful sudah tau pemenangnya tanpa arah",Entertainment,3
"bonge redup , job kalang kabut ! ! ! mli podcast",Entertainment,3
"aldy maldini , dari anggota coboy jadi official badboy ! bad boy twins eps . 51",Entertainment,3
"menang lawan mike tyson , jake paul siap duel lawan lansia indonesia tanpa arah",Entertainment,3
xaivul pingin mars menjadi planet kelapa sawit ! tanpa arah,Entertainment,3
intel t3mb4k daus separo karena salah target ! mli podcast,Entertainment,3
"febby rastanty , pentolan 70 yang sering nginap di sekolah ! bad boy twins eps . 50",Entertainment,3
dustin minta komdigi legalkan jud l ! tanpa arah,Entertainment,3
"tessy , berawal dari tentara berakhir jadi bercanda mli podcast",Entertainment,3
sukraj the bollywood tembem bad boy twins eps . 49,Entertainment,3
elon musk sujud dengan kepintaran aan android ! tanpa arah,Entertainment,3
serius ! aan android bisa hentikan konflik korea ? ! tanpa arah,Entertainment,3
"150 ribu viewers , sastra boxing lawan paris ! bad boy twins eps . 48",Entertainment,3
dustin dan xaivul mencoba pergaulan bebas mencoba mengerti podcast,Entertainment,3
"xaivul curhat , ai-syah gak perduli mencoba mengerti podcast",Entertainment,3
"dustin ingin gaji hakim naik , xaiful kesal merasa hakim kerjanya gak bener ! tanpa arah",Entertainment,3
kita berhasil bongkar mafia wasit ! tanpa arah,Entertainment,3
dustin ngajak aisyah buat jadi timses cagub dki ! mencoba mengerti podcast,Entertainment,3
xaivul ungkap intrik akun fufufafa ! tanpa arah,Entertainment,3
"vino dan angga menang badboys di film doang , aslinya cemeeenn ! ! bad boy twins eps . 47",Entertainment,3
xaivul curiga pon buruk karena dustin tanpa arah,Entertainment,3
bambang pacul memahami soal t brut ! ! !,Entertainment,3
you can say that callista arum is kind of a bad girl bad boy twins eps . 46,Entertainment,3
"xaivul , sang maskot b llying tanpa arah",Entertainment,3
""" dunia entertain sekarang kejam baim "" - mcdanny , 2024 mli podcast",Entertainment,3
rico lebih pilih wanita dibanding n4rkoba bad boy twins eps 45,Entertainment,3
ternyata dustin pingin nonton film dewasa kalo udah jadi caleg mencoba mengerti podcast,Entertainment,3
xaivul membongkar kebobrokan gugel tanpa arah,Entertainment,3
sule terbukti pelawak sombong mli podcast,Entertainment,3
"coach dustin dan xaiful cowel debat , yang menang gantiin sty ! tanpa arah",Entertainment,3
dustin ny4leg untuk generasi emas indonesia mencoba mengerti podcast,Entertainment,3
bambang pacul bahas jabatan warisan ! !,Entertainment,3
"rais marasabessy , putra debt collector bad boy twins eps.44",Entertainment,3
xaiful pemecah bangsa tanpa arah,Entertainment,3
ibt paling greget 2025 ! bikin kapok jd adek jail - njan ngaku pernah nimpuk teh putri sampe nangis ? !,Entertainment,3
best moment ybba : leya nelpon seseorang ? ! terus bilang i love you . siapa dia ? !,Entertainment,3
yang iri minggir dulu ! moment njan belajar sama nuy biliar rara sudirman yang bikin sule gregetan,Entertainment,3
maizura minta uang mahar gede ? ! ! ! sampai 2 miliyar ? ! ! kang sule mc danny pingsan ! ! !,Entertainment,3
viona minta kang sule waspada soal penyakit liver ? ! ! anton mc danny sampai kaget ! !,Entertainment,3
meisita makin nempel sama kang sule gara-gara ini . . romaria udah ga malu sama kucing tapi sama cowo,Entertainment,3
kang sule said wanita bikin sial ? ! ! clara bernadeth aurra kharishma sampai kaget ! ! !,Entertainment,3
cerita dilan janiyar gak ada sensornya ! ! kang sule siap buka hati biar dilan gak dig bl kin lagi ? !,Entertainment,3
"febyana ikut greget sama dpr ? ! bang bopak "" titip salam "" buat eko patrio dan uya kuya di senayan ? !",Entertainment,3
gian aman gak nih ? ! patah hatinya keluarga tambun bikin teh ifni makin mepet ke kang sule ! !,Entertainment,3
bukan vidi aldiano yang datang ? ! ! eh bapak nya emir curhat sembuh total dari sakit karena kang sule !,Entertainment,3
di samperin nirina zubir ! ! kang sule dan mc danny jadi makin deg-degan ! ! wahh kenapa nih ? !,Entertainment,3
"abis lagu baru , film baru ? ! njan diajak main film sama keisya levronka fajar nugra ! ! gas gak sih ?",Entertainment,3
ketua rt gen z mau jadi next gubernur jakarta ! titip pesan buat bapak pramono anung ? !,Entertainment,3
ibt 277 : waktunya gen-z nih ! ! shakira vierr dari nge-fans sampai sukses nge-date sama rony parulian ? !,Entertainment,3
ibt 276 : rara sudirman bikin njan kagum sama suaranya ! ! wajib ketemu piche kalau gini ! !,Entertainment,3
ibt 275 : cantiknya raia wahab bikin gombalan njan keluar lagi ? ! ratu sama mang sule curhatin mantan,Entertainment,3
ibt 274 : tissa arbani mau nyusul al alyssa ! ! umi malah sedih ? ! !,Entertainment,3
ibt 273 : ada lisa blackpink versi sunda ! njan ngakak liat ratu sama mang sule adu nasib,Entertainment,3
ibt 272 : ratu makin centil sana njan ! ravi andika spill awal cerita njan leya dari lagu pertama ? !,Entertainment,3
ibt 271 : chelsea concheta bikin hati njan jadi velocity sampai ter-stecu stecu !,Entertainment,3
ibt 270 : kelakuan random azia riza malah bikin njan jatuh hati ? ! ' call me ' gak niiih,Entertainment,3
ibt 269 : datang-datang hanin dhiya langsung pengen njan duet di lagu barunya ? ! !,Entertainment,3
ibt 268 : diomelin istri gara-gara nulis lagu buat mantan ? ! iky idho curhat pengen punya anak kembar,Entertainment,3
ibt 267 : pesona atlet billiard pemersatu bangsa ! njan sampe aduh-aduh diajarin main sama nuy ? !,Entertainment,3
ibt 266 : rekor ! eps terpanjang ibt nih gess ! njan sampe manyun demi belajar beatbox dari adi kerang !,Entertainment,3
spesial moment njan oleng dari leya gara - gara genk cewe ini ! !,Entertainment,3
yang kangen leya merapat ! ! kita kasih liat kerandomannya bareng bintang tamu - bintang tamu ini,Entertainment,3
ibt 265 : semuanya tenang tetep sabar ! fajar sadboy bikin satu studio gregetan !,Entertainment,3
ibt 264 : dara sarasvati ngelamar jadi asistennya njan ! ! semuanya jadi buyar ! ! !,Entertainment,3
ibt 263 : dina.gl nantangin njan dan oliv duel karate pas lebaran ? ! ! rambe auto ketar-ketir ! !,Entertainment,3
ybba e4 : keseruan berlanjut ! ! dari cerita horor sampe cerita kenzy yang dikerjain pak haji andre,Entertainment,3
"ibt 262 : dibikin nangis njan , oliv malah makin lucu ! eltasya punya masa lalu sama rambe ? ! mantan . . .",Entertainment,3
"ybba ep3 : diomelin njan sama leya , kode-kodean kenzy oliv malah makin kenceng ? ! ada apa sih ini ?",Entertainment,3
"ibt 261 : diantara merdunya suara anggis danar , ada njan oliv yang tetep sabar liat kelakuan sule",Entertainment,3
ybba ep 2 : njan kenzy kaget ! ! leya kedatangan cowo misterius ? ! !,Entertainment,3
ibt 260 : curhat irish bella ramadan bareng keluarga baru ! rahasia bang haldy dibongkar kang sule ? !,Entertainment,3
ybba ep 1 : kenzy bongkar rahasia besar njan leya ? ! bikin oliv gak tahan ! !,Entertainment,3
ibt 259 : njan mau pergi ke gunung demi si cantik putri pariwisata - ling ling ? ! ratu insecure ? !,Entertainment,3
ibt 256 : cantiknya prinsa mandagie bikin njan chaos setengah mati ? ! !,Entertainment,3
ibt 257 : ponakan mang sule dateng nyari garam dan madu ? ! si gemes haura bikin studio jadi nano nano !,Entertainment,3
ibt 256 : ada sisca ex jkt48 bikin njan klepek-klepek ! ! leya dilupain nih ? !,Entertainment,3
ibt 255 : ternyata nabila njan udah ikrib banget gess ! udah bisa ngambek-ngambekan ? !,Entertainment,3
ibt 254 : mang sule mau ngadu ke leya pas jurus gombal njan muncul waktu denger suara merdu syarla ? !,Entertainment,3
dari om bimbim sampe tora sudiro ! ! semua anak artis dateng kesini demi njan !,Entertainment,3
"spesial moment ! ! ' surat cinta ' njan buat ka eca , meyden dan zoe levana",Entertainment,3
makin jago isengnya ! ! ayah sule kena roasting njan waktu lagi pepet cewe-cewe cantik,Entertainment,3
"rame ! kompaknya keluarga tambun , laura moane dan ariel ngerjain njan ayah sule",Entertainment,3
ibt 253 : gak .. gak . . gak kuat njan gak rela lydia mau jadi member magang di 7icons !,Entertainment,3
ibt 252 : njan sepi gak ada leya ! tapi maydea dateng dengan merdu bikin njan jadi dag dig dug ! ciyeee,Entertainment,3
ibt 251 : lydia ajak main film horor ? ! ! njan auto kangen leya,Entertainment,3
ibt 250 : lydia onic dateng mau jadi co-host magang ! ? njan mulai oleng nih pemirsa,Entertainment,3
ibt 249 : suhu ! ! belom pacaran udah bisa bikin nangis cewe ? ! leya sama mama jadi target baru dapon ? !,Entertainment,3
ibt 248 : ciiyeee njan udah mulai cemburu tipis-tipis nihh liat leya malu-malu gemes sama mahen,Entertainment,3
ibt 247 : kecil-kecil tapi kelakuannya buat semua heboh ! lolly unyu siap ganti status jadi istri bocil,Entertainment,3
ibt 246 : couple talks ! ! klarifikasi cantika dan abi soal hubungan mereka ? ! beneran udahan nih . . . ?,Entertainment,3
ibt 245 : njan minggir dulu ! giliran leya yang gombal sampe salting berat karena suara merdu senandika,Entertainment,3
ibt 244 : njan auto ngambek ! ! liat baim leya tatap-tatapan ? ! !,Entertainment,3
spesial episode aman boss ! kang sule sukses bikin mereka salting sampai malu rahasianya kebongkar !,Entertainment,3
ibt 243 : jauh-jauh dari malaysia ! ! yuka aya ngajak njan leya double date di ancol ? ! !,Entertainment,3
aman bos e45 : bikin semua emosi ! ! livy renata beneran kena pelet cinta fajar sad boy ? ! !,Entertainment,3
ibt 242 : njan akrab banget sama aqeela calista ! ! sampai bikin leya cemburu ! ! !,Entertainment,3
aman bos e44 : semua jadi lagu pokoknya ! dari seru sampai kisruh ! reuni meriah mang saswi kang sule,Entertainment,3
"ibt 241 : njan minder ketemu restu ? ! ciptain lagu buat ex - jkt48 , restu sempet berantem sama pacar ? !",Entertainment,3
aman bos e43 : sule langsung siap siaga ! lolly mau cari kost-an baru gesss ! ehh . . ini lolly yang . ... .,Entertainment,3
"ibt 240 : kemarin sayang-sayangan , sekarang njan leya bahas nikah muda sama zoe abbas ! naik step ?",Entertainment,3
aman bos e42 : lengah dikit gagal fokus ! siapa yg bisa fokus kalo siva aprilia kaya gini kelakuannya,Entertainment,3
ibt 239 : pecah nih ! kenzy akhirnya dateng ke ibt ! mereka ber-4 rame banget ! bikinin program apa nih ?,Entertainment,3
aman bos e41 : vidi bule dateng bawa cewe seksi bikin kantor aman bos jadi tegang ? !,Entertainment,3
"ibt 238 : ketika kelakuan kang sule makin aneh , njan dan leya malah makin lengket ! ciyee ciyeee",Entertainment,3
aman bos e40 : cantik - cantik liar juga nih ! fithri syamsu tolak tawaran pssi gara-gara ini !,Entertainment,3
ibt 237 : njan takut sama ular ! ! leya malah datengin jihan si cantik pawang ular ! !,Entertainment,3
aman bos e39 : pengumuman ! ! veni nur lagi cari jodoh ! ! kang sule siap membatu ! !,Entertainment,3
"ibt 236 : jujur-jujuran chika ! "" bandel aku udah cukup "" chika chandrika ngaku mau nikah muda !",Entertainment,3
aman bos e38 : ada yang kesurupan ! ! desi sansan bikin gempar kantor aman bos ! !,Entertainment,3
"ibt 235 : seru ! pertama kali 17an bareng , leya dan njan belajar kompak mau jadi paskibraka !",Entertainment,3
aman bos e37 : digosipin dikit gak ngaruh ! berlin ngaku sering main ke rumah sule ? !,Entertainment,3
ibt 234 : kabulin keinginan leya ! ! njan ekslusif datengin neona ? !,Entertainment,3
aman bos e36 : neng maya siap jadi aspri baru ! kang sule langsung curhat tentang iky dan lini ! !,Entertainment,3
ibt 233 : kita di rumah baru nih gaess ! ! njan dan leya yang makin kesini bikin sule makin kesana !,Entertainment,3
aman bos e35 : sampai buka jasa curhat biar dapur tetep ngebul ! mega curhat rumah tangganya ke sule ! !,Entertainment,3
"ibt 232 : udah cantik , baik hati juga ! sabarnya snow rrq ngeliat tingkah random njan leya",Entertainment,3
aman bos e34 : zoe bakalan magang di kantor aman bos ! ! terus nasib fika gimana ? ! ! !,Entertainment,3
ibt 231 : njan minggir dulu ! leya sama nadine btr baru ketemu langsung rame ! !,Entertainment,3
aman bos e33 : kita datengin dua-duanya ! ! giliran mas pur yang jujur-jujuran disini !,Entertainment,3
ibt 230 : yang manis yang manis suara seksi ayu rrq bikin njan deg-degan ! duh leya cemburu nih ? !,Entertainment,3
aman bos e32 : goyaaang kang ! cupi datang semua senang ! gofar sampe gak rela cupi lama-lama disini ? !,Entertainment,3
ibt 229 : awalnya malu akhirnya joget juga ! goyang tiktok diva poor bikin semua terhipnotis !,Entertainment,3
aman bos e31 : atur-atur skor di sepak bola indo ? gonzales cuma ingin main dan menang untuk indonesia,Entertainment,3
ibt 228 : kang sule sampe migrain ! leya gregetan banget sama ayah ferry gara-gara ini !,Entertainment,3
aman bos e30 : atta halilintar cerita persiapan pernikahan thoriq dan aaliyah,Entertainment,3
ibt 227 : kelakuan leya yang ini bikin satu sekolah kabur ! rumah tambun udah siap hajatan lagi ? !,Entertainment,3
aman bos e29 : pawang buaya kena batunya ? ! meisita lomania ngaku sempet baper sama boris ! !,Entertainment,3
ibt 226 : sampe mau kabur dari studio ! leya melati ex-jkt48 abis dikerjain njan sule,Entertainment,3
aman bos e28 : santo suruh disuruh tinggal di rumah tambun gara-gara kelakuan ferdi ? !,Entertainment,3
ibt 225 : balikan gak nih ? ! sule bongkar curhatan mas pur bikin dwinda salting,Entertainment,3
aman bos e27 : berantem sampai dipisahin tni ! praz teguh keringet dingin rahasianya ketauan bos pablo,Entertainment,3
ibt 224 : leya dan michelle rrq shock ? ! kenakalan njan di spill kang sule ! !,Entertainment,3
aman bos e26 : aduhh ! ! ! nggak tahan ngobrol bareng nita gunawan ! ! !,Entertainment,3
"ibt 223 : rugi ratusan juta ! karena alesan ini , njan pernah ngelakuin hal yang bikin sule gregetan !",Entertainment,3
sara wijayanto bisa bicara dengan arwah . . bikin andre sule merinding di studio,Entertainment,3
sidak kantor baru rigen rispo hifdzi . . gjls banget banyak horornya,Entertainment,3
rispo : istri gw paling the best di dunia . . ternyata rispo romantis juga,Entertainment,3
"uang jajan kenzy naik 2.5jt per minggu , kok bisa ?",Entertainment,3
agak laen dapat jam tangan dari andre . . jegel sampe nangis bahagia,Entertainment,3
vincent andre eno latihan atf bareng pengantin baru . . cerita malam pertama boiyen,Entertainment,3
bravy dibayar ratusan juta buat nge dj . . pernah dihujat sampe stress ?,Entertainment,3
"kenzy ummi berjodoh , apa kata andre ?",Entertainment,3
boiyen ezel dapat kado pernikahan dari andre . . mau dibayarin honeymoon ke jepang juga . . menyala,Entertainment,3
hesti purwadinata komedian paling banyak gimmick di lapor pak . . ratu komedi indonesia,Entertainment,3
dicky difie menghibur predain selama touring di new zealand . . vincent andhika wendi ngakak terus,Entertainment,3
raditya dika si founder standup comedy romantis banget . . suami idaman buat anissa aziza,Entertainment,3
jegel oki boris pake baju domba juga . . nggak bisa lolos,Entertainment,3
jefri nichol nggak mau boxing lagi gara-gara kalah terus lawan el rumi,Entertainment,3
ustadz jojo pamer iphone 17 pro max ke andre sule . . ustadz paling gaul,Entertainment,3
kenzy mau berhenti sekolah buat jadi gamers ?,Entertainment,3
sidak agency-nya jerome polin . . punya banyak ruang rahasia,Entertainment,3
pernikahan boiyen dan rully . . andre vincent desta surya jadi groomsmen,Entertainment,3
dikta nangis diajak andre motoran ke new zealand bareng predain . . pengalaman berharga di hidupnya,Entertainment,3
kenzy lebih ngaret dari andre ?,Entertainment,3
chicco jerikho x gabagababeatz back again maluku manise ( live session ),Entertainment,3
andre ajak chicco jerikho club motor khusus orang ganteng . . sule diajak nggak yah ?,Entertainment,3
andre gamau kenzy dan dio ngerokok,Entertainment,3
soleh solihun siap motoran bareng predain di new zealand . . bakal seru banget . . aloy ikut nggak ya ?,Entertainment,3
bedain sunmori keliling bintaro bareng king aloy . . member baru nih kayaknya . .,Entertainment,3
sidak rumah baru natasha rizky . . rumah penuh berkah dan inspiratif . .,Entertainment,3
coach justin kecewa timnas indonesia gagal masuk piala dunia,Entertainment,3
andre sedih ditinggal kenzy kuliah di singapore,Entertainment,3
sidak rumah fitra eri . . the real petrolhead koleksi mobilnya banyak banget,Entertainment,3
pandji pragiwaksono marah gara-gara sule bongkar aib jaman dulu . . nggak nyangka ternyata pandji . .,Entertainment,3
kenzy main film kang solah langsung 2 juta penonton . . the next andre taulany ?,Entertainment,3
maxime spill biaya nikah sama luna bikin yang lain terkejut . . sultan emang beda . .,Entertainment,3
lova bongkar kebiasaan andre dan kenzy . . bikin haru,Entertainment,3
cing abdel harus laporan outfit ke jegel setiap hari . . harga outfit sule 25juta dan tek kata jegel,Entertainment,3
"dio sebelum ke london kasih pesan buat papa andre , kenzy lova . . bikin haru",Entertainment,3
sidak kantor baru maliq d' essentials . . kantor terskena di jakarta keren banget koleksinya,Entertainment,3
arie kriting balas dendam ke mamat alkatiri . . berantem mulu nggak selesai-selesai . .,Entertainment,3
berapa uang jajan dio selama kuliah di uk ?,Entertainment,3
andre taulany kena prank . . kenzy datangin teman-teman artis di ulang tahunnya . . baik banget semuanya,Entertainment,3
jegel andre tora om indro jadi saksi rigen davina beneran cinlok,Entertainment,3
andre setuju dio kenzy memilih jalan masing-masing,Entertainment,3
aloy lebih terkenal dari reza arap . . semua orang teraloy-aloy,Entertainment,3
andre kenzy sedih dio kuliah di london,Entertainment,3
kenzy sedih banget ditinggal dio kuliah ke luar negeri,Entertainment,3
nunung kalau ngambek dimasukin ke kantor polisi sama iyan . . pasangan random banget . .,Entertainment,3
kenzy minta dibuatin lapangan padel 10 hektar ?,Entertainment,3
rigen resmi jadi vokalis baru atf . . vincent andre surya rigen ke lombok lagi seru banget,Entertainment,3
jirayut beli tanah 1 hektar di thailand . . udah kaya banget hasil dari kerja di indonesia,Entertainment,3
lomba 17an paling bikin emosi tapi lucu . . host dan peserta malah berantem,Entertainment,3
ariel bikin peterpan comeback . . sule andre siap jadi vokalis baru peterpan,Entertainment,3
kenzy bangga banget punya papah seorang andre taulany,Entertainment,3
rigen member baru atf gantiin el rumi . . lebih bagus el rumi sih kayaknya . .,Entertainment,3
sidak ayu ting ting di studio baru . . latihan buat konser keren banget,Entertainment,3
ayu ting ting queen of depok . . mau nikah lagi kalo cowoknya setara dengan ayu,Entertainment,3
raffi andre surya desta dikta punya band yang siap gantikan one direction . . keren abis,Entertainment,3
adhisty zara main film baru . . ex member jkt48 paling sukses di film . .,Entertainment,3
andre kaget kenzy mau nikah muda ?,Entertainment,3
sidak kantor baru el rumi . . megah banget terbesar seasia tenggara,Entertainment,3
kenzy njan 2 anak pelawak legend lucu banget . . andre heran kenzy lebih sayang sama sule,Entertainment,3
atf manggung di pik . . el rumi klarifikasi berantem main bola . . kok bisa ?,Entertainment,3
rizky febian lebih deket sama andre taulany daripada sule . . semua sayang sule,Entertainment,3
kenzy ngasih nasihat ke andre . . terharu banget anak yang berbakti,Entertainment,3
ummi quary diselingkuhin pacarnya . . andre langsung cariin cowo ganteng sedunia,Entertainment,3
parto jadi anak motor lagi gara-gara desta . . andre sule bahagia ketemu teman yang baik hati,Entertainment,3
kenzy dio berantem gara-gara cewek yang sama . . andre pilih yang mana ?,Entertainment,3
sidak rumah baru aghniny haque . . rumah aktris paling menarik minimalis,Entertainment,3
kakek rese ngeluh nggak bisa berdiri . . dokter coyke sampe emosi banget,Entertainment,3
aziz gagap bongkar bayaran pertama andre sule . . nostalgia pelawak legend,Entertainment,3
andre sering ngebandingin kenzy sama dio ?,Entertainment,3
sidak kantor baru vincent desta . . anak muda banget . .,Entertainment,3
ge pamungkas kupas materi stand up . . pemula harus nonton isinya daging semua,Entertainment,3
indro warkop diajak andre ke new zealand touring bareng prediksi . . jaya jaya jaya,Entertainment,3
kenzy sekolah international . . tapi ngga jago bahasa inggris ?,Entertainment,3
atf manggung lagi el rumi ajak syifa so sweet banget,Entertainment,3
dokter boyke sidak klinik dokter coyke . . berantem rebutan pasien bikin ngakak,Entertainment,3
sidak dikta soleh cari motor baru . . andre mau beli motor seharga 2 miliar,Entertainment,3
sule live bareng mantan istri . . udah siap nikah lagi,Entertainment,3
kenzy flexing pake uang andre taulany,Entertainment,3
aloy bon jovi coldplay taylor swift kirim bunga ke andre . . semua pada bales dendam,Entertainment,3
vincent eno andre surya stevie bikin videoclip kebanyakan gimmick . . untung hasilnya keren . .,Entertainment,3
el rumi konsultasi pernikahan ke dokter boyke . . bentar lagi nikah nih,Entertainment,3
kenzy ikut taruhan bola boleh nggak ya ?,Entertainment,3
sule berobat ke dokter coyke karna sakit hati . . trio ovj comeback bikin ngakak,Entertainment,3
dwi sasono cari rumah baru daerah bintaro andre tawarin deket rumah biar tetanggaan,Entertainment,3
isyana sarasvati berantem sama vidi aldiano gara-gara album baru . . andre boiyen siap diajak duet,Entertainment,3
kenzy beliin barang mewah buat pacar pakai uang sendiri ?,Entertainment,3
sidak deva mahenra mikha tambayong . . mertua sampe nangis dikasih surprise,Entertainment,3
rigen andre dicky rispo klarifikasi kenapa hifdzi gak diajak masuk bedain . . gjls banget,Entertainment,3
andre setuju kenzy pacaran beda agama ?,Entertainment,3
sidak kantor baru trio kurnia vincent desta andre terkagum-kagum,Entertainment,3
arya saloka kenalin pacar baru ke andre . . bentar lagi viral ceweknya cantik banget,Entertainment,3
azis gagap dokter coyke bertemu bikin ngakak . . dua pelawak legend terbaik,Entertainment,3
kiky saputri baru lahiran langsung shooting lapor pak . . kejar setoran buat kebutuhan anak,Entertainment,3
andre mau pensiun kenzy siap gantiin ?,Entertainment,3
sidak rumah baru king aloy rumah idaman anak muda keren banget,Entertainment,3
kelas stand up bareng rigen . . udah ngga marah-marah lagi mau jadi kepala daerah bima ?,Entertainment,3
kenzy mau jadi playboy pacarnya banyak ?,Entertainment,3
nunung berobat lagi ke dokter coyke . . bukannya sembuh malah tambah sakit,Entertainment,3
andre desta gading darto boiyen oki sunmori keliling jakarta . . boiyen traktir nonton thunderbolts,Entertainment,3
sidak warung baru gofar hilman . . seminggu buka udah rame banget yang antri sampe ke jalan-jalan,Entertainment,3
kenapa sebenarnya ada hewan yang bisa terbang ?,Education,2
apa rasanya kalau kita direbus ?,Education,2
alasan sebenarnya israel terus menyerang palestina,Education,2
apa jadinya kalau kita gak ngapa-ngapain ?,Education,2
kenapa orang bisa menjadi kejam ?,Education,2
teori besar yang membuktikan kita adalah ikan,Education,2
apa yang terjadi sesaat sebelum kita mati ?,Education,2
apa rasanya bernapas pakai insang ?,Education,2
kenapa laki-laki bisa kena kanker payudara ?,Education,2
kenapa orang indonesia tidak berbahasa belanda ?,Education,2
kenapa hampir gak ada kasus kanker jantung ?,Education,2
kenapa kita punya dagu ?,Education,2
apa jadinya jika indonesia jadi negara serikat ?,Education,2
apa jadinya jika tubuh kita nyangkut terbalik ?,Education,2
apa jadinya jika semua orang punya mobil ?,Education,2
ide gak masuk akal ilmuwan rusia ngatasin kelaparan,Education,2
percobaan gila yang nyetrum 200 pendeta,Education,2
satu kesalahan terbesar dalam melihat masalah dunia,Education,2
kenapa mimpi pas demam aneh-aneh ?,Education,2
"the incredible weirdness of the quantum world , in 12 minutes",Education,2
the mystery of the number 137 that gives scientists headaches,Education,2
what happens if we get food poisoning ?,Education,2
apa jadinya jika semua pr dihapuskan ?,Education,2
apa jadinya kalau asean satu negara ?,Education,2
kembaran aneh lubang hitam yang bikin ilmuwan pusing,Education,2
seberapa bahaya vape sebenarnya ?,Education,2
apa rasanya . . . kena bom nuklir ?,Education,2
solusi gak masuk akal ngurangin antrean eskalator,Education,2
bagaimana sebenarnya otot bisa tumbuh ?,Education,2
alasan terbesar 90 % anak muda gagal usaha ( ft . raymond chin ),Education,2
kita semua salah paham soal waktu,Education,2
salah kaprah besar tentang anarkisme,Education,2
apa yang terjadi pada unjuk rasa akhir-akhir ini ?,Education,2
seberapa bahaya paku berkarat sebenarnya ?,Education,2
bagaimana uang bisa jadi segalanya ?,Education,2
eksperimen kodok yang mengubah dunia selamanya,Education,2
ide-ide besar untuk mengubah masa depan bangsa,Education,2
kenapa pulau jawa penduduknya banyak banget ?,Education,2
benarkah bekas jajahan inggris lebih mending ?,Education,2
gimana jika kita napas dengan 100 % oksigen murni ?,Education,2
kita nemu nenek moyang semua makhluk hidup,Education,2
gimana orang zaman dulu ngobrol beda bahasa ?,Education,2
satu pelayaran yang mengubah dunia selamanya,Education,2
apa yang terjadi jika kita minum air laut ?,Education,2
cara gila dokter ' palsu ' ini nyelamatin ribuan bayi,Education,2
alasan kenapa kecurangan adalah sifat dasar manusia,Education,2
gimana cara hacker ngebajak komputer ?,Education,2
apa rasanya punya alzheimer ?,Education,2
apa yang terjadi kalau perut kita cacingan ?,Education,2
ada misteri aneh di keruntuhan zaman perunggu,Education,2
menghapus noda sejarah adalah ide yang sangat buruk,Education,2
apa yang terjadi saat orang ketagihan pornografi ?,Education,2
kenapa otak kita suka bunyi asmr ?,Education,2
sesusah apakah jadi miliarder sebenarnya ?,Education,2
kita bukanlah tokoh utama alam semesta .,Education,2
gimana cara kerja touchscreen sebenernya ? ? ?,Education,2
"ketika para simpanse berkelompok , berpolitik",Education,2
gimana jika cairan ini bisa jadi obat masa depan ?,Education,2
apa rasanya jika masuk penjara ?,Education,2
"teknologi makin canggih , kenapa lingkungan makin parah ?",Education,2
sang partikel hantu yang bikin dunia kita bisa ada,Education,2
ayo selidikin pembunuhan 5.300 tahun lalu,Education,2
penelitian terbaru : video ini salah ?,Education,2
kenapa ada yang bisa kecanduan nyium lem ?,Education,2
gimana sebenarnya cara kerja qris ?,Education,2
kita semua keturunan dua orang ini,Education,2
kenapa cina kuno tidak menjajah seluruh dunia ?,Education,2
apakah keberuntungan bisa diciptakan ?,Education,2
apa rasanya diserang komodo ?,Education,2
apa yang terjadi saat kita mimisan ?,Education,2
cara gila ngambil minyak di tengah lautan,Education,2
apa yang terjadi saat jerawat dipencet ?,Education,2
apakah ada minyak di luar angkasa ?,Education,2
kenapa di timur tengah banyak perang ?,Education,2
dunia tanpa sadar sedang kehabisan pasir,Education,2
apakah penyakit menular paling berbahaya ? ft . gsi lab,Education,2
dari mana asal karang gigi sebenarnya ?,Education,2
"jika alien ada , seperti apakah wujudnya ?",Education,2
bagaimana sebenarnya reformasi 1998 terjadi ?,Education,2
kenapa gak semua hewan bisa dimakan ?,Education,2
yang terlewatkan saat membahas limbah nuklir,Education,2
ada yang salah sama internet .,Education,2
satu hukuman yang mengubah politik dunia selamanya,Education,2
apa yang terjadi pada kotoran yang kita buang ?,Education,2
apa rasanya kecanduan narkoba ?,Education,2
seberapa kuat tulang kita sebenarnya ?,Education,2
di mana posisi teraman buat duduk di pesawat ?,Education,2
kenapa di afrika banyak negara miskin ?,Education,2
kenapa ada hewan yang bisa ganti kelamin ?,Education,2
apa rasanya hidup dengan ptsd ?,Education,2
tanda-tanda kita hidup di dunia distopia ( ft . baskara putra ),Education,2
apakah ada senjata yang lebih parah dari nuklir ?,Education,2
apakah yang terjadi pada kasus kematian otak ?,Education,2
seberapa bahaya tbc sebenarnya ?,Education,2
kenapa bentuk dna kayak gini ?,Education,2
apa jadinya jika kita bisa milih kapan kita mati ?,Education,2
apa yang terjadi kalo kita minum darah ?,Education,2
kok bisa ada orang yang narsis banget ?,Education,2
dari mana asal ketombe sebenarnya ?,Education,2
kita nemu cara aneh bikin kulit jadi transparan,Education,2
kenapa menabung di bank adalah keputusan yang b doh ?,Education,2
996 : budaya aneh ekstrim negara china yang bikin stres berat,Education,2
networking mastery : cara bangun relasi dan komunikasi efektif,Education,2
friendship framewrok : cara cari temen di usia dewasa,Education,2
bedah psikologi pelakor orang yang hobi selingkuh,Education,2
mengapa banyak orang baik yang bodoh gampang ditipu ?,Education,2
love language : cara mengetahui bahasa cinta kita dan pasangan,Education,2
mengapa kita semakin kesepian cemas akan kesendirian ?,Education,2
self love : cara biar gak insecure sama diri sendiri,Education,2
kenapa orang miskin lebih pilih rokok daripada makan ?,Education,2
income hack : framework ubah hobi kamu jadi cuan dari 0,Education,2
5 pembelian ' bod h ' umur 20-an yang bikin nyesel in this economy,Education,2
cara manajemen waktu biar lebih produktif,Education,2
cara membuat kurikulum yang mengubah hidup jutaan orang lain,Education,2
efek negatif film dan media buat orang-orang,Education,2
cara menemukan passion dalam hidup,Education,2
mengungkap sisi gelap pesantren di indonesia,Education,2
mental health 101 : cara biar mental kamu tetep sehat + anti stress,Education,2
"dangdut : musik "" kampung "" yang akhirnya naik kelas",Education,2
tips bangun personal branding buat introvert dan pemalu,Education,2
filosofi epicureanism : seni hidup bahagia tanpa harus kaya raya,Education,2
alasan makin banyaknya soft p rn di dunia entertainment,Education,2
cara baca buku di zaman sosmed information overload,Education,2
seberapa banyak sih utang project whoosh ?,Education,2
kenapa sih orang tua ( boomers ) gampang kena hoax ? !,Education,2
apa itu okb dan kenapa mereka dianggap norak ?,Education,2
kenapa banyak genz suka buang duit buat nonton konser ?,Education,2
jatuh cinta sama robot ai ? sisi gelap humanoid yang jarang dibahas,Education,2
strategic leadership style : kenali tipe kepemimpinan lo,Education,2
"mitos investasi emas crypto : kenapa aset "" aman "" bisa bikin portofolio hancur ?",Education,2
stoikisme = filosofi orang lemah ( ? ),Education,2
kenapa makin banyak pasangan cerai di 2025 ?,Education,2
kenapa kerja di bumn dan pns makin gak menarik ?,Education,2
kenapa orang miskin suka sok kaya ?,Education,2
cara keluar dari toxic relationship tanpa banyak drama,Education,2
sisi gelap dunia crypto : rungkad 300 triliun dalam 10 menit ?,Education,2
kenapa aktivis malah berantem satu sama lain ? ( geng 17+8 vs . everyone ),Education,2
strategi praktis mengatasi dan mengalahkan rasa sepi .,Education,2
bitcoin vs emas : belajar investasi dari 0 untuk pemula,Education,2
kenapa orang miskin menengah terobsesi dengan iphone ?,Education,2
cara manage kuliah dan side hustle sebagai mahasiswa,Education,2
mindset pebisnis : kenapa 90 % gagal usaha,Education,2
mengapa resign adalah strategi terbaik in this economy ?,Education,2
cara menghilangkan keresehan dan overthinking dalam hidup,Education,2
proses visa whv : kerja di australia untuk pemula dari nol,Education,2
"in this economy , nikah dulu atau mapan dulu ?",Education,2
resesi : orang kaya bakal makin kaya di tahun 2026 !,Education,2
kita semua salah paham soal trauma membedah luka masa lalu,Education,2
kenapa bendera one piece ada di demo-demo ?,Education,2
seni mengenal diri tujuan hidup menurut psikologi filsafat,Education,2
"gimana cara komunikasi ke keluarga "" toxic "" ?",Education,2
belajar speaking : kenapa orang indo gak pede ngomong bahasa inggris ?,Education,2
rahasia interview kerja biar hr makin yakin sama lo,Education,2
mengapa menteri keuangan indonesia begitu kontroversial ?,Education,2
lancar public speaking setelah nonton video ini,Education,2
3 kebiasaan aneh orang pintar menurut psikologi,Education,2
dunia ini keras buat orang miskin dan bodoh : fokus kerja,Education,2
the psychology behind successful lazy and diligent people,Education,2
conspiracy theories + masterminds behind riots in indonesia the world,Education,2
mindset : how poor people turn their money around to get rich quickly ( first 100 million ),Education,2
will the 1998 tragedy repeat itself in 2025 ?,Education,2
"self-justification , know the difference with confidence",Education,2
"how to get rid of the feeling of "" i'm useless """,Education,2
learning economics : why do taxes keep going up ? ( will they still go up in 2026 ? ),Education,2
how to whv to small towns in australia part 2,Education,2
how to whv to small towns in australia part 1,Education,2
how to know if ' he ' is the right partner for marriage,Education,2
learn philosophy and life goals from reza arap,Education,2
"belajar komunikasi di kantor lewat chatting app/tools , supaya lebih efektif dan efisien",Education,2
the psychology of npd people : why are narcissists more successful ?,Education,2
crypto trading : read macro signals to avoid misdirection,Education,2
how to make your cv different from others,Education,2
rahasia prompting ai image : bikin gambar keren dan unik,Education,2
"kenapa rupiah melemah terus : hampir tembus 17,000 ! salah menkeu purbaya ?",Education,2
apakah harga emas akan naik terus ? ( atau akan turun ? ),Education,2
cara memilih kampus untuk kuliah s2 di amerika serikat,Education,2
filosofi kapitalisme dan adam smith : sudah tidak relevan ?,Education,2
belajar bilang ' nggak ' ke orang lain : komunikasi asertif,Education,2
bahaya yang gak orang tau dari belajar filsafat,Education,2
tools ai untuk mengerjakan tugas kuliah dan skripsi,Education,2
pelajaran ipo dari cdia dan coin,Education,2
"semua bisa punya ide , tapi cuma 5 % yang berhasil . kenapa ?",Education,2
pengantar filsafat timur : belajar apa itu makna hidup,Education,2
sejarah tes intelegensi ( iq ) : mengetahui ciri otak orang pintar ?,Education,2
attachment style : mengapa kita sering salah pilih pasangan hidup,Education,2
pekerjaan gaji besar ? gak cukup in this economy !,Education,2
"perdebatan iq : iq arap 150 , pamer iq , dan sejarah tes iq",Education,2
"kalau lo udah kaya , jangan bilang siapa-siapa",Education,2
belajar berpikir kritis : biar gak gampang dibodohi !,Education,2
tanda krisis ekonomi indonesia dan dunia,Education,2
mahasiswa : organisasi buang waktu ! mending magang ?,Education,2
kenapa anak populer malah gagal setelah dewasa ?,Education,2
stargate : mega proyek ai yang bakal mengubah dunia,Education,2
kenapa israel dan as tiba-tiba perang dengan iran ?,Education,2
pekerjaan tetap bakal gak ada di 2030 : welcome to gig economy,Education,2
cara belajar 100x lebih cepat dari orang biasa,Education,2
kenapa cowok main crypto dan cewek makin ' halu ' ?,Education,2
wajibkah anak berbakti ( baca : menafkahi ) orang tua ?,Education,2
konsep gila untuk menemukan tujuan hidup,Education,2
kenapa orang kaya menaruh uang di obligasi ?,Education,2
ini restoran japanese food terunik ! menunya gak ada di resto lain ! ft . one bite big bite,Education,2
wah ! waseda boys dihipnotis pesulap viral jepang !,Education,2
"seruuu ! tes matematika ke eaj park , ternyata . ... ? ! jerome ngajarin artis internasional",Education,2
waseda boys battle orange juice rp 150.000 vs orange juice rp 20.000 ! !,Education,2
mukbang seafood viral punya nex carlos ! ! rahang tuna raksasa dibawa pake tandu ! ?,Education,2
mukbang semua menu warung korea viral ! ft . tiktoker korea ( kelly ),Education,2
wasedaboys masak menu viral tiktok ! mirip pepper lunch ! ?,Education,2
wow ! ! tour sekolah raksasa di pik ( tzu chi school ) ! ini bagus banget sih . . . jerome goes to school,Education,2
"ngakak ! mukbang mie gomak bareng agak laen ! ( boris , jegel , oki , bene )",Education,2
akhirnya ! pergi ke jepang buat wujudin impian temen ! ! ketemu yusuke ! !,Education,2
aku nantangin 3 anak sma battle matematika ! ! goes to school,Education,2
mukbang donat labu viral bareng haruka ! ! rasanya . . .,Education,2
antar adik aku kuliah di china ! campus tour + kulineran ! !,Education,2
"ngakak ! ! jerome diajarin dangdut sama jirayut , kerjain soal mtk pake bahasa thailand ! ?",Education,2
aku traktir sekantor trip ke labuan bajo ! ! dan ini yang terjadi . . .,Education,2
gile ! ! challenge matematika sambil tutup mata ! jerome billy bisa gak ya ! ?,Education,2
keliling kampus impianku ! ! harvard university tour ! terharu,Education,2
akhirnya ! ! naik pesawat business class terbaik di dunia ? ! emirates a380,Education,2
wow ! keliling kampus no.1 di australia ( unsw ) ! ! kok ada ... jerome goes to school,Education,2
"explore kulineran di sydney australia ! ! indomie 170 ribu , coba daging kangguru ! ?",Education,2
all you can eat japanese food mukbang ! ! ga rugi nih restoran ! ? jerome haruka vlog,Education,2
aku jadi guru di pedalaman lombok . ternyata . ..,Education,2
wow ! mukbang ayce sashimi wagyu a5 viral ! ! gak rugi nih restoran ? jerome haruka vlog,Education,2
"aku traktir satu kantor outing ke bangkok ! ! kulineran , explore , dll ! !",Education,2
kulineran dan reuni bareng wasedaboys hitomi ! makan ramen sushi termantap di jepang ! ?,Education,2
"mukbang pizza sultan viral ! ! topping segunung , jualan di perumahan ! ? jerome haruka vlog",Education,2
wasedaboys battle cheese cake rp 450.000 vs cheese cake rp 15.000 !,Education,2
aku jadi dosen di universitas indonesia + coba makanan kantin vokasi ui !,Education,2
nct wish coba makanan angkringan ! ketagihan ! ?,Education,2
mukbang di kantin mall fx sudirman ! langganan haruka member jkt 48 ? ! jerome haruka vlog,Education,2
jeromepiade x mit 3 : final stage ! ! tegang ! persaingan sengit dan taruhan poin . siapa yang menang ! ?,Education,2
jeromepiade x mit 2 : main kartu angka + kedatangan tamu spesial quiz master ! !,Education,2
jeromepiade x mit : panass ! ! kerjain 100 soal matematika dan cerdas cermat + mystery box ! !,Education,2
akhirnya ketemu mbah guru matematika viral ! udah 80 tahun masih hafal rumus ! ?,Education,2
mukbang mie bangladesh viral asli medan ! ! ada puding telur ! ? jerome haruka vlog,Education,2
"a week in my life ! jerome sesibuk apa sih sekarang ! ? ft . eca , dian sastro , dll",Education,2
"ngakak ! tes matematika nessie judge , horror banget ! ? jerome ngajarin artis indonesia",Education,2
mukbang di restoran juara masterchef ! ! kok makanannya begini sih ! ? ft . jesselyn mci,Education,2
jerome jadi mahasiswa kriminologi ui ! ? coba ayam lodho viral kantin fisip ! goes to school,Education,2
hunting jajanan di pasar viral jakbar ft . wendy walters ! ! ada lontong alay ? !,Education,2
makan opor susu legendaris viral sambil ngobrolin e-sport mobile legend ! ! ft . jonathan liandi,Education,2
sekolah terluas di indonesia ! ? ada lapangan sepakbola bioskop theater ! ? jerome goes to school,Education,2
jadi pingin nikah makan korbeq dan jalan2 bareng couple viral tiktok ! ft . shasa gio,Education,2
hunting makanan viral di pasar tunjungan ! ! ft . youtuber dari taiwan ( sebastian tedy ),Education,2
apa aja yang aku makan di tokyo selama 5 hari ! ? banyak yang wajib coba ! !,Education,2
akhirnya ke jepang lagi reuni bareng wasedaboys makan oyakodon viral !,Education,2
lomba makan sushi di ayce sushi viral ft . haruka ! kaget banget . . .,Education,2
mukbang di warung taburai viral punya praz teguh ! resep asli dari alm . ibunda ? !,Education,2
jerome buka puasa di rumah followers ! hunting takjil + salting bgt dapet hadiah ? !,Education,2
challenge ngerjain tes masuk ptn ( utbk snbt ) gak pake kertas ! kepala panas ? !,Education,2
main balap karung mukbang makanan indonesia bareng jackson wang ! ngakak !,Education,2
seruu ! war takjil jerome eca aura ! challenge saling beliin rp50.000 ! !,Education,2
"kaget ! tes matematika vidi aldiano , ternyata . . . jerome ngajarin artis indonesia",Education,2
coba kantin karyawan di pondok indah mall ft . agatha pricilla ! ! lengkap banget ! ?,Education,2
all you can eat di cruise thailand hidden gem resto bareng keluarga !,Education,2
hunting makanan viral streetfood di bangkok ! ! beliin hadiah buat keluarga,Education,2
jerome eca mukbang nasi padang di resto terbarunya juan eve ( rindu rasa ) ! ! rasanya kok . ..,Education,2
ngakak ! tes matematika uan juicy luicy adrian khalif ? ! jerome ngajarin artis indonesia,Education,2
coba semua rasa indomie goreng bareng hitomi yusuke ! !,Education,2
wasedaboys mukbang makanan khas labuan bajo ! ! cumi raksasa ! ?,Education,2
gemes banget ! akhirnya jerome ketemu abe cekut viral tiktok ! ! beli mainan dan main bareng !,Education,2
battle pengetahuan makan sushi bareng tiktoker anak sma ranking 1 viral ! ! ft . vania winola coc s2,Education,2
mukbang makanan kantin sma hits jakarta barat !,Education,2
tour sma hits di jakarta barat ! ada ruang podcast ? ! jerome goes to school ( ipeka puri ),Education,2
"tour fakultas hukum pertama di indonesia ( fh ui ) , bareng juara debat + mahasiswi ui !",Education,2
kulineran dan menggila di jepang amerika ! + ikut event galaxy s25 ! ! ft . vonzy,Education,2
hah ! di kampus ada hotel bintang 5 ? ! + quiz mahasiswa 500 ribu ! jerome goes to school ( ubm ),Education,2
seru ! ! tes matematika youtuber influencer indonesia irl ! main squid game versi mtk ! ?,Education,2
"ngakak ! tes matematika medy renaldy , sampe stress ! ? jerome ngajarin artis indonesia",Education,2
"chanyeol exo coba makanan indonesia main ular tangga , ketagihan micin ! ? jadi bestie ! ?",Education,2
seruuu ! ! mukbang daging + deep talk bareng keluarga ! ! special new year 2025 ! !,Education,2
"wah ! tes matematika raditya dika , jerome speechless ! ? ngajarin artis indonesia",Education,2
"makan bakso bareng ueno family ! jerome ritsuki gemes banget , latihan jadi papa wkwk ! ?",Education,2
akhirnya jerome ketemu ueno family ! ! ritsuki salting ! ? cobain snack + mainan jadul ! !,Education,2
ngantri jam 4 pagi demi makanan viral serba 10.000an ! ft . onebite bigbite,Education,2
"ngakak ! tes matematika arafah halda , bikin jerome stress ! ? ngajarin artis indonesia",Education,2
borong semua menu di fastfood favorit mahasiswa jepang ! ! - wasedaboys vlog,Education,2
hidden gem ramen di tokyo ! di sebelah rel kereta ! ? - jerome yusuke otsuka vlog,Education,2
wasedaboys masak takoyaki pizza viral di tiktok jepang ! simple dan enak ! ?,Education,2
wow ! jerome billy dikalahin anak sd juara olimpiade matematika nasional ! ?,Education,2
wow ! ! tour ke sma no . 1 di indonesia ! dulu aku hampir ke sini . . . goes to school sinlui 1,Education,2
"tes matematika pelawak no.1 indonesia , andre taulany ! jerome ngajarin artis indonesia",Education,2
"hunting kuliner viral bandung : bakmi , bakery , gelato , dll ! ft . agatha chelsea",Education,2
"ngakak ! tes matematika isyana sarasvati , ternyata jenius ! ? jerome ngajarin artis indonesia",Education,2
"seru ! ! 4 day bali trip ! coba sushi viral , kulineran , best resort , atv , dll !",Education,2
tes matematika angga yunanda ! ternyata jago ! ? jerome ngajarin artis indonesia,Education,2
traktir artis jepang makan nasi padang payakumbuah arief muhammad ! reaksinya . .,Education,2
"mukbang sushi viral ! saking ramenya , gak boleh nambah ! cuma boleh pesen 1x + q a ft . bintang emon",Education,2
tes matematika bintang emon ! ! sampe mau pulang ! ? jerome ngajarin artis indonesia,Education,2
pecah ! main ke sekolah amel carla tiktoker pasming based ! makan cilor legend ! goes to sman 28,Education,2
"shock . . cewek ini umur 14 lulus sma , umur 20 udah s3 ! hafal 1000 angka pi ! ? jerome speechless",Education,2
"dari podhub , jerome catheez collab ! makan warteg sultan viral di pik + deep talk !",Education,2
mukbang makanan korea ft . couple korea-indonesia viral ! daehoon julia,Education,2
seru ! ! pertama kali nonton motogp mandalika vip access ! bisa jalan di sirkuit makan sepuasnya ! ?,Education,2
"100 mahasiswa battle otak , juara = 10 juta rupiah ! ! jeromepiade",Education,2
mukbang di warung sambal viral life update ft . livy yusuke !,Education,2
wow ! jerome ketemu anak sd papua jenius viral ! jadi dosen kalkulus ! ? keren bgt,Education,2
"jerome yusuke hunting makanan halal di tokyo jepang ! ! yakiniku , ramen wagyu , kopi indonesia ! ?",Education,2
"kulineran di semarang ! ! ft . wendy walters , ejaak , fiersa besari dll !",Education,2
hunting makanan viral pik + q a tentang cinta dan masa depan ! ft . juan eve,Education,2
laid off ? don't worry ! get 6 months of cash and free training from jkp !,Education,2
are you a contract employee ? is your contract about to expire ? you're entitled to this compensation !,Education,2
are you a permanent employee ? do you know your compensation yet ?,Education,2
"cv , portfolio , cover letter , what are they all about ?",Education,2
the secret to passing a job interview without blundering,Education,2
things you should know before applying for a job,Education,2
rain of question marks ?,Education,2
7 rekomendasi buku untuk mempercantik pikiran # hutatabaca,Education,2
improve your memory with these 3 simple habits !,Education,2
ternyata literasi dan penalaran ngaruh ke penghasilan di masa depan . . # deeptalkmalam,Education,2
"entered itb 15 years ago , but his gpa . . . # deeptalkmalam",Education,2
sebelum umur 30 tahun harus punya apa ?,Education,2
kenapa grit penting dalam hidup ?,Education,2
how to overcome excessive prestige,Education,2
bagaimana cara introvert bisa pede public speaking ?,Education,2
how to deal with depressed people ?,Education,2
cara mengatasi kecemasan saat mencoba hal baru,Education,2
tips ambis belajar ala hermione dari harry potter,Education,2
kaya gimana sih weekendnya seorang ceo ? a day in the life of ceo pahamify,Education,2
hustle culture : kenapa kerja keras belum tentu bikin sukses ?,Education,2
digital minimalism : fasting from social media to avoid internet addiction smart netizen episode 3,Education,2
cara meningkatkan fokus agar kerja lebih optimal # deeptalkmalam,Education,2
kenapa gen z banyak ngeluh ? shallow talk episode 5 feat . oza podcast kesel aje,Education,2
hot cold empathy gap : the influence of emotions on decision making,Education,2
kak fikri menjawab pertanyaanmu : menjadi introvert bukanlah halangan !,Education,2
cara menghafal ala sherlock holmes dengan mind palace,Education,2
how to be a person who is not boring,Education,2
tips mengatasi mental breakdown,Education,2
ghibah culture : hasrat akan gosip yang tidak ada habisnya smart netizen episode 2,Education,2
conformity : ikutin kata teman atau kata hati ?,Education,2
biar apa sih ikut tawuran ? shallow talk episode 4,Education,2
cara menjadi sherlock holmes dengan penalaran deduktif,Education,2
how to achieve work life balance,Education,2
the origins of human enslavement by cats shallow talk episode 3,Education,2
cancel culture : menghukum saipul jamil hingga artis korea di internet smart netizen episode 1,Education,2
kenapa makin tua makin relate sama squidward shallow talk episode 2,Education,2
people pleaser : kebaikan yang sering dimanfaatkan orang lain,Education,2
cara ilmiah memilih tongkrongan yang sehat,Education,2
ngebadut : menghibur demi sesuap cinta shallow talk episode 1,Education,2
love language : bagaimana cara mencintai yang benar ?,Education,2
masuk kuliah di itb susah tapi lebih susah keluarnya ! mitos atau fakta ?,Education,2
media sosial menimbulkan krisis eksistensi ?,Education,2
rasa malas itu termasuk penyakit ?,Education,2
makna kegagalan dan penderitaan # deeptalkmalam,Education,2
why are bad memories so hard to forget ?,Education,2
mepet deadline bikin kamu lebih kreatif ?,Education,2
happiness is a choice # deeptalkmalam,Education,2
quarter life crisis : anxiety about life achievements,Education,2
mindfulness emotional intelligence # deeptalkmalam,Education,2
toxic positivity : optimisme yang menjadi racun,Education,2
kenapa makanan lebaran enak semuanya ?,Education,2
"accepting your flaws , tyrion lannister's advice # deeptalkmalam",Education,2
gimana cara minta maaf di luar negeri ?,Education,2
why does hunger make you angry quickly ?,Education,2
belajar sambil puasa bikin susah fokus ?,Education,2
wudhu buat wajah jadi glowing ?,Education,2
tips for non-toxic me time,Education,2
multitasking bikin kita produktif ? cek dulu faktanya,Education,2
"kemajuan teknologi makin pesat , kita mesti gimana ?",Education,2
teknologi ramah lingkungan di kehidupan kita,Education,2
rekomendasi musik pengiring belajar,Education,2
frida kahlo : seniman wanita dengan karya revolusioner,Education,2
apakah minimalisme membuat hidup lebih baik ?,Education,2
how to maintain productivity during the pandemic,Education,2
belajar serunya debat bareng sharon gadis sampul 2020 hutatalk episode 2,Education,2
tips menghindari distraksi belajar saat pandemi,Education,2
pengalaman karantina covid-19 di ui hutatalk episode 1,Education,2
pengen belajar serius tapi ga bisa konsisten ? cek tipsnya yuk !,Education,2
study plan ! your study schedule solution !,Education,2
suka mikir berlebihan ? waspada dampak overthinking !,Education,2
3 cara cepat menghafal angka ( 100 digit pi ),Education,2
review drama korea start up 01 : filosofi sandbox # deeptalkmalam,Education,2
cinta adalah seni ? # deeptalkmalam,Education,2
your brain when you' re depressed # deeptalkmalam,Education,2
cara memperbesar otak : review boost your brain # deeptalkmalam,Education,2
elon musk dan roketnya # deeptalkmalam,Education,2
walk with me - san fransisco,Education,2
tips for answering multiple choice questions,Education,2
banned books - buru tetralogy review # deeptalkmalam # hutatabaca,Education,2
skill terpenting zaman now : review buku belajar cara belajar # hutatabaca,Education,2
how to make decisions : a book review of the art of choosing by sheena iyengar # hutatabaca,Education,2
how to have a beautiful mind : review buku edward de bono # deeptalkmalam # hutatabaca,Education,2
the grand design : review buku stephen hawking # deeptalkmalam # hutatabaca,Education,2
kenapa kita merasa bosan ?,Education,2
kenapa pandemi bisa berdampak pada ekonomi ?,Education,2
corona and the dystopian future : brave new world review # deeptalkmalam # hutatabaca,Education,2
cara mengatasi kegalauan # deeptalkmalam,Education,2
coming home from america in quarantine and there's a gift for the corona generation at home,Education,2
cara belajar dengan teknik pomodoro : pentingnya istirahat 5 menit lhtl # s05e07,Education,2
how to prevent corona ft . dr . tompi,Education,2
cara meningkatkan skill dan berpenghasilan tambahan ft kaesang ( + tips santuy ),Education,2
rumah hacker di california room tour # hutatavlog,Education,2
cara berpikir einstein dan ilmuwan lainnya ( filsafat ilmu karl popper ) # hutatabaca,Education,2
kurikulum baru dengan computational thinking ? apa itu ? # hutatabaca,Education,2
atasi kebiasaan menunda dengan rencana 3 level,Education,2
sifat yang disukai lawan jenis,Education,2
siapa orang di balik aplikasi belajar hutata ( pahamify ) ? - tanya hutata # 5 bukan tanya hutata # 4,Education,2
cara membaca cepat lhtl # s05e06,Education,2
bagaimana cara manusia menentukan waktu ?,Education,2
5 sifat agar kamu disukai,Education,2
"live your life the way you want , not what others say .",Education,2
the secret to a successful career : dare to take risks,Education,2
narcissistic types : which one are you ? the narcissist you know,Education,2
don't be afraid to be sad : the secret to a happy life isn't just a smile,Education,2
ingin perusahaan sukses ? mulai dari bahagiakan karyawan dulu !,Education,2
bosan dengan kebiasaan buruk ? ini rahasia membentuk kebiasaan positif,Education,2
the 4 phases of life : more than just growing old,Education,2
stop setting goals ! why is focusing too much dangerous ?,Education,2
belajar makna hidup dari stoikisme lives of the stoics,Education,2
feared leaders vs . liked leaders : which is more effective ?,Education,2
want to be productive ? learn to recognize your feelings !,Education,2
is today's generation anxious ? the anxious generation,Education,2
why do we make excuses ? here's the explanation !,Education,2
"ternyata , stres tidak seburuk itu lho !",Education,2
bosan dengan rutinitas ? ini cara temukan potensi diri the greatness mindset,Education,2
how to attract others without looking arrogant,Education,2
cepat bosan dan sulit fokus ? gini cara pasang target yang benar,Education,2
hacks mengoptimalkan kerja otak your brain at work,Education,2
"a healthy way to view money : money is a tool , not an end !",Education,2
bagaimana punya hidup yang bermakna ?,Education,2
smart wealth-building strategies from the richest man in babylon,Education,2
3 alasan kenapa cerita lebih kuat daripada data,Education,2
mitos sukses : kenapa menang belum tentu bikin bahagia ?,Education,2
these are the habits of mentally strong people,Education,2
multi tasking justru bikin kerjaan makin lambat,Education,2
mengapa rasa penasaran hilang saat kita dewasa ?,Education,2
dunia tidak seburuk yang kamu kira ! factfullness,Education,2
cara bilang tidak tanpa takut mengecewakan orang lain,Education,2
"paradox kesuksesan : mengapa makin sukses , kita makin tidak bahagia ?",Education,2
tips for working with people we don't like,Education,2
rahasia membangun disiplin jangka panjang tanpa beban,Education,2
pemimpin jaman now : bukan cuma karismatik,Education,2
kenapa ide bisa viral ? tipping point,Education,2
stop seeking validation from others ! here's how to deal with it,Education,2
stop bilang kamu biasa aja ! karena kamu spesial !,Education,2
kenapa kita sering salah menilai orang asing ? talking to strangers,Education,2
be careful of being arrogant without realizing it,Education,2
10 minutes of mindfulness practice in a busy world,Education,2
mitos sukses yang bikin kamu nyesel barking up the wrong tree,Education,2
"the backward law : mengapa semakin mengejar , malah semakin jauh ?",Education,2
rahasia pemimpin sukses : mengelola rasa takut dan membuat keputusan berani,Education,2
5 reasons your team isn't cohesive the five dysfunctions of a team,Education,2
komunikasi efektif ala pemimpin : bikin tim makin produktif,Education,2
rahasia orang kreatif : suka menunda pekerjaan,Education,2
how to be happy by stopping caring about unimportant things the subtle art of not giving a f,Education,2
mimpi besar vs realita : bolehkah kita bermimpi setinggi langit ?,Education,2
"kerja , kerja , kerja , awas burnout !",Education,2
"the secret to getting rich fast , not a get-rich-quick method the millionaire fastlane",Education,2
lebih dari sekadar kata : rahasia komunikasi non-verbal yang efektif,Education,2
stop bilang : saya tahu apa yang kamu rasakan,Education,2
rahasia hidup bahagia orang jepang ikigai,Education,2
"kenapa bilang "" tidak "" bikin hidup makin sukses ?",Education,2
iri lihat teman sukses ? jangan ya dek ya,Education,2
rahasia produk viral : mengapa sebuah barang bisa menjadi hits ? contagious,Education,2
merasa hampa meski hidup bahagia ? ini penyebabnya dan solusinya !,Education,2
menyinggung perasaan orang lain ? begini cara mengatasinya,Education,2
berani tidak disukai : rahasia hidup bahagia,Education,2
why does life feel boring ? here's why !,Education,2
apakah kita punya kendali atas pilihan kita ?,Education,2
tips sukses menghadapi perubahan who moved my cheese ?,Education,2
seni berbeda pendapat : tips agar tidak setuju tanpa ribut,Education,2
cara menemukan makna setelah kehilangan,Education,2
tips produktif dengan kerja lebih sedikit four hours workweek,Education,2
communication tips for dealing with conflict in the workplace,Education,2
belajar membuat keputusan efektif dari juara poker profesional,Education,2
7 kebiasaan orang sukses 7 habits of highly effective people,Education,2
apakah kamu pelupa atau kurang perhatian ?,Education,2
rahasia kerja yang lebih baik : bahagia dulu baru bisa sukses,Education,2
tips mengambil keputusan yang benar thinking fast and slow,Education,2
phk bukan akhir segalanya : tips bangkit kembali setelah kehilangan pekerjaan,Education,2
"kenapa gak boleh jadi orang yang "" terlalu baik "" di tempat kerja ?",Education,2
rahasia bisnis yang tidak diajarkan di sekolah what they don't teach you at harvard business school,Education,2
zona nyaman : apakah harus dihindari untuk sukses ?,Education,2
model bisnis unik : kasih saham untuk tingkatkan produktivitas ?,Education,2
rahasia di balik orang yang dianggap jenius outlier,Education,2
sukses bukan anugerah dan gagal bukan kutukan,Education,2
are we choosing the wrong great leader ?,Education,2
apakah kita salah memilih pemimpin yang hebat ?,Education,2
the secret of the rich mind : change your perspective on money !,Education,2
rahasia pikiran orang kaya : ubah cara pandangmu terhadap uang !,Education,2
belajar dari jeff bezos : disagree and commit !,Education,2
rahasia hubungan langgeng : jangan cari cinta sejati !,Education,2
rahasia cinta abadi : belajar bahasa cinta,Education,2
kok kamu berubah ? apakah kita berubah seiring waktu ?,Education,2
stop thinking of us vs . them : a joint solution in an era of polarization,Education,2
"stop berpikir kita vs mereka , solusi bersama di era polarisasi",Education,2
begini cara pemenang berpikir the psychology of winning,Education,2
terlalu baik ? awas dimanfaatin ! ciri-ciri dan tips menghindarinya,Education,2
tips seni bercerita yang memikat : ampuh untuk mempengaruhi orang lain,Education,2
malas itu cuma mitos ? bongkar rahasia produktif yang sesungguhnya !,Education,2
"apakah gen z , generasi yang paling tidak bahagia ?",Education,2
membaca masalah sawit dari hulu ke hilir,Education,2
laporan sementara penyaluran bantuan untuk sumatera,Education,2
memahami sustainable development,Education,2
wendy walters lahir dan besar di aceh,Education,2
melihat fenomena bocil toxic dari kacamata hukum ekonomi,Education,2
pekerjaan yang tidak akan digantikan ai,Education,2
ancaman bencana besar di jawa barat,Education,2
mitigasi bencana negara asean,Education,2
"deepfake , disinformasi , dan nasib jurnalis",Education,2
kenapa protes kita cuma keras di media sosial ?,Education,2
malaka cinematic podcast : reza arap oktovian,Education,2
"ai jadi teman curhat , hidup makin sesat",Education,2
bahasa bayi - kuhap baru,Education,2
validasi emosi bisa menjerat kita,Education,2
rahasia malaka bisa bertahan 2 tahun,Education,2
coki pardede - 2 tahun malaka,Education,2
peran krusial erp dalam sistem finansial ( explained ),Education,2
kenapa indonesia belum punya pltn ?,Education,2
bisakah bahagia di negara yang sakit ?,Education,2
bisakah data dipoles ?,Education,2
"berani belajar , berkarya , bersuara",Education,2
membangun maskulinitas yang sehat,Education,2
kenapa kita pilih bertahan dan berkarya di indonesia,Education,2
"tentang moral , bullying , dan cara kita menyikapi",Education,2
perjalanan menuju masyarakat baru,Education,2
2 tahun perjalanan malaka,Education,2
ini yang bisa dilakukan warga sipil,Education,2
algorithms and human-oriented truth,Education,2
critical analytical thinking untuk project manager,Education,2
"misbach tamrin , maestro dari lekra yang tetap berkarya",Education,2
produk lokal gagal karena tidak serius riset,Education,2
baru lulus udah pengen buka bisnis ?,Education,2
"inovasi , bisnis , dan masa depan kampus malaka",Education,2
"skizofrenia bisa pulih , tapi budaya kita menghambat",Education,2
meluruskan salah kaprah kita soal politik,Education,2
kebijakan publik tanpa ilmu = kacau,Education,2
kalimasada : cara menjadi orang kaya,Education,2
kenapa banyak anak muda punya masalah asam lambung ?,Education,2
menelusuri sumber kerusakan pendidikan,Education,2
kontras - dua orang masih hilang,Education,2
masalah mendasar penyebab gagalnya proyek besar,Education,2
pekerja kreatif dan gerakan sosial,Education,2
mengungkap dampak tambang nikel,Education,2
film sore dan industri film indonesia,Education,2
"saat pemerintah , jurnalis , dan militer bermain dengan data",Education,2
penjelasan mamat soal kedekatan dengan bahlil lahadalia,Education,2
tom lembong bicara blak-blakan soal kasusnya !,Education,2
"rakyat sudah bicara , pemerintah harus bergerak !",Education,2
rakyat marah bukan kejahatan,Education,2
generalis vs spesialis : siapa yang menang di dunia kerja ?,Education,2
skill paling powerful buat masa depan,Education,2
"boy math : pelit ke diri sendiri , royal ke pacar",Education,2
mengapa mahasiswa indonesia tidak puas dengan perkuliahannya ?,Education,2
"jejouw dulu malu pakai bekas , sekarang bangga",Education,2
lulusan columbia university jadi pemandu karaoke,Education,2
revolusi dimulai dari pati !,Education,2
penjelasan ade rai tentang pemahaman keliru soal obesitas dan latihan beban,Education,2
dampak ai di dunia medis,Education,2
kenapa perusahaan suka freelancer ?,Education,2
feodalisme di kampus harus dibongkar,Education,2
cara malaka membuat pakar diterima pasar,Education,2
"aneh bin ajaib , dari one piece sampai danantara",Education,2
kenapa gacha bisa bikin ketagihan dan bangkrut ?,Education,2
prosedur penegakan hukum indonesia makin parah ?,Education,2
ilmu di balik ac dan mobil balap,Education,2
gimana rasanya jadi musuh masyarakat ?,Education,2
"kalau kampus gugat negara , apa jadinya ?",Education,2
mimpi gila bikin kampus dimulai dari sini,Education,2
vonis tom lembong adalah masalah publik,Education,2
"vox populi vox dei , tapi kok keliru ?",Education,2
apakah jurusan filsafat perlu dibubarkan ?,Education,2
kehancuran laki-laki sedunia,Education,2
krisis riset kampus abal-abal,Education,2
saatnya mengakhiri diskriminasi terhadap buta warna,Education,2
jejouw : alasan kenapa sepatu bisa semahal itu,Education,2
permasalahan terbesar masyarakat indonesia,Education,2
"kalau nggak bisa dibuktikan , kenapa kamu percaya ?",Education,2
"sejarah ditulis ulang , ingatan dikendalikan",Education,2
"cerita nasi padang , buku , dan hidup nomaden",Education,2
"gaji umr bisa merdeka finansial , kalau . . .",Education,2
"berbisnis adalah kendaraan , bukan tujuan",Education,2
era baru reality club,Education,2
masyarakat baru,Education,2
lemak bisa jadi cadangan energi,Education,2
crystal widjaja on data valuable human skills in ai era,Education,2
salah kaprah masuk angin,Education,2
malaka cinematic podcast : ade rai,Education,2
masa depan indonesia dihancurkan judol,Education,2
goto diakuisisi grab ? dampaknya bisa fatal untuk sdm,Education,2
bagaimana kebijakan publik dibuat ?,Education,2
"fiersa besari cerita naik gunung , nulis buku , hingga bikin musik indie",Education,2
kenapa kosmetik laris saat ekonomi lesu ?,Education,2
cinta lebih adiktif daripada narkoba,Education,2
"industri content creator : peluang , cara masuk , dan masa depannya",Education,2
kuliah publik : memahami fundamental ekonomi universitas gunadarma,Education,2
sesat pikir kritik asbun,Education,2
kesalahan saat belajar matematika,Education,2
"goto diakuisisi grab , apa dampaknya buat kita ?",Education,2
jangan takut belajar filsafat,Education,2
kamu harus punya hal ini biar gak diganti ai,Education,2
ihsg naik tapi saham big caps turun ? ! - bye or buy saham superbank,Education,2
strategi liburan tanpa rasa berdosa ! - strategi miles !,Education,2
jangan asal invest ! - strategi investasi sesuai profil resiko,Education,2
umur 20an ? ini 4 investasi wajib punya !,Education,2
4 level investasi biar gak boncos ! kamu di level yang mana ?,Education,2
emang investasi low risk beneran aman ? ! ?,Education,2
strategi diversifikasi ke saham luar negeri,Education,2
"kontroversi danantara , ekspansi atau politik ?",Education,2
bongkar strategi investasi di 2025,Education,2
buy or bye saham 2025,Education,2
biar nabungmu ada hasilnya - 5 metode nabung,Education,2
5 prinsip biar kaya sebelum umur 30,Education,2
mana lebih cuan : crypto coin atau crypto stock ?,Education,2
ini yang terjadi selama ini . .,Education,2
10 menit bisa investasi bitcoin ! - tutorial dari nol ajaib kripto indonesia,Education,2
10 menit ngerti financial planning !,Education,2
"3 passive income dari crypto , sampai 16%+++",Education,2
pemain judi online dari umur 10 tahun ? !,Education,2
rugi 230 miliar karna bpr ? - sisi gelap bpr,Education,2
why china slows down ?,Education,2
konsep keuangan 50 /30/20 salah total ? !,Education,2
these 3 mistakes will make you bankrupt in the crypto bull run,Education,2
butuh berapa dana pendidikan anak dari sd sampai s1 ? # menghitungmimpi,Education,2
diversification for stupid people ? !,Education,2
cara pensiun tanpa income - pensiun harus umur 65 ? mitos ! # moneymythseries,Education,2
saham ini bisa lebih cuan dari bitcoin crypto ? ! ?,Education,2
"bongkar fakta : internet gratis , penting ga sih ?",Education,2
"uncovering the facts : 466 trillion , pros and cons of the ikn project",Education,2
ages 15-35 ? these 3 skills are a must !,Education,2
cara atur gaji umr di 2024 + strategi investasi,Education,2
"bongkar fakta : susu dan makan siang gratis , solusi atau beban ?",Education,2
"the sleeping giants 2025 , investasi yang ditinggal tidur 2025 ?",Education,2
3 important things investors traders often forget,Education,2
suku bunga bi naik ke 6 % ini strategi investasi-nya !,Education,2
how to choose investments according to your age !,Education,2
stocks vs crypto vs index funds long-term investment battle,Education,2
battle 7 investasi fixed return !,Education,2
"bongkar fakta : bbm gratis , janji manis atau realistis ?",Education,2
masuk bull market harus ngapain ?,Education,2
suku bunga otw turun ? lakuin ini sekarang !,Education,2
turn 100 thousand into 1 billion in 3 ways,Education,2
cara pilih asuransi terbaik - 50 juta dalam 365 hari # challenge365hari,Education,2
investasi ala anak rantau daerah,Education,2
"living off p2p lending interest , how much capital do you need ?",Education,2
sandwich generation style investment,Education,2
kalau harus mulai dari nol . .,Education,2
buy vs rent which is more profitable ? # moneymythseries,Education,2
investing in foreign stocks from zero,Education,2
"utang 1000 triliun/tahun , indonesia bakal bangkrut ?",Education,2
kaya miskin bukan soal duit ? 5 poor vs rich mindsets,Education,2
"hidup dari bunga deposito bank , butuh modal berapa ?",Education,2
5 financial regrets in your 30s,Education,2
cryptocurrency era is back ?,Education,2
cash is ( not ) always better than credit ? # moneymythseries,Education,2
clarification .,Education,2
10 ide income pertama paling realistis,Education,2
investment strategies : 3 most used investing styles,Education,2
alokasi thr terbaik anti boncos !,Education,2
invest in fr ( fixed rate ) bonds from zero buy on bibit !,Education,2
strategy to collect emergency funds - 50 million rupiah in 365 days # challenge365hari - march,Education,2
3 tips cerdas paylater untuk lebaran,Education,2
5 cara beli kebahagiaan pakai uang,Education,2
ada apa dengan credit suisse ?,Education,2
ada apa dengan perbankan dunia ? - world post bank crisis,Education,2
how to live from mutual fund returns,Education,2
cara dapat uang kaget 100 juta,Education,2
cara siapin dana pendidikan dari sd - kuliah,Education,2
3 privilege terbesarku,Education,2
pertahanan dalam keuangan - 50 juta dalam 365 hari # challenge365hari - februari,Education,2
understand stock investment in 10 minutes !,Education,2
biar keuangan rumah tangga lancar ft annisa steviani,Education,2
stock investment battle vs . stock mutual funds,Education,2
"nipu 975 triliun : madoff , monster of wall street",Education,2
battle investasi rdpt vs sbn ritel,Education,2
the best most affordable mortgage simulation,Education,2
ada apa dengan kasus 106t indosurya ?,Education,2
5 kebiasaan simpel bikin kaya paling realistis,Education,2
50 million in 365 days - financial check up # challenge365hari - january,Education,2
challenge nongki modal 100 ribu di grand indonesia,Education,2
"living off stock dividends , how much capital does it need ?",Education,2
pareto rule 80/20 : usaha minimal hasil maksimal ?,Education,2
strategi reksadana 2023,Education,2
tips trading pemula + praktek bareng michael yeoh,Education,2
mau kaya harus investasi ? ? # moneymyth,Education,2
bongkar strategiku di 2023,Education,2
"a salary of 5 million is required to pay 5 % tax , here's how to calculate it !",Education,2
seharian main di pik habis berapa ? tufting dan bearbrick pertama kaliiiiii,Education,2
7 hal penting tapi gak diajarin di sekolah,Education,2
kredit macet 5 triliun di p2p lending,Education,2
qna terberat ! dari jadi menteri keuangan sampai jodoh,Education,2
"nostalgia of eating 8,000 idr warteg on campus",Education,2
ini akhir dari bear market ?,Education,2
5 aset lebih menguntungkan dari cash,Education,2
why did i switch to unitlink insurance ? ( no sponsor ),Education,2
my car loan is paid off ! tips for buying goods on credit vs . cash,Education,2
"avoid these 5 things , they make it hard to get rich !",Education,2
"cerita hemat netizen , dari lucu sampai nekat ? !",Education,2
ternyata facebook bukan perusahaan sosmed ? !,Education,2
5 ide side income hasil puluhan - ratusan juta,Education,2
income 1 miliar per bulan ? ! mari kita bongkar !,Education,2
bisa-bisanya ada di sini . rolls royce 1 of 1 persembahan buat ratu inggris,Automotive,1
toyota gr wars : pertarungan sengit di mandalika eps.1/3,Automotive,1
honda prelude pertama yang dijual di indonesia,Automotive,1
"upgrade aion ut istri pakai otoproject biar aman , nyaman dan fungsional",Automotive,1
drift terakhir boxer boy di 2025 yang dramatis,Automotive,1
"mclaren 750s , penyempurnaan 720s yang jauh lebih buas",Automotive,1
cari makan siang enak di pandeglang naik chery j6t terbaru,Automotive,1
hilux rangga sudah jadi ! langsung geber di mandalika,Automotive,1
"lamborghini diablo vt , hypercar paling menggoda di zamannya",Automotive,1
baic challenge : adu skill dan nyali ( 4/5 ),Automotive,1
mencoba chery v23 yang sangat dinanti,Automotive,1
"chery semakin berbahaya buat para rivalnya , ini buktinya !",Automotive,1
akhirnya merasakan langsung byd atto 1 dibikin keren canggih oleh otoproject,Automotive,1
dua monster brutal bertemu mercedes-amg gt black series dan p one edition,Automotive,1
baic terkeren saya habis diroasting mereka road party s5,Automotive,1
terima kasih boxer boy ! saatnya upgrade buat pro class ids final round 2025,Automotive,1
ev mungil yang punya kelas smart eq fortwo,Automotive,1
mainan crazy rich penggila speed ferrari 812 competizione aperta,Automotive,1
"ev pertama jaecoo memukau , harganya tak masuk akal jaecoo j5 ev",Automotive,1
boxer boy kasih kejutan di d1gp !,Automotive,1
jadi tifosi di monza memang beda ! shell helix ultimate experience,Automotive,1
ketika maybach dan amg bersatu mercedes-maybach sl 680,Automotive,1
simulasi beli 3 mobil di ivan's motor,Automotive,1
x-trail heritage journey ( eps 1/3 ) : perjalanan dimulai,Automotive,1
james bond bisa iri lihat ini aston martin dbs superleggera,Automotive,1
chery j6 kelar modif ! langsung dibawa camping,Automotive,1
servis toyota hilux rangga sebelum garansi hangus karena modifikasi,Automotive,1
"gahar banget , tapi mercy slk 55 amg saya juga punya minus",Automotive,1
sampe kaget ! farrel bisa menang di trek hi-speed ids rd.4 meikarta,Automotive,1
perang taktik makin brutal chery tiggo cross csh challenge ( 2/3 ),Automotive,1
"cuma ada 9 unit di dunia , harganya sentuh 14 miliar",Automotive,1
"pertama kali servis chery , sekalian gerebek bengkelnya",Automotive,1
rekor ev tercepat di mandalika pecah lagi ! ! terpangkas hampir 2 detik,Automotive,1
farrel gagal podium karena hal inii,Automotive,1
inikah mpv terbaik ? kita coba xpeng x9 ke anyer,Automotive,1
sehari jadi tukang ganti ban di outlet hsr,Automotive,1
bisa-bisanya mercedes bikin mobil macam slk 55 amg ini,Automotive,1
pertama kalinya boxer boy tabrakan ids rd.3 yogya,Automotive,1
ke sukabumi pakai chery c5 terbaru yang makin murah saja,Automotive,1
kolaborasi 2 legenda italia fiat 500e armani,Automotive,1
"beli mobil langka , mungil tapi bermesin raksasa",Automotive,1
makan cumi viral di indramayu naik chery tiggo 9 csh yang menakjubkan,Automotive,1
ini dia defender paling buas dan mewah yang pernah ada,Automotive,1
ketemu lewis hamilton di spanyol shell helix ultimate experience,Automotive,1
mobil mobil favorit kami di giias 2025 feat . om mobi,Automotive,1
bisa ngebut berempat dan lebih minim problem ferrari gtc4lusso t,Automotive,1
horee ! toyota hilux rangga diesel a/t datang juga,Automotive,1
"jaecoo j8 shs ardis , suv plug-in hybrid canggih bisa jadi genset buat rumah",Automotive,1
makan ayam legendaris sumedang pakai chery tiggo cross csh hybrid,Automotive,1
gimana bisa ev 300 jutaan seenak ini ? jadi pengen beliin istri,Automotive,1
nissan x-trail jadi jauh lebih canggih dan macho . saya coba langsung !,Automotive,1
brutal ! ! ternganga dengan kebuasan mclaren senna,Automotive,1
tergoda sama hilux rangga . beli yang bensin atau diesel ya ?,Automotive,1
begini rasa mobil pertama polytron,Automotive,1
ternyata bisa lho pasang kamera 360 di br-v ! asuka mirai solusinya,Automotive,1
tiga mobil favorit saya ada di dalam game !,Automotive,1
begini jadinya ketika prado jadi semewah lc300,Automotive,1
"tenaga brz naik , farrel juara di trek paling sadis",Automotive,1
fight paling menegangkan di brz super series mandalika,Automotive,1
horeee ! ! baic bj 40 plus saya sudah datang !,Automotive,1
ferrari paling melengking yang bisa dibeli saat ini ferrari 12cilindri,Automotive,1
adu skill offroad jaecoo j7 awd challenge ( 3/3 ),Automotive,1
healing tanpa modus bersama istri ke jepang,Automotive,1
mercy g 580 eq ini kencang dan bisa muter seperti tank,Automotive,1
usaha pemecahan rekor dimulai ! chery range challenge ( 1/3 ),Automotive,1
10 hal yang saya suka dan tidak dari vinfast vf3,Automotive,1
kado 50 tahun porsche 911 yang spesial,Automotive,1
ajak jeje dan om mobi bertualang pakai jaecoo j8 awd,Automotive,1
pertama kalinya toyota crown berwujud crossover ! kok keren ya ?,Automotive,1
"ajak istri naik caterham , dia langsung kapok !",Automotive,1
pertama kali brz boxer boy turun tanpa team inti,Automotive,1
horee ! ! vw id . buzz buat istri datang juga,Automotive,1
bmw 3 miliar ini nyamannya mirip rolls-royce,Automotive,1
cuma chery yang bisa ! crash test live di depan mata,Automotive,1
kenapa saya akhirnya beli vinfast vf3 ? ini 10 alasannya,Automotive,1
puas roasting kantor baru om mobi bareng arief muhammad,Automotive,1
liburan keluarga naik dua bmw terbaru,Automotive,1
ke bandung naik phev yang cuma rp 499 juta chery tiggo 8 csh,Automotive,1
horee ! ! vinfast vf3 buat istri datang juga,Automotive,1
"caterham ganti warna usai insiden , langsung ganteng abis",Automotive,1
brz boxer boy langsung podium dibawa farrel,Automotive,1
pameran ev terkeren ini bisa bikin anda kaya raya,Automotive,1
"mr . bond , mobil anda sudah siap aston martin db12",Automotive,1
"city hatchback naik spek , mengejutkan di mandalika",Automotive,1
serasa lebih dari menteri kalau naik toyota crown terbaru ini,Automotive,1
bikin ngilu ! pertama kalinya coba caterham di mandalika,Automotive,1
"civic type r ganti velg , rekor langsung pecah . kok bisa ?",Automotive,1
hore ! hyptec ht pengganti ioniq 5 buat istri sudah sampai,Automotive,1
"setelah puas jalan 50 ribu km , akhirnya ioniq 5 dilepas murah",Automotive,1
habis servis langsung geber fairlady z nismo,Automotive,1
mobil angkut sayur buat ngebut di mandalika,Automotive,1
beli kuliner legendaris bogor pakai jetour dashing yang mencengangkan,Automotive,1
"eksklusif ! ! tes pertama nissan x-trail baru , test track dibooking khusus buat kami",Automotive,1
roasting gr yaris matic punya om mobi,Automotive,1
porsche paling ekstrem bikin saya ternganga 911 gt3 rs,Automotive,1
abarth terakhir bermesin bensin yang eksklusif,Automotive,1
mahasiswa ui bikin mobil balap ! saya harus coba,Automotive,1
mudik kilat ke cirebon beli makanan bukber keluarga besar,Automotive,1
"tampang sudah keren , ini plus minusnya chery j6",Automotive,1
keren to the max ! inilah ev paling eksotis di jalanan,Automotive,1
1m journey back to china : akhirnya kota besar juga !,Automotive,1
1m journey back to china : sampai juga akhirnya ke china !,Automotive,1
jalan2 online : ke solo naik stargazer cartenz x ! ( 2/2 ),Automotive,1
jalan2 online : ke sragen naik hyundai stargazer cartenz x ! ( 1/2 ),Automotive,1
"toyota gr wars : pertama kali balapan bareng di mandalika feat fitra eri , om mobi ryan nirwan",Automotive,1
1m journey back to china : perjalanan ke boten !,Automotive,1
ke china lagi buat liat mobil adu banteng ? !,Automotive,1
1m journey back to china : menuju luang prabang !,Automotive,1
1m journey back to china : perjalanan dimulai,Automotive,1
yes ! ! ! jaecoo j5 akhirnya sampai !,Automotive,1
kijang innova zenix 2025 dapat improvement ! apa saja bedanya ? ?,Automotive,1
nyobain aion v : kembaran mobil listrik toyota !,Automotive,1
geely ex2 juga ikut perang harga ! seru nih !,Automotive,1
calon ev 7 seater termurah di indonesia : vinfast limo green !,Automotive,1
beli asus rog xbox ally x buat mengisi waktu luang !,Automotive,1
"wuling darion ternyata sebesar alphard , harga 300 jutaan !",Automotive,1
changan lumin : mobil paling lucu harga 178 juta !,Automotive,1
jetour t2 harganya edan ! kok bisa mobil begini 500 jutaan ? ?,Automotive,1
toyota veloz hybrid ! iritnya kayak motor matic !,Automotive,1
nganterin pala pulang ke subang pakai chery j6t iwd !,Automotive,1
dirakitin pc sama subki gaptech buat simulator balap !,Automotive,1
baic challenge : teka-teki menyesatkan ( 2/5 ),Automotive,1
nyobain byd sealion : suv paling kencang under 1 milyar !,Automotive,1
road to baic challenge : mobil kami diroasting !,Automotive,1
disetirin mobil autopilot ! tanpa supir bisa jalan sendiri ! !,Automotive,1
modif tipis tipis honda hrv rs hybrid,Automotive,1
jalan2 online : boyolali ternyata seru ! naik jaecoo j5 ev harga 200jutaan eps . 2/2,Automotive,1
jalan2 online : episode salatiga feat jaecoo j5 ev ! eps . 1/2,Automotive,1
hyundai stargazer x cartenz : lsuv terbaik dan termahal !,Automotive,1
nyobain aion ut : ternyata tidak kecil !,Automotive,1
1m journey tour de asean : meninggalkan mobil di laos !,Automotive,1
ini dia pengganti ertiga mobil pertama saya,Automotive,1
menguji jaecoo j8 shs ardis di tanjakan sikarim !,Automotive,1
1m journey tour de asean : banyak rintangan menuju ibukota laos !,Automotive,1
1m journey tour de asean : kena palak imigrasi kamboja saat ke laos !,Automotive,1
x-trail heritage journey ( eps . 2/3 ) : menguak marga om mobi,Automotive,1
citroen c3 aircross : nggak sampai 300 juta !,Automotive,1
1m journey tour de asean : habis jutaan rupiah di kamboja,Automotive,1
1m journey tour de asean : rahasia kamboja terungkap !,Automotive,1
mazda cx-9 kini separuh harga !,Automotive,1
xpeng x9 ini bikin lexus lm terasa biasa saja !,Automotive,1
1m journey tour de asean : bikin deg degan ! akhirnya kamboja ! ! !,Automotive,1
1m journey tour de asean : pattaya tidak ramah keluarga !,Automotive,1
ke prambanan naik chery omoda c5 facelift yang lebih terjangkau !,Automotive,1
tukar tambah hrv lama ke hrv rs hybrid !,Automotive,1
1m journey tour de asean : main ke pabrik dan keliling bangkok !,Automotive,1
1m journey tour de asean : sampai di bangkok !,Automotive,1
ford everest paling terjangkau : ford everest sport !,Automotive,1
plug in hybrid termurah kini dipegang jaecoo j7 !,Automotive,1
1m journey tour de asean : ke phuket bawa sepeda,Automotive,1
1m journey tour de asean : keliling pattani dan songkhla,Automotive,1
rival tesla model y sudah hadir di indonesia ! xpeng g6 !,Automotive,1
long test drive mitsubishi destinator buat pulang kampung !,Automotive,1
1m journey tour de asean : saatnya masuk thailand ! !,Automotive,1
1m journey tour de asean : pusing pusing di penang !,Automotive,1
mobil merk indonesia : mpv aletra l8 !,Automotive,1
akhirnya kita coba juga honda stepwagon terbaru !,Automotive,1
1m journey tour de asean : idul adha di negeri jiran !,Automotive,1
1m journey tour de asean : genting highlands ! ! !,Automotive,1
palisade hybrid calligraphy : cocok untuk mobil pejabat !,Automotive,1
sekarang isuzu mux dapat facelift !,Automotive,1
1m journey tour de asean : melihat kota kuantan dari ketinggian 188 meter !,Automotive,1
1m journey tour de asean : rekreasi di pulau reklamasi !,Automotive,1
vinfast vf7 : vinfast termahal di indonesia !,Automotive,1
wuling ev van ! ternyata besar sekali !,Automotive,1
"1m journey tour de asean : singapura , kota paling modern di asia tenggara !",Automotive,1
1m journey tour de asean : mulai eksplorasi di malaysia !,Automotive,1
mobil sport buat harian ? toyota 86 trd !,Automotive,1
begini rasanya denza d9 si alphard killer,Automotive,1
1m journey tour de asean : petualangan dimulai !,Automotive,1
kirim mobil dari jakarta ke kuala lumpur via kalimantan buat keliling asean !,Automotive,1
cara urus paspor mobil untuk bawa mobil ke luar negeri ! cpd carnet de passages,Automotive,1
test drive suzuki fronx ! apakah worth it ?,Automotive,1
harga honda stepwagon jadi yang termurah di kelasnya ! ! kok bisa ? ?,Automotive,1
"keliling liat aksesoris otomotif di giias , ada apa aja yaa ?",Automotive,1
lihat bus di pameran bersama andriawan pratikto !,Automotive,1
ini dia modifikasi baic untuk road party ! ! !,Automotive,1
nissan patrol 2025 ada di giias ! keren banget ! !,Automotive,1
gak sampai 600jt dapat mobil kayak gini : baic bj30 hybrid,Automotive,1
bukan chery ! daihatsu rocky hybrid jadi hybrid termurah indonesia !,Automotive,1
"mobil listrik tapi seharga lcgc , bagus ga yaa ? byd atto 1 !",Automotive,1
wah hyundai stargazer cartenz kok jadi gini ?,Automotive,1
explore vietnam bersama jajago ! ! ( part 2 ),Automotive,1
ada apa saja yang bagus di giias ? ? feat bapak pala,Automotive,1
merusak pasaran : chery tiggo 9 csh phev ini kencang sekali !,Automotive,1
"ngeri ! chery tiggo cross hybrid sudah irit , kencang , harganya nggak ngotak ! !",Automotive,1
wow akhirnya xtrail hybrid terbaru meluncur ! ! kini hybrid dan awd !,Automotive,1
"gila ! mitsubishi destinator bikin kelas sendiri , nggak ada lawan !",Automotive,1
explore vietnam bersama jajago ! ! ( part 1 ),Automotive,1
bikin serena lebih nyaman dari denza dan alphard,Automotive,1
"sedan honda , lebih enak dari generasi sebelumnya : civic fe 2022 !",Automotive,1
audi allroad 2003 : wagon eropa tapi bisa offroad !,Automotive,1
nyetir mobil polytron ke pabrik polytron bareng grady !,Automotive,1
mobil baru buat team rescue : baic bj40 +,Automotive,1
nyobain honda hrv rs hybrid terbaru,Automotive,1
malaysia punya 2 mobnas : kali ini perodua !,Automotive,1
kami tanyakan jajago pertanyaan dari netizen,Automotive,1
s class versi suv : mercedes eqs suv,Automotive,1
suv mazda terbaru ternyata maklon dari china !,Automotive,1
suv huawei ini ada versi bensinnya : luxeed s7 !,Automotive,1
berawal dari warung nasi dan kopi ramo podcast,Automotive,1
solusi untuk anda yang malas ke pasar ramo podcast,Automotive,1
changan deepal so7 2025 : tak sampai rp 600 juta,Automotive,1
aletra l8 2025 : mpv ev lega,Automotive,1
toyota urban cruiser 2025 : kembaran suzuki e-vitara,Automotive,1
"toyota kelihatannya saja diam , padahal . .. ramo podcast",Automotive,1
toyota veloz hev 2025 : calon hybrid sejuta umat ?,Automotive,1
bmw m3 cs touring 2025 : sangat mahal tapi spesial,Automotive,1
geely ex2 2025 : pesaing baru atto 1 dan jaecoo j5,Automotive,1
gjaw 2025 : ada apa saja ? otodriver,Automotive,1
toyota veloz hybrid 2025 : akhirnya muncul juga !,Automotive,1
lepas l8 2025 : nyetir di china dari shanghai ke wuhu !,Automotive,1
jaecoo j8 shs ardis 2025 : ternyata bisa lebih jauh !,Automotive,1
"jaecoo j5 ev 2025 : tak sampai rp 300 juta , ini kehebatannya !",Automotive,1
keseruan acara kumpul komunitas daihatsu di sleman otodriver,Automotive,1
lumin dc 2025 : city car ev berpenampilan lucu otodriver,Automotive,1
honda stepwgn 2025 : product kedua honda dengan harga mengejutkan,Automotive,1
toyota hilux rangga 2025 : kami modifikasi menjadi studio podcast berjalan,Automotive,1
gwm ora 03 2025 : versi belum facelift,Automotive,1
"jeep wrangler rubicon 2025 : jeep rp 2,5 miliar",Automotive,1
lexus lm 500h 2025 : mpv termewah dan tercanggih,Automotive,1
mg cyberster : mobil cina termahal,Automotive,1
byd atto1 2025 : rasanya mengejutkan,Automotive,1
denza d9 2025 : kenapa bisa laku keras ?,Automotive,1
suzuki fronx 2025 : kualitas berkendara jempolan,Automotive,1
mitsubishi destinator 2025 : benarkah terbaik di harganya ?,Automotive,1
bmw m3 competition touring 2025 : mobil keluarga ekstrim,Automotive,1
honda hr-v e:hev 2025 : sehebat apa di kondisi real ?,Automotive,1
porsche 911 carrera 2025 : dna 911 masih kental di generasi ini,Automotive,1
lepas l8 2025 : saudara chery tiggo 8,Automotive,1
chery tiggo 9 csh 2025 : suv rp 700 jutaan kaya fitur,Automotive,1
jetour x20e 2025 : mungil tapi kabin lega,Automotive,1
"aion ut 2025 : besar , range jauh",Automotive,1
jaecoo j5 ev : mulai rp 350 jutaan,Automotive,1
mercedes-amg cle 53 2025 : mercy cabriolet nan seksi,Automotive,1
wuling cortez darion : ada versi ev phev,Automotive,1
daihatsu rocky e-smart hybrid 2025 : hybrid cbu jepang,Automotive,1
kia ev4 : belum dijual,Automotive,1
suzuki e vitara 2026 : sanggupkah melawan cina ?,Automotive,1
byd atto 1 2025 : calon ev terlaris ?,Automotive,1
giias 2025 : ada apa saja ?,Automotive,1
hyundai stargazer cartenz 2025 : ini dia ubahannya,Automotive,1
subaru forester 2025 : terlalu cantik buat offroad karena tampilannya,Automotive,1
baic bj30e 2025 : ganteng bisa offroad,Automotive,1
nissan x-trail e-power 2025 : tantang medium suv hybrid,Automotive,1
hyundai palisade 2025 : begini kehebatannya,Automotive,1
mitsubishi destinator 2025 : mencoba performanya di jalan dan sirkuit,Automotive,1
"lexus rx500h f-sport+ 2025 : reliabilitas , kemewahan dan performa sporty yang nyaman",Automotive,1
mitsubishi destinator 2025 : suv 7-seater bermesin turbo,Automotive,1
honda civic e:hev rs : begini hasil tes jarak jauhnya,Automotive,1
"spbu shell diserbu konsumen , begini reaksi mereka # dibalikdapurshell",Automotive,1
toyota gr yaris facelift : masuk akal digunakan harian,Automotive,1
mitsubishi xpander 2025 : facelift kedua yang cukup serius,Automotive,1
honda hr-v e:hev 2025 : tes jalan jakarta-anyer,Automotive,1
we love to drive : kia carnival hybrid dibawa ke jalur menantang,Automotive,1
bmw x3 2025 : tes pertama di jerman otodriver,Automotive,1
hyundai palisade 2025 : bye-bye diesel,Automotive,1
honda hr-v e:hev 2025 : senjata honda menggempur cina,Automotive,1
perang mpv hybrid vs mpv ev terlaris komparasi,Automotive,1
mazda cx-80 2025 : inilah mazda termahal di indonesia otodriver,Automotive,1
byd sealion 7 2025 : produk terbaik byd saat ini,Automotive,1
honda civic e:hev 2025 : layakkah mengganti civic turbo ?,Automotive,1
mini john cooper works e 2025 : lebih kencang dari versi bensinnya,Automotive,1
ferrari 12cilindri spider : coupe dan convertible dalam satu paket,Automotive,1
"ford ranger raptor diesel : rp 1,2 miliaran tapi worth it",Automotive,1
mg zs hybrid+ : segera meluncur untuk pasar indonesia,Automotive,1
polytron g3 2025 : ev canggih harga mulai 299 juta !,Automotive,1
suzuki fronx 2025 : apakah rasanya seindah bentuknya ?,Automotive,1
suzuki fronx 2025 : suv coupe yang atraktif,Automotive,1
hyundai creta n line turbo : masih lebih murah dari hr-v rs,Automotive,1
jeep wrangler rubicon fl 2025 : semakin canggih dan gagah,Automotive,1
ford everest sport : siap lawan suv ladder frame jepang,Automotive,1
mudik in style 2025 : ini 12 mobil pilihan kami otodriver,Automotive,1
epic journey : sumatera barat part 1 feat . ridwan hanif om mobi,Automotive,1
jaecoo j7 shs : nyetir 1.000 km di afrika selatan !,Automotive,1
"hyundai tucson : tucson is back , apa kelebihannya ?",Automotive,1
mercedes-benz e300 : sekarang lebih fun to drive,Automotive,1
neta x : harusnya rp 300 jutaan,Automotive,1
honri boma : ev mungil dan murah,Automotive,1
suzuki ewx concept : calon karimun full ev,Automotive,1
vinfast vf3 : suv retro mini listrik,Automotive,1
toyota camry hev : hanya tersedia mesin hybrid,Automotive,1
hyundai venue : pakai turbo dan dual clutch,Automotive,1
iims 2025 : ada apa saja ?,Automotive,1
vinfast vf3 : ev ini jadi rival wuling airev !,Automotive,1
"byd sealion 7 : 0-100 km/jam 4,5 detik !",Automotive,1
jaecoo j7 : dna dari range rover,Automotive,1
chery tiggo cross : merasakan impresi adik tiggo 8,Automotive,1
geely ex5 : terbaik di kelasnya ?,Automotive,1
hyundai ioniq 5 n 2025 review indonesia otodriver,Automotive,1
berkendara bersama mazda cx-80 di australia otodriver,Automotive,1
geely ex5 first impression - otodriver,Automotive,1
mazda cx-80 phev 2025 first impression otodriver,Automotive,1
denza d9 2025 first impression otodriver,Automotive,1
gwm tank 300 2025 review indonesia otodriver,Automotive,1
8 hal tentang : hyundai creta n line 2025 otodriver,Automotive,1
holiday in style 2025 otodriver,Automotive,1
denza z9 gt 2024 first drive otodriver,Automotive,1
gwm haval jolion 2024 review indonesia otodriver,Automotive,1
hyundai santa fe 2024 review indonesia otodriver,Automotive,1
lepas l8 : cocok dibawa main padel,Automotive,1
terbaru suasana di dalam pabrik motor listrik polytron,Automotive,1
"honda vario 125 : pantesan vario laris , ternyata gini",Automotive,1
suzuki fronx gx matic : cocok jadi mobil pertama,Automotive,1
baic bj40 pro : segera dibawa ke indonesia ?,Automotive,1
arcfox kaola s : mobil listrik unik dari baic,Automotive,1
jetour t2 : ada fitur pendeteksi kedalaman banjir,Automotive,1
arcfox t1 : mobil listrik dari baic,Automotive,1
motor masa depan yamaha,Automotive,1
honda vario 125 baru 2026 : harga mulai 24 jutaan,Automotive,1
honda vario 125 baru 2026 : mirip sprinto ?,Automotive,1
toyota veloz hybrid : kapan lagi pakai veloz tapi gak ada suaranya,Automotive,1
geely coolray : mau dijual di indonesia ? ?,Automotive,1
vinfast limo green : mobil keluarga kesukaan warga +62,Automotive,1
toyota bz4x turun harga toyota urban cruiser bev resmi dijual di indonesia,Automotive,1
indomobil emotor sprinto : motor listrik mirip vario,Automotive,1
chery x : ngincer fortuner,Automotive,1
vinfast minio green : buat yang budgetnya super ngepas !,Automotive,1
suzuki grand vitara update fitur 2026,Automotive,1
geely ex2 : mobil listrik pesaing atto 1 binguo ev,Automotive,1
"honda dio lite : motor pekerja , saudara kandung spacy",Automotive,1
chery j6t : yang ini beda !,Automotive,1
changan lumin : mobil listrik 178 jutaan,Automotive,1
toyota veloz hybrid : hybridnya sejuta umat,Automotive,1
honda prelude e:hev : mau dijual di indonesia,Automotive,1
"changan nevo q07 : range-extended ev , full tank bisa 1.400 km",Automotive,1
changan nevo e07 : crossover bisa disulap jadi pick-up,Automotive,1
icar v27 reev : lawan land cruiser fj,Automotive,1
"jaecoo j5 ev : di harga segitu , semua kena senggol",Automotive,1
byd racco : ev kei car khusus untuk pasar jepang,Automotive,1
mitsubishi delica d:5 2026 : kakaknya xpander cross,Automotive,1
toyota hiace concept : mobil travel jadi futuristik gini,Automotive,1
wuling darion : mpv 7-seater sliding door 300 jutaan,Automotive,1
hondajet elite ii : jet pribadi biar gak kena macet,Automotive,1
toyota corolla concept : gambaran corolla masa depan,Automotive,1
all-new mazda cx-5 2026 : tunggu kehadirannya di indonesia,Automotive,1
toyota rav4 gr sport phev 2026,Automotive,1
daihatsu move : lcgc-nya jepang,Automotive,1
isuzu elf baru 2026,Automotive,1
honda super-one at japan mobility show 2025,Automotive,1
mazda vision x-coupe and vision x-compact,Automotive,1
honda prelude 2026 : 675 jutaan di jepang,Automotive,1
"toyota land cruiser fj 2026 : amazing , beautiful",Automotive,1
suzuki new carry pick-up,Automotive,1
icar v27 : suv off-road hybrid,Automotive,1
changan deepal s07 : suv listrik sebesar cr-v,Automotive,1
omoda o5 baru 2026,Automotive,1
exeed et8 : suv mewah dari chery,Automotive,1
jaecoo j5 shs-h : hati-hati hr-v yaris cross hybrid,Automotive,1
huawei x chery bikin mobil canggih luxeed s7,Automotive,1
icar v23s dari chery siap dijual di indonesia,Automotive,1
luxeed s7 r7 : otaknya pakai huawei,Automotive,1
chery q 2026 : cute city car ev,Automotive,1
omoda o4 : mulai dijual tahun 2026,Automotive,1
omoda o9 : segera masuk indonesia,Automotive,1
mazda cx-60 sport : sensasinya beda,Automotive,1
zontes 368e : rekomendasi bensin ron 95,Automotive,1
honda hr-v tipe e dan e+,Automotive,1
"jaecoo j8 shs ardis : jakarta - ujung timur pulau jawa , bensin belum habis !",Automotive,1
mitsubishi fuso fighter x fm65 f,Automotive,1
diundang pertamina lubricants nonton motogp mandalika 2025,Automotive,1
harley-davidson nightster special 2025 : harley paling terjangkau,Automotive,1
vinfast limo green : mau lawan byd m6 aletra l8,Automotive,1
geely starray em-i : gak nyangka bisa seirit itu,Automotive,1
mazda cx-3 pro autoexe 2025,Automotive,1
yamaha xmax techmax 2025,Automotive,1
morbidelli t252x : motor adventure 250cc,Automotive,1
suzuki access 125 indonesia 2025,Automotive,1
honda new adv160 roadsync 2025,Automotive,1
mitsubishi destinator indonesia 2025,Automotive,1
suzuki new xl7 hybrid alpha kuro 2025,Automotive,1
daihatsu rocky 2025,Automotive,1
daihatsu gran max 2025 matic,Automotive,1
mazda cx-80 e-skyactiv phev,Automotive,1
citroën c3 : kaki kiri kerja,Automotive,1
adu irit hybrid toyota yaris cross vs jaecoo j7 lawan honda hr-v,Automotive,1
hyundai tucson hybrid 2025,Automotive,1
"cfmoto 500sr voom : 4-silinder , suaranya bikin pengen blayer-blayer !",Automotive,1
"honda step wgn e:hev road trip jakarta - surabaya , segini konsumsi bensinnya",Automotive,1
mazda cx-60 sport : tipe terjangkau,Automotive,1
siapa kira-kira pemilik ferrari 12cilindri ini ?,Automotive,1
"honda civic e:hev 2025 dipakai harian , segini konsumsi bensinnya",Automotive,1
"subaru forester 2025 : di aspal enak , off-road hayuk",Automotive,1
polytron fox 200 : cocok buat ibu-ibu,Automotive,1
jac t9 ev trekker,Automotive,1
byd atto 1 dibawa sampai lowbat,Automotive,1
united e-motor c2000 : seharga scoopy,Automotive,1
cfmoto 450 cl-c : sering dikira harley !,Automotive,1
nyetir chery tiggo 9 csh di china,Automotive,1
bmw x1 kenapa bisa laris ? ini jawabannya,Automotive,1
levc l380 : boxy mpv dari geely yang terlalu banyak fitur,Automotive,1
"kia carnival hev : kabin lapang irit , idaman keluarga indonesia ?",Automotive,1
vinfast vf8 : flagship suv listrik dari vietnam,Automotive,1
"honda step wgn e:hev : pede lawan voxy , serena dkk",Automotive,1
wuling cortez darion : mau lawan serena dkk,Automotive,1
vinfast vf7 : setengah m dapat apa saja sih di produk flagship vinfast ini ?,Automotive,1
seres 3 ini sebenarnya sudah ada sejak 5 tahun lalu,Automotive,1
jetour x20e : mau lawan atto 1,Automotive,1
mobil indonesia i2c buatan pt tmi,Automotive,1
kia ev4 mau dijual di indonesia ?,Automotive,1
"berburu ke purworejo , unit bagus tapi . . .",Automotive,1
"buy a car at omsecond , get a free yuasa battery ! ! !",Automotive,1
"hunting for a suzuki carry futura in banjarnegara old car , young power ! !",Automotive,1
hunting for a mitsubishi grandis and suzuki sx4 i was a little doubtful about their condition,Automotive,1
condition of the grand livina xv 1.5 ultimate 2012 that has not been worked with,Automotive,1
waiting for the dream honda jazz,Automotive,1
the most comfortable 3-row mpv under 80 million hunting for a grand livina,Automotive,1
pesona medium bus requests quote at the end of the year,Automotive,1
"used car anomalies that emerged towards the end of the year . hunting for the jazz gk5 , ge8 , and . . .",Automotive,1
suzuki baleno hatchback 2017 : 150 million is it worth it ?,Automotive,1
failed to wrap a daihatsu grand max hunting for your dream car,Automotive,1
"looking for a 2018 suzuki ertiga gl with 16,000 km and a full record at a special price ?",Automotive,1
"cheaper than grand max , can fit more , spacious cabin , cold ac ! ! !",Automotive,1
"hunting for the honda freed , an indonesian mpv with a short history and a poor sales record .",Automotive,1
"nissan xtrail t31 2013 , the suv with the most abundant features in its class ! !",Automotive,1
"hunting for the kia rio , which is still an option in the 105-110 million budget",Automotive,1
"drama hunting for 5 cars ! rejected by yaris , gets a dull unit , ends with a yaris deal ?",Automotive,1
heavy equipment this large is made using robots ! ! how big is the robot ?,Automotive,1
omsecond team cornered by expectations - hunting for the 2013 ertiga gl .,Automotive,1
finally ! ! someone ordered ( again ) a mazda 8 at bmi,Automotive,1
"ordered a 2013 fred , got a 2014 honda freed instead hunting for your dream car",Automotive,1
maintaining a 4-year-old car : a 2012 daihatsu xenia r deluxe .,Automotive,1
new vinfast ev in indonesia : opportunity or challenge ?,Automotive,1
"the honda jazz and innova reborn are perfect for "" resale value "" enthusiasts hunting for your dr . . .",Automotive,1
young cars should not have these indications - hunting for your dream car,Automotive,1
"hunting for the 2021 innova venturer sky-high price , fuel-efficient features .",Automotive,1
"2019 avanza inspected up to 16 times , but all results were zonk ? hunting for your dream car",Automotive,1
"the 2012 grand vitara facelift , priced at 130 million rupiah , is the dream car of a husband and w . . .",Automotive,1
new car prices plummet in just one year ! are used cars more worth it ?,Automotive,1
bang dzawin's civic fd execution - for expeditions around indonesia,Automotive,1
"gwm tank 300 4x4 hev - abundant features , comfortable ride , and ready for all road terrains",Automotive,1
"a successful convoy of 7 cars was held , one of which is poised to be the best-selling car of 2025 .",Automotive,1
the new avantebaru's serenity makes you goosebumps - giias 2025,Automotive,1
honestly i want this xpeng x9 ! ! !,Automotive,1
"hunting for an old avanza with 17,000 mileage - preparing a 7-car convoy",Automotive,1
understanding kdm regulations on study tours and tourism,Automotive,1
hunting for the dream car of the markicab owner civic fd part 1,Automotive,1
"until midnight , the bmi team checked the toyota yaris and altis",Automotive,1
still failed to execute alphard and ertiga,Automotive,1
hunting for alphard type q and suzuki ertiga,Automotive,1
"mazda cx 5 special , executed by another buyer in front of our eyes hunting for dream cars",Automotive,1
"ready stock om second , honda city hatchback 2023",Automotive,1
delivery of mitsubishi fuso hunting results to the tahfidz alfatihah foundation in semarang .,Automotive,1
user experience grand livina 2011 in 2025,Automotive,1
"vinfast vf6 , advanced electric car from vietnam now available for purchase ! !",Automotive,1
"kilometers do not be a bargain , check the condition directly at the location hunting for your d . . .",Automotive,1
hunting for suzuki carry grv and mitsubishi fuso to be donated to the al-qur' an memorization foun . . .,Automotive,1
from beijing to the world : this is how china is revolutionized the automotive industry !,Automotive,1
"the customer asked us to find a ford everest , all the units we were looking for were sold ! !",Automotive,1
"comfortable and cheap car , three rows . caring for nissan grand livina xv 2011",Automotive,1
"hunting for a 2015 pajero , when we arrived at the location it turned out to be a 2014 unit",Automotive,1
"hunting for the civic of your dreams , the price of the used is steady ! ! honda civic 2010",Automotive,1
challenged by creative team to guess the sound of car engine . who's afraid ! ! !,Automotive,1
baic launches bj series electric offroad car range reaches 1200km,Automotive,1
hunting zonk,Automotive,1
"hunting for the dream daihatsu sirion , must be automatic . it's incredibly difficult . hunting fo . . .",Automotive,1
karimun kotak mimpi request modification up to 20 million,Automotive,1
"hunting for the dream 2020 mazda cx-5 gt , until it was inspected twice .",Automotive,1
"last day of hunting panther and fortuner , alhamdulillah wrapped up ! ! jakarta 04",Automotive,1
"hunting for innova 70 million , i dare to take it if it's for my own use jakarta 03",Automotive,1
what is the condition of a used car with reasonable and normal mileage ?,Automotive,1
"hunting for the dream isuzu panther , must be done with full patience jakarta 02",Automotive,1
vehicle stock in bmi garages ahead of eid,Automotive,1
update car stock ready d-6 eid . flood of bonuses,Automotive,1
"hunting for the dream ertiga , the best-selling used car at bmi jakarta 01",Automotive,1
escorting po paradise to adi putro po newcomer gas 5 units,Automotive,1
"memburu pendahulu dan penerusnya , yang tahun muda malah zonk ! berburu suzuki baleno 2002",Automotive,1
"5 stok mobil second untuk mudik lebaran banyak bonus , garansi bebas laka banjir ! ! !",Automotive,1
"have 60-70 million , what car do you want ? we are ready to buy it for you",Automotive,1
kami hampir pulang naik bus lagi . berburu kia rio m/t 2013 . berburu mobil impian,Automotive,1
berburu karimun kotak pemesan minta unit dimodif ala jdm ! !,Automotive,1
this honda jazz is a manifestation of hard work in korea for years hunting for dream cars,Automotive,1
4 days in jakarta : only 2 units found . why is the honda jazz so hard to find ? hunting for you . . .,Automotive,1
the most worthwhile used diesel suv in 2025 ? a quick review of the 2018 hyundai tucson at diese . . .,Automotive,1
"dua hari di jakarta , belum membuahkan hasil . berburu hyundai stargazer , honda city dan jazz .",Automotive,1
"by 2025 , almost all used cars will be 10 years old . will their mileage be low ?",Automotive,1
"successfully wrapped the luxio , altis , ertiga , and two other units in jakarta hunting for your . . .",Automotive,1
get a handsome car for idr 300 million ! ! ! hunting for the toyota yaris cross gr hybrid .,Automotive,1
"finally got a deal on a daihatsu luxio unit , but i had to correct the radiator",Automotive,1
2012 mitsubishi outlander px review still in demand in 2025 ?,Automotive,1
"hunting for 7 cars in two days toyota altis first target , special unit ! !",Automotive,1
"ketika kameramen satu ini ikut berburu , selalu zonk ! ! ! berburu honda stream 1.7l 2006",Automotive,1
hunting suzuki x-over 2010 at the fans are always there,Automotive,1
hunting for your dream car can sometimes be a dud ! !,Automotive,1
affordable car spare parts approved by toyota the price will make your wife smile .,Automotive,1
berburu 5 mobil terlaris di bmi harga mulai dari 80 jutaan,Automotive,1
"hanya mesin rembes , lecet pemakaian , masa gak dibeli ? ? ? berburu suzuki swift gt3 2010 .",Automotive,1
"3 days with the 2024 grand vitara hybrid features galore , but ?",Automotive,1
failed toyota hiace deal and met an uncooperative jazz seller,Automotive,1
"finally released ! ! ! jetbus5 shd single glass @adiputroofficial pesona bus p003 "" alpha """,Automotive,1
5-fold progressive tax : should i buy it ? delivering a car to my boarding house friend hunting f . . .,Automotive,1
2001 honda accord s86 worth maintaining ? here's how we feel,Automotive,1
"omsecond.id auction 100 million , you can take home this car : 2011 audi q5 quattro ထထ",Automotive,1
"still many enthusiasts , worth to buy towards the end of 2024 ? hunting for the 2011 yaris e",Automotive,1
"got a special panther pick up , but asked to replace the bed hunting for a dream car",Automotive,1
"hunting stargazer x , brio , br-v , swift . forget plans , protect self-esteem . hunting dream car",Automotive,1
"holding back hunger , hoping our plans go smoothly . hunting for our dream car cititrans malang . . .",Automotive,1
used car prices and selection in jakarta are truly top-notch hunting for your dream car,Automotive,1
"because of kia carens , we didn't have time for vacation hunting for dream car",Automotive,1
got a modified car up to tens of millions ? no problem . hunting for dream cars,Automotive,1
"new fazzio 2026 . ... .yamaha gokil , cakeppp ! ! !",Automotive,1
marquez jadi rebutan raungan rc213v 850cc menggelegar regulasi motogp 2027 untungkan jepang ?,Automotive,1
"seremm ini motor cb1300 superfour tampang kalem , tapi buasss ! ! ! !",Automotive,1
tardozzi marah ducati bereaksi .kontrak marquez terancam ? !,Automotive,1
legend reborn yamaha sr400 siklasik mbah rx-king ? ?,Automotive,1
adu kuat lampu new vario street vs aerox turbo siapa raja ? ?,Automotive,1
"ducati kisruh tardozzi dipecat ? ? marquez digaji 294 milyar , pecco hengkang ? ?",Automotive,1
ini serius . . ? ? marquez balik ke honda di 2027 ? ? toprak minta revisi stang yamaha . . ! !,Automotive,1
gokil lampunya parah ? ? tes new vario street malam hari ! !,Automotive,1
vario street bocor raknya ? ? .tes helm di bagasi gagal ? ?,Automotive,1
bongkar cbr250rr versi racing arbi 2025 ! ! ! motogp bangetttt,Automotive,1
horeee .new vario street sudah datang ! ! lho kok gini ? ? ?,Automotive,1
sang raja datang ? ! new mx king 155 vva 2025 .black mamba ? ?,Automotive,1
bebek trail terganaz ! ? yamaha pg-1 .inikah yang kalian tunggu ? ? ?,Automotive,1
serius jadi gini . . ? ? ? ? new aerox 2026 red silver-blue,Automotive,1
ini mbah tiger ? ? hornet 750 honda makin sadizzz !,Automotive,1
vario versi 2 silinder ? ? ? new cbr500r black edition 2026 ! ! ! !,Automotive,1
honda kurang ajar ! ! ! review 3 warna new vario 125 advance 2026,Automotive,1
new vario street 2026 warna black purple cakep parah ! ! ! ! !,Automotive,1
merah ferrari ? ? ? new vario 125 2026 red glossy versi termurah ! ! ! !,Automotive,1
raja baru datang ! ? new vario 125 street 2026 muka cbr ! ! ! ! ! !,Automotive,1
motor apa tank ! ! kawasaki meguro 230 plat tebal semua ! ! ! ! !,Automotive,1
motor tahan banting new yamaha x-ride 2025 . kayak tank ? ?,Automotive,1
marquez tidak gentar aprilia ducati kuatir...aero baru di test rahasia bezzecchi kencang ! !,Automotive,1
ganteng parah ! ! ! new nmax neo blue 2026 aura motogp banget ! ! !,Automotive,1
veda ega melesat di tes moto3 jerez emang gilaa nih bocah ! !,Automotive,1
adik mx-king terganas lahir yamaha jupiter-z1 2025 . . .mesin badak anti jebol ? ?,Automotive,1
toprak kejutkan yamaha fabio kaget . ...ducati mencurigakan marquez siap lawan aprilia ! !,Automotive,1
yamaha gilaaa spyshot new mx king 155 vva 2026 terbaru . keren banget ! !,Automotive,1
official new suzuki satria pro 2026 indonesia . bubarrr wisss ! ! ! !,Automotive,1
suzuki akhirnya bertobat . .. sv-7gx bikin geger . ..,Automotive,1
raja 2 silinder datang new yamaha yzr-r7 2026 . ...garang parah ! ! next r15 . . ? ? ?,Automotive,1
fix rossi tendang marquez fakta terungkap . .sepang clash membara,Automotive,1
keanehan ban pecco bolong di tengah . . yamaha v4 di kritik ! !,Automotive,1
cedera makin parah marquez resmi mundur dari motogp 2025 . . .bezzecchi jadi sorotan ? ?,Automotive,1
"brosur bocorrrr ! ! ! new suzuki satria pro 2026 ...fix , mesin berubah ! ! ! ! !",Automotive,1
jika marquez ke aprilia ? ? ducati kuatir ...pecco korban ? ? ?,Automotive,1
record australia pecah bezzecchi menggila. .pecco perih yamaha melesat ...honda aero baru,Automotive,1
bezzecchi di hukum penalti ducati kecewa . ...marquez mundur dari motogp 2025 ? !,Automotive,1
matic terkencang seindonesia honda cb650r e-clutch 2026 ! ! !,Automotive,1
cedera tulang marc parah terapi gagal . bedah dilakukan bezzecchi bikin amsyong,Automotive,1
marc perusak motor honda stefan bradl bongkar rc213v liberty media bikin ulah ? ?,Automotive,1
official new scoopy kuromi limited edition 2026 lucu puolll,Automotive,1
update cedera marquez gp25 lemah . . .mandalika viral bahay4 ? ? ini hukuman bezzecchi . . ! ! !,Automotive,1
interview : veda ega makin dekat ke moto3 ? ? update motogp red bull rookies cup 2025,Automotive,1
vixion minder new cb150r black macho edition terbaru 2025 gede banget ! !,Automotive,1
bezzecchi sengaja tabrak marquez ? ? tulang retak project honda melesat,Automotive,1
gp25 hancur di mandalika penalti marquez tidak sah pecco menyerah honda berkibar,Automotive,1
marquez marah pecco kaget dimandalika gp25 ancurrr honda melesat ! ! !,Automotive,1
vario k1ller datang ? ! review yamaha cygnus 2025 ..ini baru gokill,Automotive,1
marquez teori konspirasi 2025 motor pecco disabotase ? ? motegi jadi bukti ? ?,Automotive,1
marc marquez motogp world championship 2025 nangis haru cak ! ! # motulmotegi,Automotive,1
pecco jungkalkan marquez ducati lega . ..marc mengalah ? honda melesat # motulmotegigp,Automotive,1
gp25 pecco cacat ? ? marquez tidak nyaman ...honda melejit ! motulmotegi,Automotive,1
new vario di imos 2025 ? ? gerebekk booth honda ! ! !,Automotive,1
"suzuki access 125 indonesia . ! ! ! body setebal tank , gilaaa ! ! ! !",Automotive,1
new xmax 250 2026 indonesia electric windshield + ess .gokill ! !,Automotive,1
live report imos 2026 inikah new nmax 2026 ? ? bongkar booth yamaha ! ! ! !,Automotive,1
skenario juara dunia 2025 marquez hindari mandalika ? ? motegi bisa gagal ? ? ?,Automotive,1
kok aspalnya gini . ? ? ngintip persiapan motogp mandalika feat vario community,Automotive,1
penyakit yamaha v4 terbongkar fabio kecewa .motor jadi boros bbm,Automotive,1
gas poll geber new adv 160 roadsync 2026 . mesin beda ? ?,Automotive,1
akhirnya . . review new honda adv 160 roadsync 2026 - brown glossy,Automotive,1
marquez king of misano rossi tinggalkan sirkuit pesta italia gagal fix juara dunia ? ?,Automotive,1
ini salahku . seru marquez ! ! rossi tertawa # misanogp,Automotive,1
marquez kesulitan mesin v4 yamaha mogok . rider italia siap jungkalkan marc ! !,Automotive,1
yamaha v4 bikin geger fabio langsung kencang ? ? mesin lebih halus ! ! !,Automotive,1
bocor new satria pro 2026 . suzuki sudah gilaaa ! ! ! !,Automotive,1
bersiaplah .new vario review beat street 2025 . seperti ini ? ?,Automotive,1
marc ngalah sama alex marquez rossi ancam di misano ? ? ini faktanya,Automotive,1
launching official new honda adv 160 roadsync 2026 . ..fitur moge datang ! !,Automotive,1
aku lelah seru pecco marc kawal alex menang ? yamaha hebat ! !,Automotive,1
pecco hancur-lebur marquez hanya akting ? ? yamaha v4 akan unjuk gigi # motogpbarcelona,Automotive,1
marquez siap kalah di barcelona ? pecco temukan sesuatu miller resmi dengan toprak,Automotive,1
akhirnya new adv160 roadsync 2026 siap launching . ! ! grebek both honda mandalika,Automotive,1
marquez indonesia obrak-abrik mandalika thailand bubar ! ! ! arrc2025,Automotive,1
vr46 puji marquez kok tumben ada apa nih ? ducati minta mekanik marc bantu pecco ? ? ?,Automotive,1
"b0m waktu marquez terbukti . . . analisa iwb akurat , haters piye ? ? ( reupload video juni 2024 )",Automotive,1
marquez pecahkan balaton martinator is back ducati kaget lihat pace marc ! !,Automotive,1
fabio kaget lihat marquez marc sebut pecco kena masalah mental ? # motogpbalaton,Automotive,1
marquez obrak-abrik balaton honda bangkit acosta ambyar kasihan pecco !,Automotive,1
marquez melesat di balaton pecco tegang mesin aprilia meleduk,Automotive,1
balaton motogp marquez diuntungkan ! gigi heran dengan pecco ? ?,Automotive,1
geger ahm siapkan airblade versi lokal ? ? bubarrrr cakkk ! ! !,Automotive,1
"ini tuntutan pecco . ducati memanas , marquez anak emas ? !",Automotive,1
marquez pecahkan record pecco hilang kesabaran stoner puji marc,Automotive,1
pecco murka michelin di tuntut bikin stang godek ? ? marquez ditantang acosta ! ! ! !,Automotive,1
pecco ancurr stang godek marquez makin menggilaa motogp sprint austria 2025,Automotive,1
marquez tak terbendung pecco atur strategi ? tolak elektronik baru,Automotive,1
pirro : marquez hancurkan ducati toprak segera test m1,Automotive,1
sang raja datang new suzuki satria 2026 . sudah keyless ? ?,Automotive,1
marquez balik ke honda line up motogp 2026 sejarah mencatat,Automotive,1
mandalika terancam kalender motogp 2026 .acosta tidak menjual !,Automotive,1
"ngajak ribut pcx-nmax big matic uwinfly m100 . . .canggih , buka jok pakai hp",Automotive,1
motogp geger marc marquez diprediksi juara dunia di sanmarino ? ? .ngeriiiihh,Automotive,1
giias 2025 mitsubishi destinator byd atto1 di serbu .apa istimewanya ? ? # giias2025,Automotive,1
kejutan giias 2025 bongkar booth honda .new vario muncul ? ?,Automotive,1
nmax turbo mengecewakan ganti jok ala x-max eropa ? ? . . .mbtech tidak ada obat ! !,Automotive,1
grebek showroom mewah vnd velg vnd vario keren parah .racing banget,Automotive,1
akhirnya ketahuan .motor ducati memang bermasalah,Automotive,1
"adu suv 7-seater 350 jutaan sampai 500 jutaan , mending mana ?",Automotive,1
byd panas ! penantang baru gak sampai 600 juta punya layar bisa nengok rasa miliaran !,Automotive,1
"toyota balas dendam , akhirnya ada mobil keluarga 7-seater super irit yang bikin kaget merek cina !",Automotive,1
kok bisa mobil semewah dan secanggih ini tapi cuma perlu nambah modal sedikit dari brio rs ?,Automotive,1
"suv jepang ini siap bangkit hajar mobil cina , jadi jauh lebih besar dan canggih !",Automotive,1
"brio bisa panik kalau ini masuk indonesia , kok bisa imut tapi lega banget ?",Automotive,1
"harganya mirip pajero sport fortuner , tapi dapat suv super kencang dan canggih rasa miliaran ?",Automotive,1
"mobil keluarganya byd kalah besar , ini sih siap tantang innova !",Automotive,1
"mobil cina auto panik , brand jepang ini bikin kaget bawa mobil super irit gak sampai 300 juta !",Automotive,1
yakin masih mau mitsubishi destinator yang paling murah ?,Automotive,1
"brio agya habis sudah ? pemain baru ini lebih murah , lebih irit dan jauh lebih canggih !",Automotive,1
"mimpi buruk veloz dan xpander , lawan barunya ini keterlaluan canggihnya !",Automotive,1
"pemilik xpander cross rush gigit jari , kok bisa lawannya secanggih ini ?",Automotive,1
"hr-v hybrid dan yaris cross terasa kemahalan , apakah ini calon mobil super irit paling terjangkau ?",Automotive,1
akhirnya mitsubishi punya mobil keluarga baru yang gagah canggih !,Automotive,1
"katanya harga mirip raize fronx tapi dapat mobil secanggih ini , lega banget pula !",Automotive,1
"akhirnya dijual , bentuknya kelihatan mahal banget padahal lebih murah dari hr-v ?",Automotive,1
"makin gak masuk akal , mobil kelihatan mahal banget ternyata lebih murah dibanding hr-v creta !",Automotive,1
"skakmat brand jepang , mobil ini nyaris gak ada celah , seirit motor tapi lebih murah dari zenix !",Automotive,1
"selalu bikin iri pemilik fortuner pajero sport , ini baru suv gagah idaman !",Automotive,1
"honda ngamuk parah siap serang mobil cina , makin canggih tapi malah turun harga !",Automotive,1
"honda mulai bangkit , mobil legendarisnya sekarang jadi super irit !",Automotive,1
"suzuki ngamuk parah , bisa bikin toyota honda gak laku kalau mobilnya begini !",Automotive,1
"siap jegal mobil murahnya byd , gak nyangka kecil-kecil lega banget !",Automotive,1
"mobil "" pemangsa orang kaya "" , cuma ada 5 unit langsung habis dalam hitungan hari !",Automotive,1
"lebih mewah besar dibanding cr-v tapi cuma 300 jutaan , bikin jepang tobat !",Automotive,1
"mobil miliaran kalah mewah padahal ini cuma seharga hr-v , gak masuk akal !",Automotive,1
"lebih lega dibanding innova , tapi lebih kecil dibanding avanza , kok bisa ?",Automotive,1
akhirnya ada mobil baru di bawah 200 juta ! agya dan brio satya jadi minder ?,Automotive,1
"gak masuk akal , 200 jutaan tapi mewah fitur sebanyak ini ? bikin raize rocky wr-v kewalahan !",Automotive,1
"korea menggila semua disikat , bawa "" mini palisade "" buat ganggu raize , rocky , wr-v !",Automotive,1
"muncul lagi penantang rush-terios , gagah gak sampai 300 juta !",Automotive,1
"bikin jepang korea makin pusing , tambah modal sedikit dari hr-v dapat mobil rasa miliaran !",Automotive,1
"gantinya jazz baru makin ganteng , leganya gak masuk akal !",Automotive,1
"nyaris sempurna , hampir gak percaya ini suv jepang ! muat 6 penumpang , bisa bensin bisa listrik !",Automotive,1
"modal nambah sedikit dari brio satya , dapat mobil lebih irit dan canggih ! kok bisa ?",Automotive,1
korea makin gila ! suv 400 jutaan fitur kayak miliaran siap hajar hr-v !,Automotive,1
"nissan ngamuk lagi , suv ini siap bangkit dan bantai cr-v !",Automotive,1
jualan atau sedekah ? kok bisa mobil begini lebih murah dari hr-v ?,Automotive,1
"serius mau nantang innova ? mpv 7-seater 400 jutaan ini lebih besar , lebih irit !",Automotive,1
"so luxurious , don't even let the office know about this zeekr 009 !",Automotive,1
korea ngamuk ! tambah lagi suv ganteng super irit siap hajar cr-v !,Automotive,1
why the innova can be this luxurious ? it' ll make zenix owners jealous !,Automotive,1
byd seal : review paling lengkap sedunia !,Automotive,1
potential collector's target ! what was the designer thinking making a car with doors like this ?,Automotive,1
"with a small increase in capital from the brio , you can get a sophisticated suv as big as the hr-v !",Automotive,1
"with the price of a brio , you can get an suv as powerful as a rubicon , how is that possible ?",Automotive,1
"toyota honda beware , this new suv could make the raize wr-v nervous !",Automotive,1
"i didn't expect that a car in the class of the raize wr-v can have so many features , too so soft !",Automotive,1
"fortuner pajero sport kalah besar , ini baru suv yang enak buat para bos !",Automotive,1
"toyota ngamuk fortuner jadi makin gagah , siap bantai suv diesel lain !",Automotive,1
"the price is too tempting , this european-style japanese suv is so tempting !",Automotive,1
"boss will love it ! it feels like you' re sitting in a car worth billions , but it's cheaper than a . . .",Automotive,1
"unexpectedly handsome , the new pajero sport should look like this !",Automotive,1
"mobil keluarga terbaik ? cuma nambah sedikit dari veloz , sebesar zenix dan lebih irit dibanding brio !",Automotive,1
"suzuki siap bantai mobil cina , siapkan mobil listrik terjangkau !",Automotive,1
"nissan takes revenge , this family car is ready to slaughter zenix and voxy !",Automotive,1
"suv diesel tangguh ini jadi makin gagah mewah , banyak ubahannya ?",Automotive,1
"pemilik hr-v siap-siap iri , suv baru ini jadi makin kencang canggih !",Automotive,1
"siap bikin byd omoda ketar-ketir , suv ini lebih lega dan murah !",Automotive,1
akhirnya ada mobil listrik murah yang paling masuk akal dibeli !,Automotive,1
apakah ini yang namanya suv sempurna ?,Automotive,1
"don't call yourself a "" car lover "" if you haven't seen this one . . .",Automotive,1
"kami masih gak percaya "" mobil rakyat "" toyota bisa secanggih ini . . .",Automotive,1
"the relief is unbelievable , those with families must try it !",Automotive,1
what's it like to ride in the cheapest electric car in indonesia ?,Automotive,1
suzuki ertiga - top speed acceleration ( inc . 0-100 ),Automotive,1
"gerebek pabrik mobil misterius ini , ternyata besar banget !",Automotive,1
hyundai stargazer - top speed acceleration ( inc . 0-100 ),Automotive,1
toyota veloz - top speed acceleration ( inc . 0-100 ),Automotive,1
"hatchback termurah toyota , mending pilih yang mana ?",Automotive,1
mitsubishi xpander - top speed acceleration ( inc . 0-100 ),Automotive,1
"pabrikan cina ini tobat , mobilnya tambah canggih ganteng , jadi lebih murah 70 jutaan !",Automotive,1
honda cr-v turbo 2023 - top speed acceleration ( inc . 0-100 ),Automotive,1
honda cr-v rs e:hev ( 2.0 hybrid ) - top speed acceleration ( inc . 0-100 ),Automotive,1
"seukuran cr-v , mobil 300 jutaan ini bisa tempuh jakarta-lombok sekali isi penuh ? !",Automotive,1
"price drop of hundreds of millions , it's hard to believe a car this sophisticated is only 400 mil . . .",Automotive,1
"the most worth it car , all other cars feel overpriced !",Automotive,1
"sekali tonton langsung ngerti , berikut tutorial cara menyetir mobil super mewah ini !",Automotive,1
"ini baru suv masuk akal , makin canggih pakai sunroof dan harganya tetap oke !",Automotive,1
"car installments paid off but still have to pay 1 million a month , how is that possible ?",Automotive,1
"smaller than brio but much more spacious than hr-v , how's that possible ?",Automotive,1
"mobil paling laku di indonesia , sekarang makin canggih !",Automotive,1
"ada suzuki 7-seater baru , harga lebih murah dibanding xpander !",Automotive,1
why aren't all cars this comfortable ?,Automotive,1
"there's a new honda 7-seater suv , half the price of a cr-v !",Automotive,1
suzuki jimny sekarang 5 pintu ! harganya gak masuk akal ? !,Automotive,1
mitsubishi xforce : review super lengkap,Automotive,1
honda cr-v turbo 2023 : review super lengkap !,Automotive,1
"pemilik agya wajib tahu , mobil kalian ternyata menyimpan rahasia ini !",Automotive,1
mobil di tahun 2024 akan semakin menarik !,Automotive,1
"harga mobilnya bikin sakit kepala , kecil-kecil tapi miliaran ? ?",Automotive,1
"the interior feel like it's worth 1 billion though it's not even 500 million , how can that be ?",Automotive,1
"kabin first class kalah mewah , mending beli ini dibanding nungguin alphard baru ?",Automotive,1
"makes toyota panic , yaris cross is less efficient and less cheaper than this suv !",Automotive,1
"really , a small car can be this complete ?",Automotive,1
is the cr-v hybrid too expensive ? why not this one ? just as fuel-efficient and can carry more !,Automotive,1
"mewah , canggih , lega , irit ! apakah ini mobil keluarga 300 jutaan sempurna ?",Automotive,1
"this is what honda would like if honda made the most luxurious , sophisticated , and fuel-efficient . . .",Automotive,1
"pemilik toyota waspada , banyak yang belum tahu mobilnya punya fitur canggih ini !",Automotive,1
afc ofc bicara standar global coach educator di indonesia,Sports,9
knvb international academy coaching clinic - mimika,Sports,9
fifa women's football campaign hadir di ambon,Sports,9
talent scout evaluation programme - piala soeratin 2025,Sports,9
membangun budaya keamanan sepakbola di indonesia,Sports,9
coach educator course lisensi d - lampung,Sports,9
"pssi classroom : pitch management workshop , daerah istimewa yogyakarta",Sports,9
"pssi grassroots football festival , samarinda",Sports,9
"pssi classroom : pitch management workshop , jawa tengah",Sports,9
refereeing workshop for media,Sports,9
"coaching clinic bersama mantan pemain timnas indonesia , evan dimas darmono",Sports,9
𝐏𝐒𝐒𝐈 𝐆𝐫𝐚𝐬𝐬𝐫𝐨𝐨𝐭𝐬 𝐅𝐨𝐨𝐭𝐛𝐚𝐥𝐥 𝐅𝐞𝐬𝐭𝐢𝐯𝐚𝐥 - gorontalo,Sports,9
miliano jonathans resmi menjadi warga negara indonesia,Sports,9
wawancara eksklusif : alexander zwiers - direktur teknik pssi,Sports,9
"coach educator course lisensi d - tangerang selatan , banten",Sports,9
"coach educator course lisensi d - sidoarjo , jawa timur",Sports,9
fifa-ma course for referees jelang musim 2025 / 2026,Sports,9
match commissioner course musim 2025 / 26,Sports,9
fifa talent development scheme ( tds ) - diy,Sports,9
kursus instruktur wasit provinsi - riau,Sports,9
pssi national coaching conference 2025,Sports,9
fifa talent development scheme 2025 berlanjut di jakarta,Sports,9
pssi-fifa perkuat pembinaan lewat workshop dan player camp terpadu di bogor,Sports,9
kursus instruktur wasit provinsi sumatra barat,Sports,9
"pssi classroom : workshop pitch management , jawa timur",Sports,9
coach educator course - bandung,Sports,9
𝐏𝐒𝐒𝐈 𝐂𝐋𝐀𝐒𝐒𝐑𝐎𝐎𝐌 : 𝐁𝐞𝐡𝐢𝐧𝐝 𝐄𝐯𝐞𝐫𝐲 𝐂𝐡𝐚𝐦𝐩𝐢𝐨𝐧 𝐬,Sports,9
pssi classroom pitch management workshop - bali,Sports,9
pssi referee asessor course,Sports,9
pssi coach educator refreshment 2025,Sports,9
pitch management workshop - jawa barat,Sports,9
kursus instruktur wasit provinsi - kalimantan selatan,Sports,9
kursus instruktur wasit provinsi - nusa tenggara barat,Sports,9
"fgd - talent development scheme , standarisasi format talent identifikasi pssi 2025",Sports,9
ce course lisensi d - di yogyakarta,Sports,9
prematch press conference : jepang vs indonesia,Sports,9
fifa women's football development coach education scholarships ( groups ) lisensi d,Sports,9
kursus coach educator lisensi d - makassar,Sports,9
kursus coach educator lisensi d - jayapura,Sports,9
"kursus coach educator lisensi d gelombang 7 di semarang , jawa tengah .",Sports,9
coach educator course lisensi d di jakarta,Sports,9
freeport grassroots tournament 2025,Sports,9
pssi x the haye way - neal with pssi president special interview,Sports,9
official draw liga 4 2024 -2025 putaran nasional,Sports,9
timnas indonesia kini hadir di efootball,Sports,9
"# pemainkeduabelas , kerjasama unicef dan pssi",Sports,9
prematch press conference : australia vs indonesia,Sports,9
17 titik cahaya baru bagi masa depan sepakbola indonesia,Sports,9
wasit putri beraksi di piala soeratin u-13 2024 !,Sports,9
final dan awarding piala soeratin u13 2024,Sports,9
pelatihan var dan avar perangkat pertandingan liga 2,Sports,9
coach educator course lisensi d pssi - sumatera utara,Sports,9
indonesia menjadi tuan rumah fifa campus : executive programmes revenue generation,Sports,9
pssi terima dukungan fifa-giz untuk percepatan pengembangan sepak bola wanita di indonesia,Sports,9
coach educator course lisensi d pssi - sumatera barat,Sports,9
coach educator course lisensi d pssi - jawa barat,Sports,9
"dorong kualitas pelatih lokal , dua pelatih akan ditugaskan menjadi asisten pelatih timnas senior",Sports,9
pssi gelar kursus instruktur kepelatihan lisensi d gelombang 2 di kota batu,Sports,9
kursus instruktur kepelatihan lisensi d pssi - bali,Sports,9
pssi-jfa coaching seminar 2024,Sports,9
pssi partner summit 2024,Sports,9
merayakan sepak bola melalui grassroots football festival,Sports,9
pssi member development untuk klub liga 1 dan liga 2,Sports,9
pssi c1 referee refreshment course,Sports,9
panduan registrasi garuda id,Sports,9
press conference : garuda id,Sports,9
post-match press conference : tiongkok vs indonesia,Sports,9
komentar coach shin saat latihan perdana di tiongkok,Sports,9
post-match press conference : bahrain vs indonesia,Sports,9
pre-match press conference : bahrain vs indonesia,Sports,9
manajer timnas berharap teror laser suporter bahrain tak terulang kembali,Sports,9
pssi kembali gelar refereeing workshop for media,Sports,9
post match press conference arab saudi vs indonesia,Sports,9
exclusive interview shin tae-yong dengan exco pssi arya sinulingga,Sports,9
bank mandiri semarakkan prestasi tim u-19 indonesia dengan dana pembinaan rp 1 miliar pssi corner,Sports,9
statement sekjen pssi yunus nusi kepada anggota komisi x dpr ri mengenai naturalisasi pssi corner,Sports,9
komisi x dan iii menyetujui rekomendasi kewarganegaraan calvin verdonk dan janes raven pssi corner,Sports,9
pssi kembali gelar kursus refer system 2 untuk penilai wasit pssi corner,Sports,9
pssi gelar kepelatihan perdana untuk instruktur pelatih futsal pssi corner,Sports,9
pssi gelar seminar mengenai contractual dispute dan ndrc pssi corner,Sports,9
momen pengambilan sumpah pewarganegaraan nathan tjoe-a-on kita garuda,Sports,9
gratis pssi gelar seleksi dan kursus wasit lisensi c1 nasional pssi corner,Sports,9
pssi gelar kursus refer system untuk penilai wasit di jakarta pssi corner,Sports,9
pssi gelar seleksi dan kursus penilai wasit baru tahun 2024 pssi corner,Sports,9
saksikan piala soeratin hanya di pssi tv teaser promo,Sports,9
"presiden jokowi tinjau pusat pelatihan pssi di ikn , kalimantan timur selasa , 17 januari 2024",Sports,9
akademi garudayaksa mou dengan aspire academy qatar,Sports,9
nobar timnas indonesia vs libya bersama ketua umum pssi,Sports,9
momen thom haye medical check-up,Sports,9
blak-blakan ! pahit manis tugas sekretaris jenderal pssi yunus nusi pssi podcast,Sports,9
tiba di jakarta ! jay idzes akan jalani pengambilan sumpah wni kita garuda,Sports,9
tambah pengetahuan dalam seminar tahunan lisensi klub liga 1 dan 2 di jakarta 2023 pssi corner,Sports,9
pssi gelar seminar tahunan lisensi klub liga 1 dan 2 di jakarta pssi corner,Sports,9
peserta kursus afc pro diploma terus diasah dalam blok 6 pssi corner,Sports,9
pengambilan sumpah wni justin hubner kita garuda,Sports,9
kursus afc pro diploma modul 6 dimulai pssi corner,Sports,9
press conference : sinergitas kunci suksesnya piala dunia u17 2023 indonesia,Sports,9
press conference : pesepak bola dan ancaman cidera di tengah turnamen besar,Sports,9
press conference : persiapan menuju final piala dunia u17 2023 indonesia,Sports,9
press conference : ungkap pemalsuan tiket piala dunia u17 2023 indonesia,Sports,9
highlight bali united fc vs dewa united banten fc goal skill save,Sports,9
kadek arel : kita bagus tidak kebobolan tapi catatan penting tidak mencetak gol what's news,Sports,9
a full week of preparation for tomorrow's match goal skill save,Sports,9
brandon : we're absolutely ready for three points tomorrow what's news,Sports,9
matchday diary psbs biak vs bali united fc bri super league,Sports,9
highlight psbs biak vs bali united fc goal skill save,Sports,9
johnny jansen : i'm very proud of the players and staff what's news,Sports,9
tridatu soldiers ' final training session in maguwoharjo goal skill save,Sports,9
mirza mustafic : giving everything to win tomorrow's match what's news,Sports,9
tiga punggawa serdadu tridatu telah kembali latihan goal skill save,Sports,9
continue to improve tridatu soldiers ' preparations goal skill save,Sports,9
focus and high intensity color bali united's saturday training goal skill save,Sports,9
tridatu soldiers return to training after break goal skill save,Sports,9
matchday diary borneo fc samarinda vs bali united fc bri super league,Sports,9
highlight borneo fc samarinda vs bali united fc goal skill save,Sports,9
brandon wilson : we have faith and believe we can win what's news,Sports,9
persiapan taktis di hari raya kuningan serdadu tridatu jelang laga esok ! goal skill save,Sports,9
receiving team : we prepare ourselves together with our teammates what's news,Sports,9
bali united's high-intensity training today goal skill save,Sports,9
matchday diary bali united fc vs persis solo bri super league,Sports,9
disappointed with the result but proud of the team's progress what's news,Sports,9
highlight bali united fc vs persis solo goal skill save,Sports,9
serdadu tridatu's final preparations ahead of tomorrow's match against persis solo goal skill save,Sports,9
"we have good focus , so that's very good what's news",Sports,9
"after the eid al-fitr holiday , tridatu soldiers return to training",Sports,9
matchday diary bhayangkara presisi lampung fc vs bali united fc bri super league,Sports,9
highlight bhayangkara presisi lampung fc vs bali united fc goal skill save,Sports,9
"we are bali united , trying to play good football ! what's news",Sports,9
bali united undergoes official training ahead of tomorrow's match goal skill save,Sports,9
well prepared and looking forward to tomorrow's match what's news,Sports,9
serdadu tridatu kembali melakoni latihan untuk persiapan lanjutan bri super league goal skill save,Sports,9
matchday diary bali united fc vs persib bandung bri super league,Sports,9
"highlight bali united fc vs . persib bandung goal , skill , and save",Sports,9
final preparations for tomorrow's big match goal skill save,Sports,9
work harder for three points at dipta goal skill save,Sports,9
"bench cam dominasi selama pertandingan , di tahan imbang persita bali united fc vs persita",Sports,9
matchday diary bali united fc vs persita bri super league,Sports,9
highlight bali united fc vs persita goal skill save,Sports,9
ready to play again at dipta tomorrow ! goal skill save,Sports,9
bench cam tiga point berharga dari jepara dan penuh ketegangan persijap vs bali united fc,Sports,9
matchday diary persijap vs bali united fc bri super league,Sports,9
highlight persijap vs bali united fc goal skill save,Sports,9
tridatu soldiers ' final preparations at geloran bumi kartini stadium goal skill save,Sports,9
jeda telah usai mari matangkan persiapan goal skill save,Sports,9
tetap jaga kondisi fisik saat jeda liga goal skill save,Sports,9
morning spirit full of energy goal skill save,Sports,9
matchday diary semen padang fc vs bali united fc bri super league,Sports,9
highlight semen padang fc vs bali united fc goal skill save,Sports,9
hard work leads to victory goal skill save,Sports,9
evaluation ! let's focus on the next match goal skill save,Sports,9
matchday diary bali united fc vs psim jogja bri super league,Sports,9
highlight bali united fc vs psim jogja goal skill save,Sports,9
morning spirit and supportive weather accompany tridatu soldiers ' training goal skill save,Sports,9
matchday diary persija vs bali united fc bri super league,Sports,9
highlight persija vs bali united fc goal skill save,Sports,9
thoroughly prepare before heading to jakarta goal skill save,Sports,9
back on the pitch after a break and focused on the next match goal skill save,Sports,9
"filling the league break , serdadu tridatu increased playing time to maintain fitness against pers . . .",Sports,9
bench cam laga yang seru tiga point perdana bali united fc vs madura united fc,Sports,9
matchday diary bali united fc vs madura united fc bri super league,Sports,9
highlight bali united fc vs madura united fc goal skill save,Sports,9
mari kita selesaikan untuk laga besok di dipta goal skill save,Sports,9
fokus untuk laga selanjutnya come on boys ! goal skill save,Sports,9
matchday diary persebaya surabaya vs bali united fc bri super league,Sports,9
highlight persebaya surabaya vs bali united fc goal skill save,Sports,9
final preparations before heading to the city of heroes goal skill save,Sports,9
jordy bruijn sudah bergabung latihan dengan serdadu tridatu goal skill save,Sports,9
bench cam terima kasih perjuangannya 1 point dari ternate malut united fc vs bali united fc,Sports,9
matchday diary malut united fc vs bali united fc bri super league,Sports,9
highlight malut united fc vs bali united fc goal skill save,Sports,9
matangkan persiapan di makasar sebelum menuju ternate goal skill save,Sports,9
bench cam hasil imabang laga perdana bali united fc vs persik kediri,Sports,9
matchday diary bali united fc vs persik kediri bri super league,Sports,9
after match press conference bali united vs persik kediri what's news,Sports,9
"highlight bali united fc vs . persik kediri goal , skill , and save",Sports,9
persiapan terakhir jelang laga pertama di bri super league goal skill save,Sports,9
kadek arel dan rahmat arjuna sudah kembali bergabung dengan serdadu tridatu goal skill save,Sports,9
laga ujicoba terakhir bali united vs persis solo goal skill save,Sports,9
official bali united 2025 -2026 jersey has been released,Sports,9
friendly match bali united vs psim yogyakarta matchday diary,Sports,9
persiapan menuju super league dengan latihan bersama deltras fc goal skill save,Sports,9
mengoptimalkan waktu latihan pagi sebelum menatap liga goal skill save,Sports,9
mengenal jens raven lebih dekat tanya tanya yuk,Sports,9
bali united fc latihan bersama bhayangkara fc goal skill save,Sports,9
bali united - reignite,Sports,9
penuh semangat latihan pagi yang produktif goal skill save,Sports,9
bali united kembali ke pura ulundanu batur dan pura agung besakih behind the pitch,Sports,9
dua punggawa baru sudah bergabung latihan goal skill save,Sports,9
kembali kelapngan serdadu tridatu berlatih keras goal skill save,Sports,9
jeffrey talan sudah bergabung dengan serdadu tridatu goal skill save,Sports,9
harapan joao ferrari bersama bali united tanya tanya yuk,Sports,9
dua wajah baru sudah bergabung latihan dengan serdadu tridatu goal skill save,Sports,9
ini dia target riszky dwi bersama bali united kedepanya tanya tanya yuk,Sports,9
latihan perdana serdadu tridatu dengan wajah wajah baru dan era baru goal skill save,Sports,9
ngobrol singkat bareng @ melvinplatje9 di bali united training center,Sports,9
selamat datang di bali united assistant coach ronnie pander tanya tanya yuk,Sports,9
selamat datang di bali united assistant coach jeffrey talan tanya tanya yuk,Sports,9
musim yang mengesankan ! ini dia gol bali united 2024 : 2025 goal skill save,Sports,9
ini dia obrolan hangat bersama coach johnny jansen pelatih baru bali united tanya tanya yuk,Sports,9
persebaya surabaya vs bali united matchday diary,Sports,9
sports10 29 oktober 2019,Sports,9
sports10 dari atlit basket ke peneliti,Sports,9
wawancara dengan yunas miradiarsyah dirut baru ibl,Sports,9
tambah koleksi apa setelah kim hong stapac mundur dari ibl ?,Sports,9
wawancara khusus ketua perbasi dan manajer timnas basket indonesia,Sports,9
stapac mundur dari ibl - wawancara khusus,Sports,9
headline news 27 mei - raptors ke final nba,Sports,9
headline news 24 mei - raptors selangkah lagi ke final nba,Sports,9
headline news 23 mei - nba all defensive team 2019,Sports,9
headline news 20 mei - zohri on track ke olimpiade 2020,Sports,9
headline news 17 mei - we stole that game : steve kerr,Sports,9
headline news 16 mei btn cls knights juara abl 2018 /2019,Sports,9
headline news 15 mei - pelicans rebut zion ?,Sports,9
headline news 14 mei - 5 buzzer beater terbaik,Sports,9
headline news 13 mei - kawhi buzzer beater dramatis kalahkan 76ers,Sports,9
headline news 10 mei - inggris raja eropa,Sports,9
headline news 9 mei youtube - btn cls kalah dikandang,Sports,9
headline news 7 mei - giannis bawa bucks ke final wilayah timur,Sports,9
headline news 6 mei - leonard bawa raptors samakan kedudukan,Sports,9
headline news 4 mei - btn cls knights menang gim 1 dengan defense,Sports,9
headline news 3 mei 2019 - lowry korban permainan keras playoffs,Sports,9
headline news 2 mei - brandon jawato nominee mvp lokal abl,Sports,9
"headline news 1 mei - james harden cedera , warriors menang",Sports,9
daily sport news 29 april - btn cls knights masuk final,Sports,9
daily sports news 28 april - merpati bali juara srikandi cup 2018 /2019,Sports,9
daily sports news 27 april - sahabat rebut tiket ke final,Sports,9
daily sports news 25 april 2019,Sports,9
"greats gmc : "" pemain baru adelaide callista wongsohardjo """,Sports,9
daily ports news 24 april- tenaga baru dapatkan harapan baru,Sports,9
"greats gmc : "" highlight gmc vs tanago friesian """,Sports,9
"greats gmc : "" highlight play off gmc cirebon vs tenaga baru pontianak """,Sports,9
road to play off srikandi cup 2019,Sports,9
daily sports news 22 april - btn cls knights 1 gim lagi menuju final,Sports,9
"daily sports news 21 april - dudley di eject , 76ers menang di menit terakhir",Sports,9
""" wrap up seri 3 semarang bersama wahyu gunarto """,Sports,9
daily sports news 20 april - btn cls knights wajib menang lawan mono vampire,Sports,9
daily sports news 19 april,Sports,9
daily sports news 18 april - tiger and lebron masuk daftar orang berpengaruh time magazine,Sports,9
daily sports news 16 april - zion ikuti draft nba,Sports,9
"greats gmc : "" seniman mural """,Sports,9
daily sports news 15 april - tiger woods kembali menangi masters 2019,Sports,9
"greats gmc : "" pemain baru faizzatus shoimah """,Sports,9
daily sports new 14 april - kings angkat luke walton jadi pelaith barunya,Sports,9
daily sports news 13 april 2019 - lakers part with luke walton,Sports,9
daily sports news 12 april - uii srikandi playoffs di gor ki bagoes hadikoesoemo,Sports,9
daily sports news - dwyane and dirk last game,Sports,9
daily sports news 10 april - magic johnson steps down,Sports,9
daily sports news 09 april 2019 yuni dan fanny calon kuat mvp srikandi cup reguler season 2018 /2019,Sports,9
daily sports news 8 april 2019,Sports,9
highlight gmc cirebon vs tanago friesian,Sports,9
daily sports news 6 april 2019,Sports,9
great gmc : highlight gmc vs merpati bali game 3,Sports,9
"daily sports news 5 april - laga kedua gmc vs merpati , ada strategi baru ?",Sports,9
daily sports news 4 april - gmc cirebon belajar dari merpati bali,Sports,9
"greats gmc : "" highlight gmc vs merpati bali """,Sports,9
highlight gmc cirebon vs flying wheel makassar,Sports,9
daily sports news 3 april 2019,Sports,9
"gmc feature - pemain baru "" nurlaela azhara """,Sports,9
daily sport news 02 april 2019,Sports,9
gmc preview - srikandi cup seri 3 semarang,Sports,9
daily sports news 30 mar 2019,Sports,9
daily sports news 1 april 2019 - gmc ingin pastikan masuk zona aman playoffs,Sports,9
daily sports new 31 march 2019 - nykita akan beraksi kembali di seri 3 semarang,Sports,9
skor nba 29 mar 2019,Sports,9
daily sports news 29 mar 2019,Sports,9
daily sports news 28 march 2019 - mike conly is the grizzles all time scoring leader,Sports,9
daily sports news 27 mar 2019,Sports,9
daily sports news 26 march 2019 - lonzo drops bbb and goes nike ?,Sports,9
daily sports news 25 march 2019 - savon goodman ibl finals mvp,Sports,9
daily sport news 24 march 2019 - stapac jakarta juara ibl 2018 /2019,Sports,9
daily sports new 23 march 2019 - satria muda do or die game 2,Sports,9
daily sports news 22 march 2019 - stapac rebut gim 1 ibl finals,Sports,9
daily sports news 21 march 2019 - giannis tidak mau di amerikanisasi,Sports,9
daily sports news 20 march 2019,Sports,9
daily sports news 19 mar,Sports,9
daily sports news 18 mar 2019,Sports,9
daily sports news 17 mar 2019,Sports,9
daily sports news 16 mar,Sports,9
daily sports news 15 mar 2019,Sports,9
daily sports news 14 mar 2019,Sports,9
daily sports news 13 mar 2019,Sports,9
daily sports news 12 mar 2019,Sports,9
daily sports news 11 mar 2019,Sports,9
daily sports news news 09 mar,Sports,9
daily sports news 08 mar,Sports,9
daily sports news 07 march 2019,Sports,9
daily sports news - 06 march 2019,Sports,9
basket indonesia ibl playoffs interview nsh,Sports,9
basket indonesia - dbl indonesia visit,Sports,9
daily sports news 05 march 2019,Sports,9
basket indonesia - ibl playoffs interview,Sports,9
daily sports news 02 mar 2019,Sports,9
basket indonesia - interview abraham damar,Sports,9
""" headline news 01 - 03 - 2019 """,Sports,9
""" headline news 28 feb 2019 """,Sports,9
"headline news : "" 27 - 02 - 2019 """,Sports,9
"great gmc : "" wrap up seri 2 jakarta """,Sports,9
headline news 26 - 02 - 2019,Sports,9
"greats gmc : "" match 1 gmc vs flying wheel full match """,Sports,9
headline news 24 feb,Sports,9
highlights - melbourne victory vs wellington phoenix mw10 a-league 2025 -26,Sports,9
# motogp - marc vs pecco vs alex,Sports,9
"drama di brno : bagnaia gagal podium , marquez kuasai motogp ceko 2025 motogp",Sports,9
mgm macau tennis masters - ugo humbert vs alejandro d . fokina men's singles highlights day 2,Sports,9
mgm macau tennis masters - juncheng shang vs yibing wu men's singles highlights day 2,Sports,9
mgm macau tennis masters - alexandra eala vs mirra andreeva women's singles highlights day 2,Sports,9
ducati kuasai jerman ! marc alex marquez 1 2 di motogp sachsenring 2025 motogp,Sports,9
scottish premiership aberdeen vs dundee united mw19 highlights,Sports,9
mgm macau tennis masters - team li na vs team conchita captains challenge highlights day 2,Sports,9
liga arab saudi dominasi al ittihad ! highlights al ittihad vs al shabab mw11,Sports,9
liga arab saudi ronaldo 956 gol ! highlights al hilal vs al khaleej mw11,Sports,9
scottish premiership livingston vs celtic mw19 highlights,Sports,9
mgm macau tennis masters - u . humbert vs y . wu men's singles highlights day 1,Sports,9
mgm macau tennis masters - shang/eala vs wu/fokina mixed doubles highlights day 1,Sports,9
highlights - adelaide united vs western sydney wanderers mw10 a-league 2025 -26,Sports,9
highlights - newcastle jets vs macarthur fc mw10 a-league 2025 -26,Sports,9
mgm macau tennis masters - j . shang vs alejandro d . fokina men's singles highlights day 1,Sports,9
mgm macau tennis masters - team li na vs team conchita captains challenge highlights day 1,Sports,9
liga arab saudi al hilal hampir kena comeback ! highlights al hilal vs al khaleej mw11,Sports,9
crash comeback ! marc márquez bangkit dan menang di tt assen gp 2025 motogp,Sports,9
kejutan di jerez : alex marquez raih kemenangan pertama motogp 2025 motogp,Sports,9
scottish premiership heart of midlothian vs rangers mw18 highlights,Sports,9
saat marc marquez menunjukkan mental juara sejati gp qatar 2025 motogp,Sports,9
highlights - wellington phoenix vs central coast mariners mw9 a-league 2025 -26,Sports,9
highlights - western sydney wanderers vs auckland mw9 a-league 2025 -26,Sports,9
highlights - perth glory vs adelaide united mw9 a-league 2025 -26,Sports,9
highlights - melbourne city vs melbourne victory mw9 a-league 2025 -26,Sports,9
highlights - macarthur vs brisbane roar mw9 a-league 2025 -26,Sports,9
dari tahta juara ke ujian terberat ! perjalanan jorge martin di motogp 2025 motogp,Sports,9
scottish premiership dundee united vs celtic mw11 highlights,Sports,9
highlights - wellington phoenix vs newcastle jets mw8 a-league 2025 -26,Sports,9
throwback ! aksi - aksi menarik di gp amerika 2025 motogp,Sports,9
highlights ms - final truls moregard vs tomokazu harimoto hongkong 2025 wtt,Sports,9
premier sports cup st . mirren vs celtic final highlights,Sports,9
highlights ws - final kuai man vs wang manyu hongkong 2025 wtt,Sports,9
highlights ms - sf tomokazu harimoto vs lin shidong hongkong 2025 wtt,Sports,9
highlights ws - sf chen yi vs wang manyu hongkong 2025 wtt,Sports,9
highlights ws - sf sun yingsha vs kuai man hongkong 2025 wtt,Sports,9
duel marc bersaudara ! momen - momen terbaik gp argentina 2025 motogp,Sports,9
scottish premiership falkirk vs heart of midlothian mw17 highlights,Sports,9
highlights - perth glory vs sydney mw8 a-league 2025 -26,Sports,9
highlights - melbourne victory vs adelaide united mw8 a-league 2025 -26,Sports,9
highlights - western sydney wanderers vs brisbane roar mw8 a-league 2025 -26,Sports,9
highlights - central coast mariners vs auckland mw8 a-league 2025 -26,Sports,9
throwback ! aksi - aksi menarik di gp thailand 2025 motogp,Sports,9
momen - momen terbaik king marc marquez selama perhelatan musim 2025 motogp,Sports,9
"satu tahun , ribuan emosi semua yang terbaik ada disini !",Sports,9
kompilasi momen terbaik seri motogp musim 2025 motogp,Sports,9
scottish premiership celtic fc vs hearts of midlothian mw16 highlights,Sports,9
"highlights - round 6 chang international circuit , thailand - asb 1000 race 2 arrc malaysia",Sports,9
"highlights - round 6 chang international circuit , thailand - ss 600 race 2 arrc thailand",Sports,9
scottish premiership kilmarnock vs rangers mw16 highlights,Sports,9
indonesia raya berkumandang di thailand ! arbi aditama juara dikelas ap250 arrc 2025 arrc thailand,Sports,9
highlights - 2025 sao paulo e-prix r1 race,Sports,9
highlights - 2025 sao paulo e-prix r1 qualifying,Sports,9
"highlights - round 6 chang international circuit , thailand - ss 600 race 1 arrc thailand",Sports,9
"highlights - round 6 chang international circuit , thailand - asb 1000 race 1 arrc malaysia",Sports,9
scottish premiership dundee united vs rangers mw16 highlights,Sports,9
highlights - central coast mariners vs sydney mw7 a-league 2025 -26,Sports,9
highlights - newcastle jets vs melbourne city mw7 a-league 2025 -26,Sports,9
highlights - auckland vs wellington phoenix mw7 a-league 2025 -26,Sports,9
highlights - perth glory vs western sydney wanderers mw7 a-league 2025 -26,Sports,9
highlights - macarthur vs melbourne victory mw7 a-league 2025 -26,Sports,9
highlights - macarthur vs perth glory mw6 a-league 2025 -26,Sports,9
highlights - auckland vs newcastle jets mw6 a-league 2025 -26,Sports,9
scottish premiership hibernian vs celtic mw14 highlights,Sports,9
saudi king's cup al hilal menuju semi final ! al hilal vs al fateh quarter final highlights,Sports,9
saudi king's cup benzema masih jago coy ! al shabab vs al ittihad quarter final highlights,Sports,9
scottish premiership kilmarnock vs dundee united mw14 highlights,Sports,9
highlights - western sydney wanderers vs sydney mw6 a-league 2025 -26,Sports,9
highlights - central coast mariners vs melbourne city mw6 a-league 2025 -26,Sports,9
highlights - wellington phoenix vs adelaide fc mw6 a-league 2025 -26,Sports,9
highlights - brisbane roar vs melbourne victory mw6 a-league 2025 -26,Sports,9
saudi king's cup dramatis hingga adu penalty ! al qadsiah vs al ahli quarter final highlights,Sports,9
liga arab saudi ronaldo salto ! gol ke-954 ! highlights al nassr vs al khaleej mw9,Sports,9
scottish premiership aberdeen vs hearts mw13 highlights,Sports,9
highlights - newcastle jets vs perth glory mw5 a-league 2025 -26,Sports,9
highlights - auckland vs brisbane roar mw5 a-league 2025 -26,Sports,9
scottish premiership st . mirren vs celtic fc mw13 highlights,Sports,9
liga arab saudi darwin nunez makin menyala di arab ! highlights al hilal vs al fateh mw9,Sports,9
highlights - sydney vs melbourne victory mw5 a-league 2025 -26,Sports,9
highlights - western sydney wanderers vs central coast mariners mw5 a-league 2025 -26,Sports,9
highlights - wellington phoenix vs macarthur mw5 a-league 2025 -26,Sports,9
liga arab saudi franck kessie penentu kemenangan ! highlights al ahli vs al qadsiah mw9,Sports,9
highlights - adelaide united vs melbourne city fc mw5 a-league 2025 -26,Sports,9
pecco crash ! raul fernandez menyala di sesi 2 motogp valencia official test,Sports,9
valencia tes sesi pertama diwarnai dengan red flag ! motogp valencia official test,Sports,9
interviews podium motul grand prix of the valencian community motogp valencia,Sports,9
alex marquez gagal podium ! bezzecchi tutup musim dengan kemenangan motogp race - motogp valencia,Sports,9
moreira kalahkan gonzales ! tutup musim dengan gelar juara dunia moto2 race - motogp valencia,Sports,9
kemenangan perdana adrian fernandez ! duel ketat alvaro vs furusato moto3 race - motogp valencia,Sports,9
alex marquez finis pertama kalahkan marco bezzecchi sprint race - motogp valencia,Sports,9
bezzecchi kembali pole ! siap tutup musim dengan kemenangan ? motogp valencia,Sports,9
ai ogura ungguli bagnaia ! berikan kejutan di menit akhir motogp valencia,Sports,9
pedro acosta ungguli bezzecchi di practice ! pecco merosot jauh motogp valencia,Sports,9
jack miller finish tercepat di sesi latihan pertama ! pecco alami kesulitan motogp valencia,Sports,9
live reaction qatar airways grand prix of portugal motogp portugal,Sports,9
highlights ms - final dang qiu vs sora matsushima frankfurt 2025 wtt,Sports,9
highlights ws - final miwa harimoto vs hina hayata frankfurt 2025 wtt,Sports,9
liga arab saudi gol tunggal mahrez bawa menang derby ! highlights al ittihad vs al ahli mw8,Sports,9
full highlight ! thailand ( 3 ) vs ( 1 ) indonesia asean u16 boys futsal championship 2025 thailand,Sports,9
2nd highlight ! thailand ( 3 ) vs ( 1 ) indonesia asean u16 boys futsal championship 2025 thailand,Sports,9
1st highlight ! thailand ( 1 ) vs ( 1 ) indonesia asean u16 boys futsal championship 2025 thailand,Sports,9
full highlight ! thailand ( 3 ) vs ( 4 ) indonesia asean u16 boys futsal championship 2025 thailand,Sports,9
2nd highlight ! thailand ( 3 ) vs ( 4 ) indonesia asean u16 boys futsal championship 2025 thailand,Sports,9
1st highlight ! thailand ( 2 ) vs ( 2 ) indonesia asean u16 boys futsal championship 2025 thailand,Sports,9
highlight set 3 vietnam vs indonesia sea games cambodia 2023,Sports,9
highlight set 2 vietnam vs indonesia sea games cambodia 2023,Sports,9
highlight set 1 vietnam vs indonesia sea games cambodia 2023,Sports,9
highlight set 3 cambodia vs indonesia sea games cambodia 2023,Sports,9
highlight set 2 cambodia vs indonesia sea games cambodia 2023,Sports,9
highlight set 1 cambodia vs indonesia sea games cambodia 2023,Sports,9
1st highlight ! myanmar ( 0 ) vs 1 ) indoneisa asean u19 boys futsal championship 2025 thailand,Sports,9
2nd highlight ! myanmar ( 1 ) vs ( 4 ) indonesia asean u19 boys futsal championship 2025 thailand,Sports,9
full highlight indonesia ( 7 ) vs ( 3 ) vietnam asean u19 boys futsal championship 2025 thailand,Sports,9
2nd highlight indonesia ( 7 ) vs . vietnam ( 3 ) asean u19 boys futsal championship 2025 thailand,Sports,9
1st highlight indonesia ( 4 ) vs ( 2 ) vietnam asean u19 boys futsal championship 2025 thailand,Sports,9
full highlight thailand ( 3 ) vs ( 3 ) indonesia asean u16 boys futsal championship 2025 thailand,Sports,9
2nd highlight thailand ( 3 ) vs ( 3 ) indonesia asean u16 boys futsal championship 2025 thailand,Sports,9
1st highlight thailand ( 1 ) vs ( 2 ) indonesia asean u16 boys futsal championship 2025 thailand,Sports,9
1st highlight vietnam ( 0 ) vs ( 1 ) indonesia asean u16 boys futsal championship 2025 thailand,Sports,9
2nd highlight vietnam ( 2 ) vs ( 2 ) indonesia asean u16 boys futsal championship 2025 thailand,Sports,9
full highlight ! malaysia ( 0 ) vs indonesia ( 1 ) asean u19 boys futsal championship 2025 thailand,Sports,9
full highlight ! indonesia ( 5 ) vs brunei ( 0 ) asean u16 boys futsal championship 2025 thailand,Sports,9
2nd highlight ! indonesia ( 4 ) vs ( 2 ) myanmar asean u16 boys futsal championship 2025 thailand,Sports,9
2nd highlight ! myanmar ( 3 ) vs 3 ) malaysia asean u19 boys futsal championship 2025 thailand,Sports,9
1st highlight ! myanmar ( 3 ) vs ( 1 ) malaysia asean u19 boys futsal championship 2025 thailand,Sports,9
1st highlight ! indonesia ( 2 ) vs ( 1 ) myanmar asean u16 boys futsal championship 2025 thailand,Sports,9
full highlight myanmar ( 1 ) vs 4 ) indoneisa asean u19 boys futsal championship 2025 thailand,Sports,9
full highlight vietnam ( 2 ) vs ( 2 ) indonesia asean u16 boys futsal championship 2025 thailand,Sports,9
full highlight ! indonesia ( 4 ) vs myanmar ( 2 ) asean u16 boys futsal championship 2025 thailand,Sports,9
full highlight ! myanmar ( 3 ) vs malaysia ( 3 ) asean u19 boys futsal championship 2025 thailand,Sports,9
king indo next gen ready for action in the asean boys u-16 u-19 futsal championship,Sports,9
2nd highlight ! thailand ( 1 ) vs ( 6 ) indonesia men's futsal sea games thailand 2025,Sports,9
1st highlight ! thailand ( 0 ) vs ( 2 ) indonesia futsal men sea games thailand 2025,Sports,9
full highlight ! volley ball men indonesia ( 2 ) vs ( 3 ) thailand sea games thailand 2025,Sports,9
full highlight ! thailand ( 1 ) vs ( 6 ) indonesia futsal men sea games thailand 2025,Sports,9
full highlight ! volley ball men indonesia ( 3 ) vs ( 2 ) vietnam sea games thailand 2025,Sports,9
2nd highlight ! futsal men vietnam ( 1 ) vs ( 0 ) indonesia sea games thailand 2025,Sports,9
full highlight ! futsal men indonesia ( 2 ) vs ( 1 ) malaysia sea games thailand 2025,Sports,9
full highlight ! futsal women vietnam ( 5 ) vs ( 0 ) indonesia sea games thailand 2025,Sports,9
full highlight ! futsal men vietnam ( 1 ) vs ( 0 ) indonesia sea games thailand 2025,Sports,9
full highlight ! volley ball men philippines ( 0 ) vs ( 3 ) indonesia sea games thailand 2025,Sports,9
full highlight ! futsal women thailand ( 4 ) vs ( 4 ) indonesia sea games thailand 2025,Sports,9
4th quarter basketball 5x5 men thailand ( 71 ) vs ( 67 ) indonesia sea games 33rd thailand 2025,Sports,9
3rd quarter basketball 5x5 men thailand ( 54 ) vs indonesia ( 48 ) sea games 33rd thailand 2025,Sports,9
2nd quarter basketball 5x5 men thailand ( 41 ) vs indonesia ( 31 ) sea games 33rd thailand 2025,Sports,9
1st quarter basketball 5x5 men thailand ( 22 ) vs indonesia ( 15 ) sea games 33rd thailand 2025,Sports,9
4th quarter basketball 5x5 men myanmar ( 34 ) vs indonesia ( 114 ) sea games 33rd thailand 2025,Sports,9
3rd quarter basketball 5x5 men myanmar ( 27 ) vs indonesia ( 93 ) sea games 33rd thailand 2025,Sports,9
2nd quarter basketball 5x5 men myanmar ( 22 ) vs indonesia ( 71 ) sea games 33rd thailand 2025,Sports,9
1st quarter basketball 5x5 men myanmar ( 14 ) vs indonesia ( 28 ) sea games 33rd thailand 2025,Sports,9
4th quarter basketball 5x5 men indonesia ( 87 ) vs ( 48 ) singapore sea games 33rd thailand 2025,Sports,9
3rd quarter basketball 5x5 men indonesia ( 66 ) vs ( 41 ) singapore sea games 33rd thailand 2025,Sports,9
2nd quarter basketball 5x5 men indonesia ( 50 ) vs ( 29 ) singapore sea games 33rd thailand 2025,Sports,9
1st quarter basketball 5x5 men indonesia ( 25 ) vs ( 12 ) singapore sea games 33rd thailand 2025,Sports,9
full highlight ! indonesia ( 4 ) vs ( 0 ) myanmar futsal women sea games thailand 2025,Sports,9
full highlight ! indonesia ( 5 ) vs ( 1 ) myanmar futsal men sea games thailand 2025,Sports,9
full highlight ! indonesia ( 2 ) vs myanmar ( 0 ) - volley ball men sea games 33rd thailand 2025,Sports,9
full highlight ! thailand ( 3 ) vs ( 0 ) indonesia - volley ball men sea games 33rd thailand 2025,Sports,9
1st highlight ! thailand vs timor leste sepak takraw men arena to arena sea games thailand 2025,Sports,9
2nd highlight ! thailand vs timor leste sepak takraw men arena to arena sea games thailand 2025,Sports,9
full highlight vietnam ( 3 ) vs ( 0 ) indonesia volleyball women sea games 33rd thailand 2025,Sports,9
2nd highlight ! myanmar vs malaysia sepak takraw men arena to arena sea games thailand 2025,Sports,9
1st highlight ! myanmar vs malaysia sepak takraw men arena to arena sea games thailand 2025,Sports,9
2nd highlight ! myanmar vs laos sepak takraw women arena to arena sea games thailand 2025,Sports,9
1st highlight ! myanmar vs laos sepak takraw women arena to arena sea games thailand 2025,Sports,9
full higlight ! thailand ( 2 ) vs ( 0 ) indonesia - women badminton team sea games 33rd thailand 2025,Sports,9
full higlight ! thailand ( 2 ) vs ( 1 ) indonesia - women badminton team sea games 33rd thailand 2025,Sports,9
full highlight ! thailand ( 1 ) vs ( 2 ) indonesia - women badminton team sea games 33rd thailand 2025,Sports,9
2nd highlight ! thailand vs cambodja sepak takraw arena to arena sea games thailand 2025,Sports,9
1st highlight ! thailand vs cambodja sepak takraw arena to arena sea games thailand 2025,Sports,9
full highlight ! myanmar ( 0 ) vs indonesia ( 2 ) volleyball women sea games thailand 2025,Sports,9
full highlight ! malaysia ( 0 ) vs vietnam ( 2 ) volleyball women sea games thailand 2025,Sports,9
full highlight indonesia ( 2 ) vs malaysia ( 0 ) - men badminton team sea games 33rd thailand 2025,Sports,9
full highlights thailand ( 2 ) vs singapore ( o ) - football women sea games thailand 2025,Sports,9
2nd highlights thailand ( 2 ) vs singapore ( o ) - football women sea games thailand 2025,Sports,9
1st highlights thailand ( 2 ) vs singapore ( o ) - football women sea games thailand 2025,Sports,9
full highlight ! thailand ( 20 ) vs ( 17 ) indonesia basketball 3x3 sea games 33rd thailand 2025,Sports,9
full highlight ! myanmar ( 13 ) vs ( 21 ) indonesia basketball 3x3 sea games 33rd thailand 2025,Sports,9
full highlight singapura ( 0 ) vs ( 3 ) thailand volleyball women sea games 33rd thailand 2025,Sports,9
full highlight myanmar ( 0 ) vs ( 3 ) vietnam volleyball women sea games 33rd thailand 2025,Sports,9
full highlight malaysia ( 0 ) vs ( 3 ) indonesia volleyball women sea games 33rd thailand 2025,Sports,9
full highlight ! malaysia ( 10 ) vs ( 19 ) indonesia basketball 3x3 sea games 33rd thailand 2025,Sports,9
highlight ! babak 2 ( thailand ) ( 4 ) vs ( 0 ) ( bahrain ) afc women's futsal asian cup china 2025,Sports,9
highlight ! babak 1 ( thailand ) ( 1 ) vs ( 0 ) ( bahrain ) afc women's futsal asian cup china 2025,Sports,9
highlight ! babak 2 ( china ) ( 6 ) vs ( 0 ) ( indonesia ) afc women's futsal asian cup china 2025,Sports,9
highlight ! babak 1 ( china ) ( 6 ) vs ( 0 ) ( indonesia ) afc women's futsal asian cup china 2025,Sports,9
highlight ! babak 1 ( china ) ( 1 ) vs ( 0 ) ( indonesia ) afc women's futsal asian cup china 2025,Sports,9
2nd highlight moncongbulo fc ( 2 ) vs bintang timur s ( 8 ) pro futsal league 2025 / 2026 part 2,Sports,9
2nd highlight moncongbulo fc ( 1 ) vs bintang timur s ( 6 ) pro futsal league 2025 / 2026 part 1,Sports,9
1st highlight moncongbulo fc ( 1 ) vs bintang timur s ( 5 ) pro futsal league 2025 / 2026 part 1,Sports,9
"jus talk member # 502 : celsi kena comeback , emyu hidup lagi pool/arsenal/city ugly win",Sports,9
jus life # 170 : dari surga ke neraka,Sports,9
jus life # 169 : hati hati dengan drama king,Sports,9
jus talk member # 501 : rogers taklukan emyu barca butuh red card,Sports,9
"jus talk member # 500 : gol perdana isak , arsenal karatan mbappe lagi",Sports,9
jus indo # 171 : medali emas sea games diberikan oleh timnas futsal kepada indonesia,Sports,9
jus life # 168 : modal utama bisnis itu bukan uang,Sports,9
"off the pitch # 93 : neymar balik ke timnas , lewy kemana suarez stays",Sports,9
jus life # 167 : fokus ke positive vibes,Sports,9
"jus talk member # 499 : arsenal asli parah , inter ke pucuk salah is back",Sports,9
jus indo # 170 : pssi harus belajar dari sea games,Sports,9
jus life # 166 : produk china vs barat,Sports,9
jus life # 165 : profesi yg butuh mental baja,Sports,9
jus talk member # 498 : lucky city slot sementara aman,Sports,9
jus life # 164 : apa itu quarter life crisis,Sports,9
jus talk member # 497 : madrid-juve keok salah mulai bertingkah,Sports,9
"jus talk member # 496 : arsenal kena getahnya , pool lagi2 suek inter ngamuk",Sports,9
"jus talk member # 495 : drawing pildun , banyak grup hihihaha",Sports,9
jus life # 163 : biasakan menerima kehilangan,Sports,9
"jus talk member # 494 : arsenal ugly win , celsi dibantai tim degradasi pool masi karatan .",Sports,9
"off the pitch # 92 : guehi kemana , upamecano free transfer wharton laku keras",Sports,9
"jus talk member # 493 : arsenal katro , isak akhirnya ada apa dgn madrid",Sports,9
jus talk member # 492 : perez pilih vini atau xabi ? ? ?,Sports,9
"jus talk member # 491 : arsenal solo dipucuk , pool dibantai di kandang inter kalah perdana",Sports,9
jus talk member # 490 : lucky barca hanya 3-0 city b2b kalah,Sports,9
jus talk member # 489 : king emyu ha ha ha ha ha,Sports,9
"jus talk member # 488 : aiam sayur dilipet 4x , madrid hattrick ga menang milan efektif di derby",Sports,9
jus talk member # 487 : pool city dikoyak tim papan bawah camp nou is back atalanta belum bangkit,Sports,9
jus life # 162 : michelin star bukan sembarangan dapatnya,Sports,9
off the pitch # 91 : 4 bintang di dada itu bukan tanpa alasan .,Sports,9
jus life # 161 : jangan menunggu hingga telat,Sports,9
jus talk member # 486 : skotlandia lolos setelah 28 tahun turki keren tanpa guler dan yildiz,Sports,9
jus talk member # 485 : pildun mulai keliatan bentuknya,Sports,9
jus life # 160 : org lebih suka mementingkan hal yg kurang penting,Sports,9
"off the pitch # 90 : skandal besar di turki , endrick pindah mancini dapet club baru",Sports,9
"jus talk member # 484 : doku kesurupan messi , madrid belum bangkit lewy hattrick .",Sports,9
"jus talk member # 483 : emyu nyaris kalah , arsenal hilang 2 points chelsea kembali ke atas",Sports,9
"jus talk member # 482 : ucl tambah seru , kekuatan praktis merata .",Sports,9
"jus life # 159 : nordic countries , pengelaman yg luar biasa .",Sports,9
jus life # 158 : winter activity in kopenhagen,Sports,9
"jus life # 157 : malmo , kotanya zlatan",Sports,9
"jus life # 156 : gelap , dingin , gerimis kopenhagen",Sports,9
jus life # 155 : stockholm old city,Sports,9
jus life # 154 : stockholm ternyata keren,Sports,9
jus life # 153 : helsinki kayak eropa timur,Sports,9
"jus life # 152 : iceland 2 : ice , green whales",Sports,9
jus life # 151 : iceland tak kenal maka tak sayang,Sports,9
"jus talk # 481 : emyu is back ? ? ? ? , arsenal stay on top forest pecat ange",Sports,9
jus life # 150 : intip kopenhagen .,Sports,9
jus life # 149 : hidup di luar negeri di usia muda - kks .,Sports,9
"jus indo # 169 : jawaban untuk david nurbianto , tetap objektif dan kritis .",Sports,9
jus indo # 168 : pssi tolong jangan diskriminasi kami,Sports,9
jus indo # 167 : timnas kalah berkat blunder kluivert,Sports,9
jus indo # 166 : mental dan kontrol emosi penting jika kita ingin meraih poin maksimal .,Sports,9
"jus talk member # 480 : barca kalah lagi , pool sama nasibnya arsenal dingin dipucuk",Sports,9
jus life # 148 : biasakan utk melihat peluang dan mengambil keputusan .,Sports,9
jus talk member # 479 : flick blunder arsenal ga efektif,Sports,9
"jus talk member # 478 : chelsea 3 match beruntun red card , pool masi karatan madrid easy night",Sports,9
jus talk member # 477 : tim besar di obok obok,Sports,9
jus indo # 165 : no hoax : fa malaysia kena sanksi dari fifa,Sports,9
jus indo # 164 : mees hilgers disandera oleh fc twente,Sports,9
jus talk member # 476 : chelsea-liverpool struggling madrid big win,Sports,9
jus life # 147 : apakah penting untuk mengejar gelar s2-s3 ? ?,Sports,9
jus talk member # 475 : sanchez rugikan chelsea ternyata city bisa parkir tank .,Sports,9
"jus talk member # 474 : pool menang terus , spurs kehilangan point juve bisa digeser napoli",Sports,9
"jus life # 146 : kerja kantoran atau freelancer , enakan mana",Sports,9
jus talk member # 473 : castle banyak otot dikit otak city dibantu red card napoli,Sports,9
"jus talk member # 472 : pool lupa kill the game , munchen solid inter/psg easy win",Sports,9
"jus talk member # 471 : vlahovic ngamuk , mbappe penting super sub selamatkan arsenal",Sports,9
"jus talk member # 470 : emyu diobok city , pool on top barca pesta gol",Sports,9
"jus talk member # 469 : mbappe masterclass , inter/chelsea kecolongan arsenal on top .",Sports,9
jus talk member # 468 : kuis berhadiah utk para member,Sports,9
"off the pitch # 89 : chelsea kena 74 pelanggaran , antony bisnis t-shirt kiper tertua usianya 82",Sports,9
the pangeran and justin show # 9 : teknologi sepakbola terlalu kuno ! !,Sports,9
jus indo # 163 : experimen berhasil walaupun dengan beberapa catatan .,Sports,9
jus life # 145 : cara menghadapi ortu yang konservatif,Sports,9
jus indo # 162 : garuda muda bounce back siap utk menghadap korea,Sports,9
jus indo # 161 : experimen timnas menjanjikan .,Sports,9
jus life # 144 : apa yang terjadi jika target tidak tercapai ? ? ?,Sports,9
jus indo # 160 : garuda muda tampil buruk .,Sports,9
"jus talk member # 467 : hilgers guehi batal pindah , isak done deal .",Sports,9
"jus talk member # 466 : akhirnya garnacho pindah , isak otw ke pool castle tikung munchen",Sports,9
"jus talk member # 465 : amorim mau maen 343 , ok , tapi yg sekarang harus dirombak .",Sports,9
the pangeran and justin show # 8 : mu g0blookk ! ! siapa pelatih pertama yang dipecat ? !,Sports,9
jus talk member # 464 : berkat gordon liverpool curi 3 points .,Sports,9
jus talk member # 463 : emyu keteteran karena amorim ga berubah .,Sports,9
"jus talk member # 462 : gyokeres on fire , city diobok kiper sendiri lucky barca",Sports,9
"jus talk member # 461 : chelsea solid , efektif dan efisien .",Sports,9
champion special # 02 : pengalaman tinggal di us sebagai mahasiswa,Sports,9
the pangeran and justin show # 7 : mu finish di atas arsenal ? ga mungkin !,Sports,9
"jus talk member # 460 : eze ke arsenal bukan spurs , marseille pecat 2 pemain hilgers akan dijual",Sports,9
off the pitch # 88 : perubahan aturan permainan,Sports,9
"jus talk member # 459 : liverpool jual pemain 200jt , sancho ogah ke roma hojlund diincar",Sports,9
"jus talk member # 458 : reijnders edan , chelsea kesulitan emyu berubah tapi kalah",Sports,9
"jus talk member # 457 : 3 points untuk liverpool , tapi masi karatan .",Sports,9
champion special # 01 : pelopor naturalisasi pemain,Sports,9
"jus talk member # 456 : liverpool edan , bye bye psg emyu masi incer pemain",Sports,9
the pangeran justin show # 6 : stadion sepakbola adalah kuil pemujaan versi modern,Sports,9
jus life # 143 : menghilangkan rasa homesick dan menanggapi rasisme,Sports,9
jus life # 142 : contoh gen-z jadi korban kemajuan teknologi,Sports,9
indonesia loloe sebagai runner up asean boys u19 futsal championship 2025,Sports,9
indonesia vs thailand violation moment final asean boys u19 futsal championship 2025,Sports,9
man of the match thailand final asean boys u19 futsal championship 2025,Sports,9
indonesia vs thailand ( 1-3 ) secondhalf highlights final asean boys u19 futsal championship 2025,Sports,9
indonesia raih juara 2 usai ditahan thailand 3-1 final asean boys u19 futsal championship 2025,Sports,9
best saves indonesia vs thailand final asean boys u19 futsal championship 2025,Sports,9
best moment indonesia vs thailand ( 1-3 ) final asean boys u19 futsal championship 2025,Sports,9
indonesia vs thailand goal moment ( 1-3 ) final asean boys u19 futsal championship 2025,Sports,9
indonesia vs thailand ( 1-3 ) extended highlights final asean boys u19 futsal championship 2025,Sports,9
fierce ! indonesia vs thailand draw 1-1 final asean boys u19 futsal championship 2025,Sports,9
indonesia vs thailand ( 1-1 ) halftime highlights final asean boys u19 futsal championship 2025,Sports,9
hujan pelanggaran thailand vs indonesia final asean boys u16 futsal championship 2025,Sports,9
man of the match indonesia ( m faisal ) final asean boys u16 futsal championship 2025,Sports,9
thailand vs indonesia ( 3-4 ) secondhalf highlights final asean boys u16 futsal championship 2025,Sports,9
the best ! indonesia defeats thailand 4-3 final of the asean boys u16 futsal championship 2025,Sports,9
best saves thailand vs indonesia final asean boys u16 futsal championship 2025,Sports,9
best moment thailand vs indonesia ( 3-4 ) final asean boys u16 futsal championship 2025,Sports,9
king class indo champions ! ! thailand vs indonesia ( 3-4 ) final asean boys u16 futsal championshi . . .,Sports,9
thailand vs indonesia ( 3-4 ) extended highlights final asean boys u16 futsal championship 2025,Sports,9
thailand vs . indonesia : fierce match ! 2-2 draw asean boys u16 futsal championship 2025 final,Sports,9
thailand vs indonesia ( 2-2 ) halftime highlights final asean boys u16 futsal championship 2025,Sports,9
best moment thailand vs filipina ( 1-1 ) womens football sea games 2025,Sports,9
best saves thailand vs filipina womens football sea games 2025,Sports,9
man of the match thailand vs filipina ( 1-1 ) womens football sea games 2025,Sports,9
momen pelanggaran thailand vs filipina womens football sea games 2025,Sports,9
all goals thailand vs filipina ( 1-1 ) womens football sea games 2025,Sports,9
thailand vs filipina ( 1-1 ) secondhalf highlights womens football sea games 2025,Sports,9
thailand vs filipina ( 0-0 ) halftime highlights womens football sea games 2025,Sports,9
thailand vs filipina ( 1-1 ) extended highlights womens football sea games 2025,Sports,9
momen pelanggaran indonesia vs vietnam sf asean boys u19 futsal championship 2025,Sports,9
man of the match indonesia ( m dafa ) sf asean boys u19 futsal championship 2025,Sports,9
indonesia vs vietnam ( 7-3 ) secondhalf highlights sf asean boys u19 futsal championship 2025,Sports,9
king class ! ! indonesia eliminates vietnam 7-3 sf asean boys u19 futsal championship 2025,Sports,9
best saves indonesia vs vietnam sf asean boys u19 futsal championship 2025,Sports,9
best moment indonesia vs vietnam ( 7-3 ) sf asean boys u19 futsal championship 2025,Sports,9
all goals indonesia vs vietnam ( 7-3 ) sf asean boys u19 futsal championship 2025,Sports,9
indonesia vs vietnam ( 7-3 ) extended highlights sf asean boys u19 futsal championship 2025,Sports,9
indonesia on fire unggul 4-2 dari vietnam ! sf asean boys u19 futsal championship 2025,Sports,9
indonesia vs vietnam ( 4-2 ) halftime highlights sf asean boys u19 futsal championship 2025,Sports,9
hujan pelanggaran thailand vs indonesia asean boys u16 futsal championship 2025,Sports,9
thailand vs indonesia ( 3-3 ) secondhalf highlights asean boys u16 futsal championship 2025,Sports,9
indonesia u16 goes to final ! ! usai imbangi thailand 3-3 asean boys u16 futsal championship 2025,Sports,9
best saves thailand vs indonesia asean boys u16 futsal championship 2025,Sports,9
best moment thailand vs indonesia ( 3-3 ) asean boys u16 futsal championship 2025,Sports,9
gol sengit thailand vs indonesia ( 3-3 ) asean boys u16 futsal championship 2025,Sports,9
thailand vs indonesia ( 3-3 ) extended highlights asean boys u16 futsal championship 2025,Sports,9
king indo lead ! thailand lead 2-1 asean boys u16 futsal championship 2025,Sports,9
thailand vs indonesia ( 1-2 ) halftime highlights asean boys u16 futsal championship 2025,Sports,9
best moment indonesia vs myanmar ( 21-13 ) mens basketball sea games 2025,Sports,9
free throw moment indonesia vs myanmar ( 21-13 ) mens basketball sea games 2025,Sports,9
two points indonesia vs myanmar mens basketball sea games 2025,Sports,9
indonesia vs myanmar ( 21-13 ) extended highlights mens basketball sea games 2025,Sports,9
fouls moment indonesia vs myanmar mens basketball sea games 2025,Sports,9
block moment indonesia vs thailand ( 55-60 ) womens basketball sea games 2025,Sports,9
best moment indonesia vs thailand ( 55-60 ) womens basketball sea games 2025,Sports,9
three points indonesia vs thailand ( 55-60 ) womens basketball sea games 2025,Sports,9
fouls moment indonesia vs thailand womens basketball sea games 2025,Sports,9
free throw indonesia vs thailand womens basketball sea games 2025,Sports,9
indonesia vs thailand ( 55-60 ) extended highlights womens basketball sea games 2025,Sports,9
indonesia vs thailand ( 55-60 ) quarter 3 4 womens basketball sea games 2025,Sports,9
indonesia vs thailand ( 19-33 ) quarter 1 2 womens basketball sea games 2025,Sports,9
best moment malaysia vs indonesia ( 0-1 ) asean boys u19 futsal championship 2025,Sports,9
best saves malaysia vs indonesia asean boys u19 futsal championship 2025,Sports,9
momen pelanggaran malaysia vs indonesia asean boys u19 futsal championship 2025,Sports,9
man of the match indonesia ( guntur ) asean boys u19 futsal championship 2025,Sports,9
all goals malaysia vs indonesia ( 0-1 ) asean boys u19 futsal championship 2025,Sports,9
malaysia vs indonesia ( 0-1 ) secondhalf highlights asean boys u19 futsal championship 2025,Sports,9
malaysia vs indonesia ( 0-1 ) halftime highlights asean boys u19 futsal championship 2025,Sports,9
malaysia vs indonesia ( 0-1 ) extended highlights asean boys u19 futsal championship 2025,Sports,9
xd hidayat pasaribu ( indonesia ) vs decha/supis ( thailand ) badminton sea games 2025,Sports,9
ms alwi farhan ( indonesia ) vs m zaki ( indonesia ) final badminton sea games 2025,Sports,9
ms alwi farhan ( indonesia ) vs justin hoh ( indonesia ) semifinal badminton sea games 2025,Sports,9
wd kusuma/puspita ( indonesia ) vs tan/thinaah ( malaysia ) badminton sea games 2025,Sports,9
best moment indonesia vs brunei darussalam asean boys u16 futsal championship 2025,Sports,9
best saves indonesia vs brunei darussalam asean boys u16 futsal championship 2025,Sports,9
pelanggaran indonesia vs brunei darussalam asean boys u16 futsal championship 2025,Sports,9
indonesia sapu bersih brunei darussalam 5-0 ! asean boys u16 futsal championship 2025,Sports,9
man of the match indonesia ( faisal gumilang ) asean boys u16 futsal championship 2025,Sports,9
indonesia vs brunei darussalam ( 5-0 ) secondhalf highlights asean boys u16 futsal championship 2025,Sports,9
gol membahana indonesia vs brunei darussalam ( 5-0 ) asean boys u16 futsal championship 2025,Sports,9
indonesia vs brunei darussalam ( 5-0 ) extended highlights asean boys u16 futsal championship 2025,Sports,9
on fire ! indonesia mudah saja cetak 3 gol ke gawang brunei asean boys u16 futsal championship 2025,Sports,9
indonesia vs brunei darussalam ( 3-0 ) halftime highlights asean boys u16 futsal championship 2025,Sports,9
best moment myanmar vs indonesia ( 1-4 ) asean u19 boys futsal championship 2025,Sports,9
best saves myanmar vs indonesia asean u19 boys futsal championship 2025,Sports,9
man of the match indonesia u19 ( reivan revian ) asean u19 boys futsal championship 2025,Sports,9
myanmar vs indonesia violation asean u19 boys futsal championship 2025,Sports,9
momen gol myanmar vs indonesia ( 1-4 ) asean u19 boys futsal championship 2025,Sports,9
menyala king indo ! permalukan myanmar 4-1 asean u19 boys futsal championship 2025,Sports,9
indonesia pimpin 1 gol ke gawang myanmar asean u19 boys futsal championship 2025,Sports,9
myanmar vs indonesia ( 1-4 ) secondhalf highlights asean u19 boys futsal championship 2025,Sports,9
myanmar vs indonesia ( 0-1 ) halftime highlights asean u19 boys futsal championship 2025,Sports,9
myanmar vs indonesia ( 1-4 ) extended highlights asean u19 boys futsal championship 2025,Sports,9
best moment vietnam vs indonesia asean u16 boys futsal championship 2025,Sports,9
best saves vietnam vs indonesia asean u16 boys futsal championship 2025,Sports,9
man of the match indonesia u16 ( alfayyadh ) asean u16 boys futsal championship 2025,Sports,9
dangerous violations between vietnam vs indonesia asean u16 boys futsal championship 2025,Sports,9
vietnam vs indonesia goal moment ( 2-2 ) asean u16 boys futsal championship 2025,Sports,9
sengit ! ! vietnam tahan imbang indonesia 2-2 asean u16 boys futsal championship 2025,Sports,9
vietnam vs indonesia ( 2-2 ) secondhalf highlights asean u16 boys futsal championship 2025,Sports,9
shakira jasmine - mr.melodramatic ( official music video ),Music,7
iwan fals ebiet g . ade - ibu ( official music video ),Music,7
raim laode - pergilah kasih ( official lyric video ),Music,7
ebiet g . ade iwan fals - titip rindu buat ayah ( official music video ),Music,7
shakira jasmine - room for someone ( official music video ),Music,7
geisha - jika bukan karenamu ( official music video ),Music,7
kahitna feat . monita tahalea - titik nadir ( official music video ),Music,7
project pop - putusin aku dong 2024 ( official music video ),Music,7
shakira jasmine - selalu kalah ( official music video ),Music,7
hetty koes endang afifah yusuf - thr ( tradisi hari raya ) official music video,Music,7
"ebiet g . ade , adera , segara - elegi esok pagi ( official music video )",Music,7
recap : musica music videos released in 2024,Music,7
geisha - kasmaran ( official music video ),Music,7
perantaranya - 1983 ( official music video ),Music,7
shakira jasmine - oneureul gieokhaja ( ingatlah hari ini ) - ost cinta tak seindah drama korea mv,Music,7
opie batfeny sandhy sondoro - malam biru ( official music video ),Music,7
giring ganesha - serigala ( official music video ),Music,7
nidji - sumpah dan cinta matiku ( official lyric video ),Music,7
alessa astrid - jadikan aku yang kedua ( official music video ),Music,7
nidji - rahasia hati ( official lyric video ),Music,7
project pop - album project pop 2856 audio hq,Music,7
opie batfeny sandhy sondoro - malam biru ( official lyric video ),Music,7
shakira jasmine - benar salah ( official music video ),Music,7
project pop - ade 2024 ( feat . un1ty nagita slavina ) official lyric video,Music,7
project pop - lumpia vs bakpia 2024 ( official lyric video ),Music,7
project pop - kencan 2024 ( official lyric video ),Music,7
project pop - dangdut is the music of my country 2024 ( feat . inul daratista ) official lyric video,Music,7
project pop - putusin aku dong 2024 ( official lyric video ),Music,7
project pop - keramas 2024 ( official lyric video ),Music,7
project pop - bukan superstar 2024 ( official lyric video ),Music,7
project pop - tuwagapat 2024 ( feat . eka gustiwana ) official lyric video,Music,7
project pop - senggal senggol reggae 2024 ( feat . saykoji ) official lyric video,Music,7
project pop - macet 2024 ( feat . keroncong tujuh putri ) official lyric video,Music,7
project pop - pacarku superstar 2024 ( feat . hivi ! ) official lyric video,Music,7
project pop - ade 2024 ( feat . un1ty nagita slavina ) official music video,Music,7
difki khalif - lamunan di kota itu ( official music video ),Music,7
geisha - lumpuhkan ingatanku ( official lyric video ),Music,7
d' masiv - sampai mati kan ku kejar ( official music video ),Music,7
1 days before zombie outbreak # sampaimatikankukejar # albumdelapandmasiv,Music,7
2 days before zombie outbreak # sampaimatikankukejar # albumdelapandmasiv,Music,7
3 days before zombie outbreak # sampaimatikankukejar # albumdelapandmasiv,Music,7
stevan pasaribu - kaji ulang ( official music video ),Music,7
kahitna - sejauh dua benua ( official music video ),Music,7
nidji - album yang viral dari nidji ( audio hq ),Music,7
"adlani rambe , alessa , d' masiv - album coverin terus audio hq",Music,7
dikta wicaksono - setia ( official music video ),Music,7
nidji - hapus aku ( official lyric video ),Music,7
"geisha , difki khalif , nidji - album songs for my valentine audio hq",Music,7
"zara leola , d' masiv , segara - album duet valentine audio hq",Music,7
"iwan fals , noah , geisha - album special duet audio hq",Music,7
nidji - buang buang waktu ( official music video ),Music,7
shakira jasmine arash buana - i don t wanna go back home ( official music video ),Music,7
shakira jasmine arash buana - i don t wanna go back home ( teaser mv ),Music,7
shakira jasmine arash buana ( teaser ) 17.01.2024,Music,7
geisha - karena kamu ( official lyric video ),Music,7
recap : musica music videos released in 2023,Music,7
geisha - karena kamu ( love recalls version ) official music video,Music,7
geisha - karena kamu ( love recalls version ) teaser mv,Music,7
stevan pasaribu - ku tak mampu lagi ( official music video ),Music,7
stevan pasaribu - ku tak mampu lagi ( teaser mv ),Music,7
melly goeslaw nike ardilla - bertemu kembali ( official music video ),Music,7
melly goeslaw nike ardilla - bertemu kembali ( teaser mv ),Music,7
zara leola mario g klau - lebih dari teman ( official music video ),Music,7
"geisha - karena kamu , cinta itu kamu , lumpuhkan ingatanku album yang viral dari geisha ( audio hq )",Music,7
zara leola mario g klau - lebih dari teman ( teaser ),Music,7
geisha - tak kan pernah ada ( love recalls version ) official music video,Music,7
"caessaria , d' masiv , nidji - album sleeping time 3 audio hq",Music,7
"stevan pasaribu , novia kolopaking , segara - album solo pop indonesia audio hq",Music,7
alessa - rasa ini ( official music video ),Music,7
satria the monster - seperti ( official music video ),Music,7
maizura - denganmu ( official music video ),Music,7
maizura - denganmu ( teaser ) 23.08.2023,Music,7
segara feat . prilly latuconsina - kidung ( acoustic version ) official music video,Music,7
noah - semua tentang kita ( ost . cinta tanpa karena - official music video ),Music,7
"geisha , alessa , stereowall - full album female collection vol . 1 audio hq",Music,7
"nidji , stevan pasaribu , adlani rambe - full album male collection vol . 1 audio hq",Music,7
"noah , nidji , d' masiv , ariel noah x difki khalif - full album for my bestie audio hq",Music,7
forever music amin for titiek puspa ( highlight ),Music,7
d' masiv feat . feel koplo - besok ( official music video ),Music,7
"vierra , d' masiv , noah , geisha - full album recovery song audio hq",Music,7
duta cinta - kau dan aku indonesia ( forever music amin for titiek puspa ),Music,7
kaka abdee slank - apanya dong ( forever music amin for titiek puspa ),Music,7
marcell - cinta ( forever music amin for titiek puspa ),Music,7
geisha - jatuh cinta ( forever music amin for titiek puspa ),Music,7
shakira jasmine - best ( official music video ),Music,7
astrid - gang kelinci ( forever music amin for titiek puspa ),Music,7
ariel noah - kupu kupu malam ( forever music amin for titiek puspa ),Music,7
isyana sarasvati - marilah kemari ( forever music amin for titiek puspa ),Music,7
andmesh - bing ( forever music amin for titiek puspa ),Music,7
"noah , letto , chrisye - full album indonesian pop collection in english audio hq",Music,7
"d' masiv , geisha , chrisye , noah , vierra - full album soundtrack ftv audio hq",Music,7
"noah , d' masiv , adlani rambe , zara leola enda ungu - full album cinta kasih ramadhan audio hq",Music,7
caessaria feat . astrid - gelap mata ( official music video ),Music,7
d masiv feat . qorygore - side by side ( official music video ),Music,7
christie - love me back ( official music video ),Music,7
stevan pasaribu - cinta tlah terlambat ( official music video ),Music,7
geisha - cinta dan benci ( love recalls version ) official music video,Music,7
recap : musica music videos released in 2022,Music,7
shakira jasmine - just a crush thing ( official music video ),Music,7
shakira jasmine - just a crush thing ( teaser ),Music,7
ungu - berjanjilah official 4k music video,Music,7
ungu - tercipta untukku official 4k music video,Music,7
"bilal indrajaya , maudy ayunda - kau live session",Music,7
ungu - ciuman pertama official 4k music video,Music,7
ungu - seperti yang dulu official 4k music video,Music,7
ungu - demi waktu official 4k music video,Music,7
ungu - sejauh mungkin official 4k music video,Music,7
ungu - aku bukan pilihan hatimu official 4k music video,Music,7
"bilal indrajaya , maudy ayunda - kau official lyric video",Music,7
afgan - sampai jumpa official music video,Music,7
tsaqib - roda berputar official music video,Music,7
afgan - silakan ( visualizer ),Music,7
afgan - kepastian ( visualizer ),Music,7
afgan - misteri dunia ( visualizer ),Music,7
afgan - sebentar ( visualizer ),Music,7
afgan - sampai jumpa ( visualizer ),Music,7
afgan - masa iya ? ( visualizer ),Music,7
afgan - tak ada rencana ( kujatuh cinta ) ( visualizer ),Music,7
afgan - the one that got away ( visualizer ),Music,7
afgan - peluk ( visualizer ),Music,7
naura ayu - lampu jalan official music video,Music,7
glitter - jangan lupain kita official music video,Music,7
"ungu , prinsa mandagie - laguku official music video",Music,7
marsha lavinia - berselimut di batin official music video,Music,7
cast of rangga cinta - dimana cinta ? official lyric video,Music,7
"high school ensemble , cast of rangga cinta - kubahagia official lyric video",Music,7
"cast of rangga cinta - trully , madly , deeply hate you official lyric video",Music,7
"leya - princy , cast of rangga cinta bimbang official lyric video",Music,7
"el putra sarira , leya princy , cast of rangga cinta - tentang seseorang official lyric video",Music,7
cast of rangga cinta - dimana malumu official lyric video,Music,7
"leya princy , cast of rangga cinta - untuk rangga official lyric video",Music,7
"high school ensemble , cast of rangga cinta - demikianlah official lyric video",Music,7
afgan - kacamata official music video,Music,7
"el putra sarira , leya princy - suara hati seorang kekasih official music video",Music,7
leya princy - ingin mencintai dicintai official lyric video,Music,7
tissa biani - tak lagi ragu visualizer,Music,7
tissa biani - pernah sangat bahagia visualizer,Music,7
tissa biani - gelora asmara behind the scenes,Music,7
"eva celia , bilal indrajaya - rangga cinta ( theme song "" rangga cinta "" ) official music video",Music,7
tissa biani - gelora asmara official music video,Music,7
"tissa biani , sita nursanti - tegar official lyric video",Music,7
marsha lavinia - bilangan rindu official music video,Music,7
shanna shannon - menunggumu sampai akhir hidup official music video ( ost . wanita istimewa ),Music,7
mawar de jongh - tinggal ( original soundtrack ' tinggal meninggal ' ) official music video,Music,7
tsaqib - sudahkah aku ? official lyric video,Music,7
mawar de jongh - tinggal ( original soundtrack ' tinggal meninggal ' ) official lyric video,Music,7
"maudy ayunda - bulan , bawa aku pulang official music video",Music,7
adifa - lekas pulang official music video,Music,7
tsaqib - mau tak mau remix version,Music,7
tsaqib - mau tak mau remix dance porto,Music,7
top komen afgan - ku dengannya kau dengan dia,Music,7
"tsaqib - mau tak mau trinity di-live in tambuhak , bandung",Music,7
restu - lirih official music video,Music,7
tsaqib - mau tak mau official music video,Music,7
"sparkling with glitter : journeys , friendships , and dreams come true",Music,7
sparkling with glitter : finally on stage !,Music,7
"berkilau bersama glitter : tantangan meningkat , latihan semakin berat !",Music,7
berkilau bersama glitter : momen penuh haru saat evaluasi,Music,7
"berkilau bersama glitter : evaluasi perdana didepan mata , seperti apa hasilnya ?",Music,7
"berkilau bersama glitter : semakin besar tantangan , dukungan semakin dibutuhkan",Music,7
sparkling with glitter : a long struggle to achieve a dream,Music,7
berkilau bersama glitter : anak indonesia butuh lagu anak,Music,7
ungu - bulan baik official music video,Music,7
maudy ayunda - layar official lyric video,Music,7
maudy ayunda - puisi kota official lyric video,Music,7
maudy ayunda - pada suatu hari official lyric video,Music,7
maudy ayunda - hari itu official lyric video,Music,7
maudy ayunda - rompi biru official lyric video,Music,7
maudy ayunda - cahaya official lyric video,Music,7
"maudy ayunda - bulan , bawa aku pulang official lyric video",Music,7
"maudy ayunda - melihat , mendengar , mengerti official lyric video",Music,7
maudy ayunda - satu langkah official lyric video,Music,7
"maudy ayunda , iwan fals - puisi kota ( one-take magic )",Music,7
maudy ayunda - dipeluk jeda official lyric video,Music,7
glitter - berkilau official music video,Music,7
kristo jadi suara duanya tissa di karaoke,Music,7
tissa biani - apakah kita hanya bercanda ? official music video,Music,7
"maudy ayunda , iwan fals - puisi kota official music video",Music,7
armand maulana -senarai cinta official lyric video,Music,7
armand maulana -senyaman itu official lyric video,Music,7
armand maulana - aku tempatmu pulang official lyric video,Music,7
armand maulana - jangan sampai lepas official lyric video,Music,7
glitter - kecil tapi bercahaya ( theme song superstar junior mentari tv ) dance practice,Music,7
armand maulana - surga official music video,Music,7
mawar de jongh coba ngajarin jaz nangis di mv bukan dengan dia # btsreaction,Music,7
bukan dengan dia - mawar de jongh jaz ( cinema session ),Music,7
hanif andarevi - tangerine skies official lyric video,Music,7
hanif andarevi - million miles official lyric video,Music,7
hanif andarevi - wish we never happened official lyric video,Music,7
hanif andarevi - horizon official lyric video,Music,7
"ungu band , lesti , nassar - udang di balik batu official lyric video",Music,7
hanif andarevi - lost satellite official music video,Music,7
neona - y so serious ? official music video,Music,7
naura ayu - di depan mata official music video,Music,7
restu nyanyiin dan ku versi karaokenya nih,Music,7
bts reaction restu syuting mv dan ku pas puasa,Music,7
maudy ayunda - hari itu behind the scenes,Music,7
bts reaction rossa sama ariel take ulang nada-nada cinta,Music,7
"mawar de jongh , jaz - bukan dengan dia official lyric video",Music,7
wali - nina belum bobo ( official music video nagaswara ),Music,7
wali - nina belum bobo ( teaser ),Music,7
"resty ananta , hesty klepek klepek - the important thing is that your monthly income is smooth ( of . . .",Music,7
"resty ananta , hesty klepek klepek - the important thing is a smooth monthly ( teaser )",Music,7
fitri carlina - bahagianya aku sama kamu ( official music video nagaswara ),Music,7
fitri carlina - bahagianya aku sama kamu ( teaser ),Music,7
tyara smith - terlanjur sayang ( official music video ),Music,7
the adlys - terbang ( official music video ),Music,7
"sandrina , angga dermawan - pelampiasanku ( official music video nagaswara )",Music,7
"sandrina , angga dermawan - pelampiasanku ( teaser )",Music,7
hitz - saranghae ( official music video ),Music,7
bintang - sendiri bukan kiamat ( official music video ),Music,7
luvia band - buang garam di laut ( official music video nagaswara ),Music,7
luvia band - buang garam di laut ( teaser ),Music,7
baim - seksi untukku ( official music video ),Music,7
nania - bila rasaku ini rasamu ( official music video ),Music,7
poin plus - mengertilah ( official music video ),Music,7
drive the titans - indonesia ( official music video ),Music,7
duo anggrek - goyang nusantara ( official music video nagaswara ),Music,7
duo anggrek - goyang nusantara ( teaser ),Music,7
oppie andaresta - wanita indonesia ( official music video ),Music,7
sonja - instingku ( official music video ),Music,7
roni pasla - malam tanpa bintang ( official music video nagaswara ),Music,7
roni pasla - malam tanpa bintang ( teaser ),Music,7
ligea - kamar kost kenangan ( official music video nagaswara ),Music,7
kay band - kamu kamu kamu ( official music video ),Music,7
ligea - kamar kost kenangan ( teaser ),Music,7
the zakies - jantungku ( official music video ),Music,7
jamaican soul - bagi - bagi cinta ( official music video nagaswara ),Music,7
sativa - kulihat bintang ( official music video nagaswara ),Music,7
fitri carlina - bukit berbunga ( official music video nagaswara ),Music,7
fitri carlina - bukit berbunga ( teaser ),Music,7
helmalia putri - membuatmu cinta padaku ( official music video nagaswara ),Music,7
nixie - berdua selamanya ( official music video nagaswara ),Music,7
bashiira - beri aku cinta ( official music video nagaswara ),Music,7
duo anggrek - adat ( aku dengar aku tahu ) ( official music video nagaswara ),Music,7
duo anggrek - adat ( aku dengar aku tahu ) ( teaser ),Music,7
jusberry - maafkan aku ( official music video nagaswara ),Music,7
fendy chow - benarkah ( official music video nagaswara ),Music,7
tarzan boys - tunggu aku di surga ( official music video nagaswara ),Music,7
seurieus - proposal cinta ( official music video nagaswara ),Music,7
snow ball - selingkuhan ( official music video nagaswara ),Music,7
kamaya feat . firman - nanti dulu ( official music video nagaswara ),Music,7
tahta - ku pergi ( official music video nagaswara ),Music,7
luvia band - bulan ramadhan ( official music video nagaswara ),Music,7
luvia band - bulan ramadhan ( teaser ),Music,7
nina tamam - lollypop love ( official music video nagaswara ),Music,7
tarzan boys - obat penawar rindu ( official music video nagaswara ),Music,7
wali x mostafa atef - forgive me ( marhaban ya ramadhan ) ( official music video nagaswara ),Music,7
wali x mostafa atef - forgive me ( marhaban ya ramadhan ) ( teaser ),Music,7
tahta - tak perlu kembali ( official music video nagaswara ),Music,7
ligea - minggir lu miss queen ( official music video nagaswara ),Music,7
ligea - minggir lu miss queen ( teaser ),Music,7
baby shima - lagi dan lagi ( official lyric video ),Music,7
omo kucrut ft . sandrina - ga malu tah ( official music video nagaswara ),Music,7
omo kucrut ft . sandrina - ga malu tah ( teaser ),Music,7
merpati band - kamu tak sendiri ( official music video nagaswara ),Music,7
merpati band - kamu tak sendiri ( teaser ),Music,7
baby shima - lagi dan lagi ( official music video nagaswara ),Music,7
baby shima - lagi dan lagi ( teaser ),Music,7
dadido - halal tapi dibenci ( official music video nagaswara ),Music,7
dadido - halal tapi dibenci ( teaser ),Music,7
kadri feat . rayola - bareh solok ( official music video nagaswara ),Music,7
kadri - bareh solok ( feat . rayola ) ( teaser ),Music,7
ussy - cinta kamu titik ( official music video nagaswara ),Music,7
natalie devi - mak tolongin anakmu ( official music video nagaswara ),Music,7
natalie devi - mak tolongin anakmu ( teaser ),Music,7
kingkong - cari wanita ( official music video nagaswara ),Music,7
kadri - bareh solok ( feat . rayola ) ( official lyric video ),Music,7
pijey - mati saja ( official music video nagaswara ),Music,7
pijey - mati saja ( teaser ),Music,7
sandrina - ayo pacaran ( endang raes version ) ( with lyrics ) ( radio release ),Music,7
badai - sakit dua kali ( official music video nagaswara ),Music,7
badai - sakit dua kali ( teaser ),Music,7
wali - bang jago ( official music video nagaswara ),Music,7
wali - bang jago ( teaser ),Music,7
siti badriah - aku butuh perawatan ( official music video nagaswara ),Music,7
siti badriah - aku butuh perawatan ( teaser ),Music,7
sandrina - ayo pacaran ( official music video nagaswara ),Music,7
sandrina - ayo pacaran ( teaser ),Music,7
duo anggrek - amadiketu ( official music video nagaswara ),Music,7
duo anggrek - amadiketu ( teaser ),Music,7
baby shima luvia band - orang yang salah ( official music video nagaswara ),Music,7
baby shima luvia band - orang yang salah ( teaser ),Music,7
the virgin - bimbi ( official music video nagaswara ),Music,7
the virgin - bimbi ( teaser ),Music,7
andez olip - seribu dua ribu ( official music video nagaswara ),Music,7
andez olip - seribu dua ribu ( teaser ),Music,7
ligea - kecil-kecil cabe rawit ( official music video nagaswara ),Music,7
ligea - kecil-kecil cabe rawit ( teaser ),Music,7
kadri - karmila ( official music video nagaswara ),Music,7
kadri - karmila ( teaser ),Music,7
inas hafizhah - 1/4 abad ( official music video nagaswara ),Music,7
inas hafizhah - 1/4 abad ( teaser ),Music,7
tuaipuja - petang esok bertemu ( with lyrics ) ( official radio release ),Music,7
tuaipuja - petang esok bertemu ( official visualizer ),Music,7
tuaipuja - petang esok bertemu ( teaser ),Music,7
deex - tuhan tolong ( feat . ato angkasa ) ( official music video nagaswara ),Music,7
deex - tuhan tolong ( feat . ato angkasa ) ( teaser ),Music,7
fitri carlina - aku kangen kamu ( official music video nagaswara ),Music,7
aqm video wrapped 2025,Music,7
fryda lucyana - rindu official music video,Music,7
dodo zakaria - mallisa official lyric video,Music,7
dodo zakaria - goreslah mata penamu official lyric video,Music,7
iren glory - gugur bunga official music video,Music,7
mv bcl dan ari lasso yang selalu ikonik,Music,7
dodo zakaria - kandas ( tragedi semata ) official lyric video,Music,7
teaser coming soon iren glory - gugur bunga,Music,7
dian pramana poetra - putus saja official lyric video,Music,7
nicky astria - caplang official lyric video,Music,7
"interview part 2 : sandy tanya , pas jawab , obrolan makin dalem dan seru !",Music,7
"achmad albar - "" rada - rada gila "" official lyric video",Music,7
fun fact kaset pas band ! ! # pasband # 4throughthesap,Music,7
utha likumahuwa - akira official lyric video,Music,7
iren glory - doa anak negeri official lyric video,Music,7
dodo zakaria noor bersaudara - gadis kepang dua official lyric video,Music,7
"interview : sandy tanya , pas jawab - ngobrolin 4 through the sap",Music,7
dodo zakaria vina panduwinata - lalu kemana official lyric video,Music,7
pas band - dogma official lyric video,Music,7
pas band - here forever official lyric video,Music,7
pas band - old fashion sickness official lyric video,Music,7
pas band - gangster of love official video,Music,7
iren glory - berkibarlah bendera negeriku official music video,Music,7
deborah hanna - nyaman terbuka official music video,Music,7
adrian sant - jika ku bisa memilih official lyric video,Music,7
pia fellini - assalamualaikum beijing official video lyric,Music,7
krisna trias - resah menyiksa official music video,Music,7
teaser mv krisna trias - resah menyiksa,Music,7
betrayer - hypocrisy official lyric video,Music,7
ambarila - tuning song official lyric video,Music,7
betrayer - to defend the violence official lyric video,Music,7
betrayer - forest amazed official lyric video,Music,7
betrayer - sebelum lahir dan setelah mati official lyric video,Music,7
betrayer - planet dies official lyric video,Music,7
betrayer - habis gelap tak terbit terang official lyric video,Music,7
betrayer - the human rights official lyric video,Music,7
betrayer - pasukan berani mati official lyric video,Music,7
academy - rumah kita official lyric video,Music,7
deborah hanna - gantung official music video,Music,7
teaser deborah hanna - gantung,Music,7
"menyala matahariku - pay irang arkad ( from "" qodrat 2 "" ) official music video",Music,7
yana julio - imtaq ( iman taqwa ) official lyric video,Music,7
opick - allah ya maulana i official music video,Music,7
deborah hanna andi rianto - indah pada waktunya official music video,Music,7
teaser deborah hanna andi rianto - indah pada waktunya,Music,7
daviuz - ada gula ada semut official music video,Music,7
daviuz - gong xi fat choi official music video,Music,7
7th sky - hanya untuk cinta official music video,Music,7
deborah hanna - penantian panjang official music video,Music,7
aqm wrapped 2024,Music,7
potret - bunda live at aquarius studio,Music,7
potret - belum tentu live at aquarius studio,Music,7
potret - bagaikan langit live at aquarius studio,Music,7
potret - i just wanna say i love u live at aquarius studio,Music,7
edo kondologit - amazing grace official lyric video,Music,7
bram moersas - jujur official lyric video,Music,7
potret - terbujuk live at aquarius studio,Music,7
potret - mak comblang live at aquarius studio,Music,7
titi dj - salahkah aku official lyric video,Music,7
potret - mungkin live at aquarius studio,Music,7
potret - diam live at aquarius studio,Music,7
rita effendy - menepis bayang kasih official lyric video,Music,7
potret - salah live at aquarius studio,Music,7
potret youtube premium afterparty,Music,7
deborah hanna - suara hati seorang kekasih official music video,Music,7
potret - jangan lupa pulang live at aquarius studio,Music,7
shakila anjani - summer blue official lyric video,Music,7
iren glory - terima kasih guruku ( guruku tersayang ) official lyric video,Music,7
deborah hanna - stayin ' up all night official music video,Music,7
"adrian sant - rapuh ( from "" kawin tangan "" ) official music video",Music,7
krisna trias - kota kecilku official music video,Music,7
teaser krisna trias official video - kota kecilku,Music,7
opick - tersenyumlah official music video,Music,7
fadly - gadis kerudung putih official lyric video,Music,7
deborah hanna - keabadian official visualizer,Music,7
fryda lucyana - doa untuk negeri official lyric video,Music,7
titik hamzah - geletar official music video,Music,7
funkop - yang terbaik official music video,Music,7
aqm video wrapped 2023,Music,7
sosok legenda di mata inayah wahid,Music,7
bunga citra lestari - legenda official hd remastered video,Music,7
dewa - satu official hd remastered audio,Music,7
deborah hanna - penantian panjang official lyric video,Music,7
adrian sant - jangan pernah ada kata pisah official visualizer,Music,7
adrian sant - lantern official music video,Music,7
krisna trias - saat kau menatapku official visualizer,Music,7
potret - the very best of potret # 1996 -2008 remastered 2023 official audio,Music,7
shakila anjani - listen official music video,Music,7
shakila anjani - listen official video teaser,Music,7
asik ya kalo punya bff # bbb # bestfriendforever # shorts,Music,7
dewa 19 - kirana official music video ( extended version ),Music,7
nostalgia 90an # lagunostalgia # shorts,Music,7
boleh dong # rindu # agnesmonica # agnezmo # shorts,Music,7
deborah hanna - saat kutemukanmu official music video,Music,7
deborah hanna - saat kutemukanmu official video teaser,Music,7
deborah hanna - saat kutemukanmu official visualizer,Music,7
deborah hanna - takkan berpaling darimu official music video,Music,7
deborah hanna - takkan berpaling darimu i official video teaser,Music,7
dara puspita - terlambat sudah official music video,Music,7
flowers - ( tolong ) bu dokter official music video hq,Music,7
noah - lihat langkahku ( side/b cut version ),Music,7
noah - hari yang cerah untuk jiwa yang sepi ( side/b cut version ),Music,7
noah - sally sendiri ( side/b cut version ),Music,7
"noah side/b - lihat langkahku ( eps . 9 bukit kuik , ponorogo )",Music,7
david : teknis take lagu di side b,Music,7
"noah side/b - hari yang cerah untuk jiwa yang sepi ( eps . 8 telaga ngebel , ponorogo )",Music,7
"noah side/b - sally sendiri ( eps . 7 watu semaur , ponorogo )",Music,7
noah x ramengvrl - suara dalam kepala ( official music video ),Music,7
suara dalam kepala official teaser 2,Music,7
suara dalam kepala official teaser 1,Music,7
noah x ramengvrl - suara dalam kepala official visualizer,Music,7
noah - my situation ( side/b cut version ),Music,7
noah - tetap berdiri ( 2dsd ) side/b cut version,Music,7
noah feat . reza - kita tertawa ( side/b cut version ),Music,7
noah - the forgotten world ( side/b cut version ),Music,7
noah - terbangun sendiri ( side/b cut version ),Music,7
noah - masa lalu tertinggal ( side/b cut version ),Music,7
noah side/b - masa lalu tertinggal ( eps . 6 - celebrating the 20th anniversary of bintang di surga ),Music,7
noah - cobalah mengerti ( live at amsterdam ),Music,7
noah - topeng ( live at amsterdam ),Music,7
noah - wanitaku ( live at amsterdam ),Music,7
noah - walau habis terang ( live at amsterdam ),Music,7
noah - ku katakan dengan indah ( live at amsterdam ),Music,7
noah - andaikan kau datang ( live at amsterdam ),Music,7
noah - di atas normal ( live at amsterdam ),Music,7
"noah - mimpi yang sempurna , taman langit , menghapus jejakmu ( live at amsterdam )",Music,7
noah - menunggumu ( live at amsterdam ),Music,7
noah - yang terdalam ( live at amsterdam ),Music,7
noah - ada apa denganmu ( live at amsterdam ),Music,7
noah - kisah cintaku ( live at amsterdam ),Music,7
noah - langit tak mendengar ( live at amsterdam ),Music,7
noah - separuh aku ( live at amsterdam ),Music,7
the great journey of noah the final show - aftermovie,Music,7
"noah side/b - dunia yang terlupa ( eps . 5 yokohama , jepang )",Music,7
noah - circus concerto ( highlights ),Music,7
noah at pestapora 2023 ( highlights ),Music,7
noah side/b feat . reza - kita tertawa ( eps . 4 bandung ),Music,7
noah - tak bisakah cobalah mengerti ( live performance ),Music,7
noah - wanitaku khayalan tingkat tinggi ( live performance ),Music,7
noah - kisah cintaku ( live performance ),Music,7
noah side/b - tetap berdiri ( 2dsd ) ( eps . 3 cirebon ),Music,7
noah - yang terdalam ( live performance ),Music,7
noah - kupu kupu malam ( live performance ),Music,7
noah - menghapus jejakmu ( live performance ),Music,7
noah - mungkin nanti ( live performance ),Music,7
noah - separuh aku ( live performance ),Music,7
noah feat . anya geraldine - semua tentang kita ( live performance ),Music,7
noah - semua tentang kita ( behind the scenes ),Music,7
noah side/b - my situation ( eps . 2 semarang ),Music,7
noah side/b - terbangun sendiri ( eps . 1 palembang ),Music,7
noah dekadexperience ( part 2 ),Music,7
noah dekadexperience ( part 1 ),Music,7
"noah - full album music from the series # kompilasi bintang di surga , yang terdalam",Music,7
backstage # noahjapan ( highlight ),Music,7
noah in monochrome,Music,7
noah - now playing fest 2023,Music,7
"noah vlog : shooting photoshoot di idemitsu moto lounge , hidden gem-nya anak otomotif !",Music,7
"akhirnya manggung disini lagi , terima kasih jambi flamefest 2023",Music,7
noah at kerlap kerlip festival ( highlight ),Music,7
noah di pergantian malam tahun baru 2023,Music,7
noah backstage life - road to now playing fest 2022,Music,7
noah live at palembang ( highlight ),Music,7
noah - high level fantasy ( behind the scenes ),Music,7
noah - khayalan tingkat tinggi ( official music video ),Music,7
ariel noah x enda ungu - yang terdalam ( live at monday replay ),Music,7
noah dekadexperience best moments,Music,7
noah x burgerkill - para penerka ( rehearsal - concert day ) noah dekadexperience,Music,7
noah dekadexperience ( backstage highlight ),Music,7
noah - kota mati ( behind the scenes ),Music,7
"noah premiere music video "" kota mati """,Music,7
noah - kota mati ( official music video ),Music,7
noah - di atas normal ( bloopers ),Music,7
personil noah kata mereka noah crew interview,Music,7
noah - di atas normal ( behind the scenes mv ),Music,7
noah - di atas normal ( live in yogyakarta 2022 ),Music,7
noah - di atas normal ( official music video ),Music,7
"eps . 2 manusia "" di atas normal "" - music video noah maell lee boris bokir",Music,7
"eps . 1 manusia "" di atas normal "" - music video noah indra jegel babe cabita",Music,7
thank you support nya . . .,Music,7
noah - holywings concert # 2,Music,7
noah - wanitaku tiktok live,Music,7
noah - separuh aku tiktok live,Music,7
noah - menghapus jejakmu tiktok live,Music,7
noah - yang terdalam tiktok live,Music,7
noah - di balik panggung lazada super party,Music,7
noah - holywings concert,Music,7
noah - road to # noahsecondchance - the additionals,Music,7
noah - road to # noahsecondchance - recording session,Music,7
konser brimo x noah second chance bintang di surga,Music,7
press conference brimo x noah second chance - bintang di surga,Music,7
noah - road to # noahsecondchance - hearing session,Music,7
noah - menghapus jejakmu ( feat . rejoz thegroove ) behind the scenes,Music,7
noah - menghapus jejakmu ( feat . rejoz thegroove ) official music video,Music,7
noah - road to # noahsecondchance - preparation,Music,7
an inside look : brimo x noah second chance taman langit concert,Music,7
noah - bintang di surga ( behind the scenes ),Music,7
noah - bintang di surga ( official music video ),Music,7
noah - yang terdalam ( behind the scenes ) ada bocoran video klip berikutnya,Music,7
konser brimo x noah second chance taman langit eps 2,Music,7
noah - yang terdalam ( official music video ),Music,7
judika x anneth nama-mu kudus tuhan ( official music video ),Music,7
judika - kusedang sayang-sayangnya ( official music video ),Music,7
judika x andi rianto - tenang ( official lyric video ),Music,7
judika x andi rianto - tenang ( official behind the scenes ),Music,7
judika x andi rianto - tenang ( official music video ),Music,7
judika x ryza ahmad - jikalau kau cinta ( judika studio ),Music,7
judika x sudrajat - jadi aku sebentar saja sudah tak ada cinta ( judika studio ),Music,7
judika x eka gustiwana - terlalu dalam ( official music video ),Music,7
judika - kau penyelamatku ( official music video ),Music,7
behind the song : bagaimana kalau aku tidak baik baik saja ( 2025 version ),Music,7
judika x whisnu santika - bagaimana kalau aku tidak baik baik saja ( 2025 version ),Music,7
judika - andai sampai akhir usia ( official behind the scenes - part 2 ),Music,7
judika - andai sampai akhir usia ( official behind the scenes - part 1 ),Music,7
judika - andai sampai akhir usia ( official music video ),Music,7
judika - tuhan tolong ( official behind the scenes ),Music,7
judika radar worship - gita sorga ( official lyric video ),Music,7
judika - tuhan tolong ( official music video ),Music,7
judika radar worship - gita sorga ( bloopers ),Music,7
judika radar worship - gita sorga ( official behind the scene ),Music,7
judika radar worship - gita sorga ( official music video ),Music,7
judika - sudah tak ada cinta ( official lyric video ),Music,7
judika studio judika feat tiroy sihotang - tunggu aku di surga,Music,7
judika studio judika feat tiroy sihotang ryo fryandh - bukan karena tak cinta,Music,7
judika - satu dihatiku ( official lyric video ),Music,7
jawab judika - bukan karena tak cinta ( fans questions ),Music,7
judika x lesti bukan karena tak cinta ( official lyric video ),Music,7
judika x lesti bukan karena tak cinta ( behind the song ),Music,7
judika x lesti bukan karena tak cinta ( official behind the scene ),Music,7
judika x lesti - bukan karena tak cinta ( official music video ),Music,7
judika - ingkar janji ( official karaoke video ),Music,7
judika - ingkar janji ( official lyric video ),Music,7
judika - ingkar janji ( official music video ),Music,7
tiroy sihotang - tunggu aku di surga ( official music video ),Music,7
axin zay - semua rasa ( official music video ),Music,7
judika - amin selamanya ( official behind the scenes mv ),Music,7
judika - amin selamanya ( live istana maimun medan ),Music,7
judika - amin selamanya ( official lyric video ),Music,7
judika - amin selamanya ( official music video ),Music,7
mama papa larang - duet dadakan judika feat enka di cirebon festival,Music,7
judika - aku yang terluka ( official lyric video ),Music,7
judika - aku yang terluka ( official music video ),Music,7
full album judika putus atau terus semangat pejuang cinta judika playlist 2022,Music,7
judika full album bagaimana kalau aku tidak baik-baik saha judika playlist 2022,Music,7
thank you axin # judika # takberlakubagiku # shorts,Music,7
judika - tak berlaku bagiku ( official lyric video ),Music,7
judika - tak berlaku bagiku ( official music video ),Music,7
judika - tega ( official lyric video ),Music,7
judika - teruslah berharap ( official lyric video ),Music,7
judika - kenanglah cinta kita ( official lyric video ),Music,7
judika dan lyodra sikat lagu ini tanpa latihan di wedding ! ! !,Music,7
daniel pattinama - sungguh aku mencintaimu ( offical lyric video ),Music,7
daniel pattinama - sungguh aku mencintaimu ( official music video ),Music,7
judika x tri suaka - aku bukan jodohnya ( judika studio special request ),Music,7
"judika pertemukan nurlela dengan tri suaka pencipta lagunya , malah dikasih hak royalti",Music,7
yan josua - pesan rindu ( official karaoke video ),Music,7
yan josua - pesan rindu ( official lyric video ),Music,7
yan josua - pesan rindu ( official music video ),Music,7
judika x angga chandra - sampai tutup usia ( judika studio ),Music,7
judika x all artis dad entertainment - minal ' aidin wal-faizin ( judika studio special ramadhan ),Music,7
judika x penta boyz - bukan dia tapi aku ( judika studio special ramadhan ),Music,7
penta boyz - sbs ( judika studio special ramadhan ),Music,7
judika feat . nurlela - tak pernah tinggalkanku ( official music video ),Music,7
judika - you are good ( judika studio happy easter ),Music,7
dnanda - sajadah panjang ( judika special ramadhan ),Music,7
axin - laa ilaaha illallah ( judika studio special ramadhan ),Music,7
daniel pattinama - i believe ( judika studio good friday ),Music,7
otank voice - seperti yang kau ingini ( judika studio good friday ),Music,7
judika x penta boyz - ada anak bertanya kepada bapaknya ( judika studio special ramadhan ),Music,7
judika x daniel pattinama - untuk kita renungkan ( judika studio special ramadhan ),Music,7
judika x axin - damai bersamamu ( judika studio special ramadhan ),Music,7
judika x dnanda - ketika tangan dan kaki berkata ( judika studio special ramadhan ),Music,7
judika x daniel pattinama - bukan dia tapi aku ( judika studio ),Music,7
yan josua - tak mungkin bersama ( judika studio ),Music,7
judika x daniel pattinama - i'll make love to you ( judika studio ),Music,7
judika x yan josua - bagaimana kalau aku tidak baik-baik saja ( judika studio ),Music,7
judika - aku bukan jodohnya ( judika special request ),Music,7
judika - lomba cipta lagu,Music,7
"judika - teruslah berharap ( no.1 best selling album , 1st week of the january )",Music,7
judika ft . cleo - silent night ( cover spesial natal ),Music,7
judika - ai ni yi wan nian ( judika studio special request ),Music,7
available now ! ! ! judika - teruslah berharap,Music,7
judika - tersenyumlah sobat ( judika special request ),Music,7
judika - janji putih ( judika studio special request ),Music,7
dnanda x novia - cinta ini milik kita ( judika studio ),Music,7
judika ft . badai the pianoman - kenangan yang salah x merelakannya ( judika studio ),Music,7
judika - teman hidup ( official lyric video ),Music,7
judika - teman hidup ( live judika studio ),Music,7
judika - sampai kau jadi milikku ( live judika studio ),Music,7
judika - teman hidup ( official music video ),Music,7
judika feat . duma riris - cinta ini milik kita ( official lyric video ),Music,7
dnanda - tak sekedar cinta ( judika live record ),Music,7
judika - putus atau terus ( judika live record ),Music,7
judika - bagaimana kalau aku tidak baik-baik saja ( judika live record ),Music,7
tiroy - hilang tapi ada ( judika live record ),Music,7
judika ( feat . duma ) - cinta ini milik kita ( official music video ),Music,7
judika - bagaimana kalau aku tidak baik-baik saja ( official lyric video ),Music,7
judika - bagaimana kalau aku tidak baik - baik saja ( official music video ),Music,7
judika - hilang tapi ada ( official lyric video ),Music,7
dnanda - putus atau terus ( judika studio ),Music,7
judika cover lagunya dnanda tak sekedar cinta . siap siap baper ! ! ( judika studio ),Music,7
raisa feat . juicy luicy - tetap bukan kamu ( live session ),Music,7
raisa feat . adrian khalif - awal kisah selamanya ( live session ),Music,7
"making of "" pengganti aku """,Music,7
"making of "" bila """,Music,7
awal kisah selamanya ( kesayangan ver . ),Music,7
raisa live from ambivert showcase 2025,Music,7
"making of "" ternyata tanpamu ( cantik ) """,Music,7
""" tetap bukan kamu "" vocal recording with rony parulian",Music,7
"raisa , rony parulian - tetap bukan kamu ( official live performance video )",Music,7
raisa - i' ll be waiting ( a capella ) ( official live performance video ),Music,7
raisa - si paling mahir ( official live performance video ),Music,7
"raisa , barsena bestandhi - awal kisah selamanya ( official live performance video )",Music,7
raisa - it's okay to not be okay ( official live performance video ),Music,7
raisa - ternyata tanpamu ( cantik ) ( official live performance video ),Music,7
raisa - bila ( official live performance video ),Music,7
raisa - pengganti aku ( official live performance video ),Music,7
raisa - berpindah hati ( official live performance video ),Music,7
raisa - semua di sini ( official live performance video ),Music,7
"making of "" tetap bukan kamu "" ft . rony parulian",Music,7
"raisa , rony parulian - tetap bukan kamu ( official music video )",Music,7
raisa - pengganti aku ( official lyric video ),Music,7
"raisa , barsena bestandhi - awal kisah selamanya ( official lyric video )",Music,7
raisa - bila ( official lyric video ),Music,7
"raisa , rony parulian - tetap bukan kamu ( official lyric video )",Music,7
raisa - ternyata tanpamu ( cantik ) ( official lyric video ),Music,7
raisa - i'll be waiting ( official lyric video ),Music,7
raisa - berpindah hati ( official lyric video ),Music,7
raisa - semua di sini ( official lyric video ),Music,7
raisa - ambivert ( album preview ),Music,7
journey to manila,Music,7
""" terserah "" vocal recording",Music,7
raisa - terserah ( official performance video ),Music,7
raisa - terserah ( official lyric video ),Music,7
raisa - ambivert ( official album teaser ),Music,7
"making of "" it's okay to not be okay """,Music,7
raisa - it's okay to not be okay ( official lyric video ),Music,7
raisa - 2025,Music,7
raisa - firasat ( live at juni day x ),Music,7
raisa ft . bernadya - jatuh hati ( live at juni day x ),Music,7
raisa - si paling mahir ( live at juni day x ),Music,7
raisa - inginku x melangkah ( live at juni day ),Music,7
raisa - sang rembulan ( live at juni day x ),Music,7
raisa - si paling mahir ( official music video ),Music,7
raisa - si paling mahir ( official lyric video ),Music,7
harta tahta raisa - official trailer,Music,7
raisa - the girl that i used to be ( official music video ),Music,7
soon # 1tahunraisagbk2023,Music,7
raisa - 2024,Music,7
raisa - tak berharap lagi ( official lyric video ),Music,7
"raisa , ahmad dhani - biar menjadi kenangan ( official music video )",Music,7
raisa ahmad dhani behind the shoot biar menjadi kenangan artwork,Music,7
"raisa , ahmad dhani - biar menjadi kenangan ( official lyric video )",Music,7
raisa - nyaman tak cukup,Music,7
raisa - 2023,Music,7
raisa - jangan cepat berlalu ( official music video ),Music,7
raisa - bertahan / pergi ( official music video ),Music,7
raisa it's personal showcase stadion tenis indoor jakarta ( official after movie ),Music,7
raisa - jangan cepat berlalu ( it's personal showcase live in stadion tenis indoor jakarta ),Music,7
raisa - serba salah ( it's personal showcase live in stadion tenis indoor jakarta ),Music,7
raisa - cinta sederhana ( it's personal showcase live in stadion tenis indoor jakarta ),Music,7
raisa - berdamai ( official lyrics video ),Music,7
unboxing it's personal box set with me,Music,7
raisa - you better believe me ( feat . kara chenoa ) ( official audio ),Music,7
raisa - tentang dirimu ( official audio ),Music,7
raisa - teman biasa ( official audio ),Music,7
raisa - someday ( feat . sam kim ) ( official audio ),Music,7
raisa - ragu ( official audio ),Music,7
raisa - love let go ( official audio ),Music,7
"raisa - long nights , slow mornings ( official audio )",Music,7
raisa - kutukan ( cinta pertama ) ( official audio ),Music,7
raisa - jangan cepat berlalu ( official audio ),Music,7
raisa - cinta sederhana ( official audio ),Music,7
raisa - cinta sederhana ( official music video ),Music,7
raisa - 2022,Music,7
dapur rasa : cooking with raisa and sam kim,Music,7
raisa - someday ( official music video ) ft . sam kim,Music,7
raisa - you better believe me ( official music video ) ft . kara chenoa,Music,7
raisa - love let go ( vertical version ),Music,7
raisa : it's personal - the showcase,Music,7
it s personal : the introduction ( behind the song ),Music,7
raisa - jangan cepat berlalu ( official lyric video ),Music,7
raisa - love let go ( official lyric video ),Music,7
raisa - about you ( official music video ),Music,7
raisa - kutukan ( cinta pertama ) ( official music video ),Music,7
raisa - ragu ( official music video ),Music,7
raisa - 2021,Music,7
"raisa , andi rianto - bahasa kalbu ( official music video )",Music,7
behind the scene : raisa live in lapangan banteng in collaboration with sounds from the corner,Music,7
raisa live in concert 2020 : journey of a history eps . 1,Music,7
behind the scene - teristimewa,Music,7
raisa - teristimewa ( official music video ),Music,7
raisa in conversation with iwan fals,Music,7
raisa - 2020,Music,7
raisa live in concert : stadion utama gelora bung karno - official teaser,Music,7
behind the scene music video - you,Music,7
raisa - you ( official music video ),Music,7
behind the scene - raisa comeback live with vlive,Music,7
raisa - kembali ( official music video ),Music,7
raisa - i'm back !,Music,7
raisa - nyawa dan harapan ( official music video ),Music,7
"kronologi pengusiran paksa nenek elina , hingga samuel ditangkap dan jadi tersangka",News,8
virdian : prabowo bisa melakukan lebih untuk sumatera on point with adisty # 53,News,8
"sedang berlabuh , kapal wisata di labuan bajo ntt tenggelam sapa pagi",News,8
"kebakaran hanguskan 2 ruko di tangsel , 1 orang tewas dan 1 luka-luka kompas siang",News,8
full kapolri listyo soroti demo agustus saat buka laporan akhir tahun 2025 polri,News,8
gubernur aceh mualem sapa menkeu purbaya-raffi ahmad di rapat dpr bahas pemulihan pascabencana,News,8
donald trump dapat kabar rumah vladimir putin diduga diserang ukraina : saya sangat marah !,News,8
"full membaca potensi market tahun 2026 , begini peran pendanaan efek indonesia",News,8
mensos gus ipul bicara kasus usir paksa nenek elina di surabaya,News,8
"wakapolri pimpin groundbreaking 436 sppg serentak , dukung program mbg",News,8
full bnpb bicara percepatan pembangunan hunian untuk warga terdampak bencana di sumatera,News,8
arus balik liburan begini kepadatan di arteri karawang cirebon senin 29 desember 2025,News,8
"industri miras lokal di merauke digerebek polisi , ratusan botol dimusnahkan",News,8
"kasus pembunuhan ibu kandung di medan , psikolog : tidak ada indikasi gangguan mental pada anak",News,8
"sekolah rusak parah diterjang banjir bandang , sdn 5 peusangan butuh tenda dan buku",News,8
"pemulihan pascabencana sumatera dikebut , polri turunkan alat berat dan bangun jembatan",News,8
"brimob polda sumbar kebut pembangunan jembatan darurat , targetkan rampung pada 5 januari 2026",News,8
"kemenag gelar natal nasional 2025 bertema c-light , jadikan natal momentum cinta dan doa",News,8
"kasus pengusiran nenek elina di surabaya , kuasa hukum : pelaku klaim beli rumah dari kakak korban",News,8
satu keluarga di situbondo ditemukan tewas di dalam rumah sapa malam,News,8
"korea utara uji coba peluncuran rudal terbaru , begini respons korea selatan",News,8
"romo mudji sutrisno wafat di usia 71 tahun , jenazah disemayamkan di kapel kanisius",News,8
"pengusiran paksa nenek elina naik ke penyidikan , polisi sita mobil untuk angkut barang korban",News,8
"ketemu menkeu purbaya , menpan rb bahas nasib kenaikan gaji asn 2026",News,8
"kpk buka peluang panggil atalia praratya terkait kasus bank bjb , pengacara nyatakan siap kooperatif",News,8
"dasco dan para ketum partai kompak silaturahmi ke rumah bahlil , bahas apa ?",News,8
"usut kematian 1 keluarga di situbondo : polisi periksa 4 saksi , olah tkp , amankan barang bukti",News,8
"wisata jeep merapi jadi favorit wisatawan , pengelola pastikan rute aman dari erupsi",News,8
full kriminolog kupas kasus anak bunuh ibu di medan : apa saja motif dan pemicunya ? kompas malam,News,8
deret fakta-kronologi kasus anak bunuh ibu kandung di medan berut,News,8
pantauan arus balik libur nataru di arteri karawang hingga tol cipularang per 27 desember malam,News,8
debat stafsus pemprov jakarta serikat buruh soal ump 2026 di bawah bekasi dan karawang,News,8
jakarta terancam banjir ? gubernur pramono : sudah siap hadapi cuaca ektrem,News,8
penampakan mobil terjun ke sungai sedalam lima meter di jember berut,News,8
"viral ludahi kasir swalayan , dosen di makassar berakhir dipecat berut",News,8
polisi tetapkan 2 tersangka kasus kekerasan terhadap nenek elina,News,8
full deret fakta pembunuhan perempuan di baubau : ngaku hamil ke kekasih anggota tni berut,News,8
"cuaca ekstrem , jembatan di sukabumi hancur diterjang banjir bandang berut",News,8
"pecah ! tangis keluarga wn spanyol korban kapal tenggelam di labuan bajo , tim sar cari 3 lainnya",News,8
"detik-detik kapal pinisi dewi anjani tenggelam di labuan bajo , seluruh abk berhasil selamatkan diri",News,8
"full polisi ungkap motif-kronologi anak bunuh ibu di medan , ungkap kondisi kakak ayah",News,8
kapal peti kemas terbakar di pelabuhan tanjung perak indo update,News,8
"tragis ! pria tewas tertabrak kereta api di grobogan , terseret hingga 20 meter berut",News,8
"trauma healing hingga dapur umum , ini usaha polri dukung pemulihan usai banjir di padang pariaman",News,8
polisi ungkap dugaan pembunuhan sekeluarga di situbondo : masih tunggu hasil otopsi sapa malam,News,8
"update ! kasus pengusiran paksa nenek elina di surabaya naik penyidikan , polisi sita mobil pikap",News,8
"sosok samuel ardi , dalang di balik pengusiran paksa dan kekerasan terhadap nenek elina sapa malam",News,8
"jelang tahun baru 2026 , kakorlantas polri dan menhub tinjau kesiapan pelabuhan gilimanuk",News,8
"suami aniaya istri hingga buta di depok , dipicu soal ponsel untuk game online borgol",News,8
"geger ! perempuan tewas bersimbah darah di rumah kontrakan malang , terduga pelaku ditangkap warga",News,8
"kapolri listyo sigit groundbreaking museum marsinah di nganjuk , target rampung di hari buruh 2026",News,8
pecah ! tangis keluarga korban kebakaran panti jompo di manado tunggu proses identifikasi,News,8
"polisi selidiki kebakaran panti jompo di manado tewaskan 16 lansia , amankan sejumlah barang bukti",News,8
"terungkap ! motif anak bunuh ibu kandung di medan , polisi : abh lihat korban ancam kakaknya",News,8
"ngeri ! detik-detik banjir terjang jembatan hingga putus di sukabumi , sungai meluap ! sapa malam",News,8
"sebulan usai banjir sumatera : warga belum bisa pulang , air bersih susah , akses jalan huntara sulit",News,8
gubernur pramono anung serahkan langsung mobil damkar ke 14 daerah indo update,News,8
dipecat kampus ! dosen uim sempat viral ludahi kasir swalayan di makassar,News,8
"16 lansia meninggal akibat kebakaran panti jompo , warga beri keterangan korban di pos antemortem",News,8
"kebakaran kapal peti kemas di pelabuhan tanjung perak surabaya , 16 mobil damkar dikerahkan",News,8
"saat menko pmk klaim 1.050 huntara korban banjir selesai , warga desa kubu masih bertahan di masjid",News,8
"ramai ! suasana wisatawan penuhi pantai sanur bali di libur nataru , penjualan oleh-oleh meningkat",News,8
"jalur utama jalan ciwandan banjir , kendaraan mogok hingga terjebak macet satu jam kompas petang",News,8
kata said iqbal soal massa buruh tolak ump jakarta sedikit : sengaja untuk buka negosiasi,News,8
"dipertanyakan publik , seskab ungkap peran 53 helikopter tni-polri untuk banjir sumatera",News,8
full ! is the indonesian economy threatened by 2026 ? mari elka pangestu highlights the impact of t . . .,News,8
reaksi bnpb saat kades kubu bireun ungkap kondisi korban banjir usai sebulan di pengungsian,News,8
kasatreskrim polres situbondo ungkap kasus sekeluarga tewas dalam rumah : korban pembunuhan ?,News,8
gerindra dukung pilkada lewat dprd : kita harus berani lakukan perubahan sistem,News,8
terbaru ! olah tkp kebakaran panti jompo di manado hingga proses identifikasi 16 korban meninggal,News,8
kronologi dan momen roy suryo sebut maaf jokowi soal ijazah tidak berpengaruh,News,8
"badai musim dingin terjang jalur gaza , pengungsi bertahan di tengah cuaca ekstrem",News,8
"ump 2026 jateng naik 7,28 persen tertinggi di pulau jawa , ini alasannya jmp",News,8
terbaru ! fakta satu jenazah wna korban kapal tenggelam ditemukan tewas di perairan labuan bajo,News,8
ksad maruli : penanganan bencana sumatera tercepat dibanding bencana lainnya,News,8
rekaman detik-detik kapal kontainer terbakar di pelabuhan tanjung perak surabaya kompas petang,News,8
kronologi-penyebab kebakaran panti jompo di manado tewaskan 16 lansia kompas petang,News,8
"diborgol ! ini tampang samuel pengusir nenek elina , digiring ke polda jawa timur",News,8
kemenag ri perkuat peran zakat dan wakaf untuk pemberdayaan masyarakat sulsel jmp,News,8
"demo buruh jakarta protes kenaikan ump , bandingkan dengan bekasi kompas petang",News,8
wagub rano karno respons demo buruh tolak kenaikan ump jakarta : sudah sesuai kesepakatan,News,8
korban kebakaran panti jompo di manado cerita selamatkan diri bermodal tongkat jalan kompas petang,News,8
polisi ungkap fakta kebakaran panti jompo di manado tewaskan 16 lansia : evakuasi terlambat ?,News,8
arahan prabowo soal pemulihan pascabencana sumatera : urus dokumen gratis,News,8
hasto cerita megawati tulis sendiri daftar logistik buat korban banjir sumatera,News,8
"insiden kapal tenggelam , pemerintah larang sementara kapal berlayar di labuan bajo kompas malam",News,8
ditlantas polda sumbar buka layanan servis dan cuci motor gratis untuk korban banjir sapa siang,News,8
"tak hanya sumatera , pemerintah tangani banjir kalimantan selatan hingga tragedi labuan bajo",News,8
"distribusi pupuk bersubsidi berbasis e-rdkk , pemerintah perkuat data petani agar tepat sasaran",News,8
"ksad maruli simanjuntak : terima kasih rekan-rekan media , luar biasa dukungannya",News,8
frankly ! cabinet secretary teddy reveals president prabowo sent a private helicopter to aceh gove . . .,News,8
"full menko pratikno , seskab teddy , kapolri panglima tni update penanganan pascabencana sumatera",News,8
jenazah diduga turis spanyol korban kapal tenggelam di labuan bajo ditemukan kompas siang,News,8
seskab teddy soroti pihak bandingkan penanganan bencana sumatera dengan pemerintahan sebelumnya,News,8
"kebakaran panti jompo di manado , 16 kantong jenazah dievakuasi dari lokasi kompas siang",News,8
"kebakaran panti jompo di manado , 16 lansia meninggal dunia sapa pagi",News,8
full pratikno bicara soal daerah terdampak bencana sumatera masuk fase transisi rehabilitasi,News,8
"pengusiran nenek elina dari rumahnya naik ke penyidikan , polda jatim periksa 6 saksi kompas siang",News,8
geram ! ksad maruli simanjuntak ungkap upaya sabotase jembatan bailey di bencana sumatera,News,8
"puncak libur nataru , kunjungan tmii jakarta tembus 11 ribu orang sapa pagi",News,8
kuala simpang tertutup timbunan kayu,News,8
cadangan beras pemerintah naik jadi 4 juta ton pada 2026,News,8
kesiapan nataru 2025 / 2026 - right angle,News,8
"diduga sopir belum mahir , minibus terjun ke sungai",News,8
meneropong komitmen transisi energi prabowo,News,8
stasiun pasar senen masih dipadati penumpang,News,8
"buruh tolak ump jakarta 2026 rp5,7 juta",News,8
penumpang kereta api di surabaya capai 509 ribu,News,8
kapal kontainer terbakar saat sandar di pelabuhan,News,8
angin kencang rusak atap rumah warga di jombang,News,8
"banjir memutus akses jalan , satu desa di sukabumi terisolir",News,8
banjir bandang hanyutkan rumah dan ternak di sukabumi,News,8
apakah program besar di indonesia bisa bebas dari korupsi ?,News,8
"viral , penagih utang patahkan jari istri nasabah",News,8
qodari : pemerintah optimis mbg berjalan sesuai target,News,8
"protes jalan rusak , warga tanam pohon pisang",News,8
bencana sumatra masuk 4 besar pembahasan isu viral indonesia,News,8
"liburan tahun baru , kawasan puncak dan stasiun padat",News,8
whoosh diminati wisatawan lokal dan internasional,News,8
"buruh tolak ump jakarta rp5,7 juta",News,8
nova : publik mulai jenuh dengan polemik ijazah palsu jokowi,News,8
mbg jadi isu yang paling banyak dipercakapkan di sosial media,News,8
melihat langsung kondisi terkini aceh tamiang,News,8
penumpang bus terminal kampung rambutan naik 40 persen,News,8
bmkg : waspada cuaca ekstrem akhir tahun,News,8
belajar budaya dan teknologi di museum sonobudoyo,News,8
wakapolri kerahkan alat berat dalam pemulihan pascabencana - right angle,News,8
program transmigrasi berbasis industrialisasi dan investasi - right angle,News,8
mentrans serahkan shm warga relokasi ke tanjung banon - right angle,News,8
liburan ke prambanan tidak hanya lihat candi,News,8
kakorlantas pastikan keamanan nataru pelabuhan gilimanuk - right angle,News,8
kebakaran ornamen di gedung sarinah,News,8
kesiapan pengamanan malam pergantian tahun,News,8
satu korban kapal wisata tenggelam ditemukan,News,8
pelita air bagian dari pertamina mengoptimalkan layanan nataru - right angle,News,8
keceriaan anak-anak korban banjir di tengah lumpur dan puing,News,8
pemulihan pasar tradisional untuk menggerakkan ekonomi masyarakat,News,8
asa warga alur selebu usai banjir bandang,News,8
"unjuk rasa buruh tuntut ump 2026 rp5,8 juta",News,8
"libur panjang , salurkan hobi pelihara ikan hias",News,8
refleksi dunia otomotif nasional 2025 cnn drive eps . 27 desember 2025,News,8
anak-anak korban banjir ikut sekolah darurat,News,8
mengejar sunset di pantai double six,News,8
budayawan romo mudji sutrisno meninggal dunia,News,8
tiga menteri kabinet merah putih kunjungi ktm ponu ttu - right angle,News,8
keseruan bermain salju di libur nataru,News,8
menikmati kopi tengchong dengan sentuhan teknologi,News,8
pencarian tiga wna spanyol di labuan bajo,News,8
khan younis dilanda musim dingin,News,8
keseruan berlibur di gembira loka zoo,News,8
"terendam banjir , warga terserang penyakit kulit",News,8
ziarah dan peletakan batu pertama pembangunan museum marsinah,News,8
bahlil tegaskan indonesia setop impor solar pada 2026,News,8
kondisi terkini pascabanjir di aceh tamiang,News,8
rangkuman kunjungan wakapolri di wilayah bencana sumatra - right angle,News,8
ct arsa gelar bakti sosial penyintas erupsi semeru,News,8
satgas polri aktifkan 107 titik sumur bor air bersih,News,8
heboh aspal terkelupas karena banjir,News,8
37 ribu wisatawan kunjungi ikn saat libur nataru,News,8
cuan menjulang di malam pergantian tahun,News,8
wakapolri tinjau dapur umum dan trauma healing anak-anak right angle,News,8
targetkan pertumbuhan ekonomi indonesia timur,News,8
wakapolri tinjau distribusi bantuan dan percepat pemulihan bencana di padang pariaman - right angle,News,8
wakapolri resmikan sumur bor dan tinjau pembangunan huntara - right angle,News,8
"viral , satu keluarga naik ke lemari saat terjebak banjir",News,8
"haru , momen anak selamatkan ibu yang stroke saat banjir",News,8
kasus viral pengusiran lansia naik ke penyidikan,News,8
serunya liburan ' murmer ' di kebun raya mangrove 1,News,8
menyusuri medan terjal demi salurkan bantuan korban bencana,News,8
"penyelamatan anjing , kucing , dan orang utan",News,8
lentera pengabdian petugas kepolisian,News,8
antisipasi lonjakan kendaraan libur nataru di puncak - right angle,News,8
kebakaran ornamen di gedung sarinah bikin panik pengunjung,News,8
bandung zoo kembali dibuka untuk umum,News,8
desa babo rusak diterjang banjir bandang,News,8
gunung etna memuntahkan lava dan abu vulkanik,News,8
korban jiwa bertambah akibat serangan israel,News,8
geliat pedagang terompet jelang malam pergantian tahun,News,8
"sungai-sungai besar meluap , kalsel dikepung banjir",News,8
perpanjangan tanggap darurat bencana di aceh dan sumatra utara editorial view,News,8
polisi tindak kendaraan sumbu tiga di tol cikampek,News,8
gempa bumi guncang taiwan,News,8
"kota tua , destinasi wisata libur nataru tempo dulu",News,8
jurus diet anti gagal,News,8
"libur nataru , tempat wisata padat",News,8
sehari menjadi produsen ikan asin jakarta,News,8
pesta diskon transmart full day sale,News,8
ct arsa foundation gelar pertunjukan seni budaya,News,8
wisata keluarga bernuansa alam di bandung utara,News,8
' puncak liburan angkutan kereta,News,8
cuaca buruk hambat pencarian korban kapal tenggelam di labuan bajo,News,8
perjuangan ibu tanpa batas waktu,News,8
"libur nataru , candi prambanan diserbu wisatawan",News,8
"kekuatan terbesar ibu , belajar dari titik terendah",News,8
""" unconditional love "" , tulus merawat 2 anak berkebutuhan khusus",News,8
perjalananku sebagai ibu dari 6 anak,News,8
"sehari menjadi pembuat yangko , oleh-oleh khas yogyakarta",News,8
"disorot seusai kasus pengusiran nenek elina viral , ormas madas ternyata pecah jadi 3 kelompok",News,8
respons dedi mulyadi seusai gedung sate digeruduk ratusan buruh imbas rekomendasi umsk 2026 dicoret,News,8
"demi lindungi umkm lokal , pemerintah siap tetapkan harga batas bawah untuk barang impor china",News,8
"rumah orangtua diding boneng ambruk , mantan aktor warkop dki akui tak sempat memperbaiki",News,8
"lagu ' republik fufufafa ' dikritik berbagai pihak , slank dinilai tak tulus , gianluigi : lirik titipan ?",News,8
"respons cepat krisis energi , menteri bahlil pastikan distribusi bbm di aceh lancar dan spbu siaga",News,8
"cari keberadaan m yasin anggota ormas tersangka kasus pengusiran nenek elina , polisi masih memburu",News,8
"nasib istri pelatih valencia : sabar tunggu suami ditemukan , belum mau pulang ke spanyol",News,8
"reaksi trump dengar isu penyerangan rumah putin , pihak ukraina bantah tudingan : klaim tanpa dasar",News,8
"catatan kekejaman israel selama 2025 , ini daftar negara yang jadi target hingga 10 ribu serangan",News,8
"pria di depok hajar istri hingga mata dioperasi perkara game online , ternyata baru nikah 2 bulan",News,8
"bendera gam berkibar saat bencana aceh hingga buat tni meradang , dpr gerindra sebut ekspresi gelisah",News,8
istri pelatih valencia tegaskan tak akan pulang ke spanyol sebelum suami dan 3 anaknya ditemukan,News,8
"wacana pilkada lewat dprd jadi sorotan , pengamat sebut uang politik justru mengalir ke anggota dewan",News,8
"pantai banua patra balikpapan , spot favorit menikmati sunset di atas batu alam eksotis dekat kota",News,8
said iqbal kritik pengamanan demo buruh di istana : demokrasi ri mundur seperti zaman militeristik,News,8
"protes tps ditutup plt bupati bekasi , petugas kebersihan buang sampah ke kantor kelurahan kebalen",News,8
pertemuan penting menpan-rb dan purbaya jadi sorotan saat belum ada kepastian kenaikan gaji pns 2026,News,8
trump marah seusai ukraina diduga bombardir rumah putin pakai 91 drone di tengah perundingan damai,News,8
pemerintah pastikan jaminan hidup rp 450 ribu per bulan untuk korban banjir sumatera selama 3 bulan,News,8
alasan gerindra dukung wacana kepala daerah dipilih dprd bukan pemilu : bisa lebih efisien anggaran,News,8
wagub sumbar geram ada yang curi mesin alat berat saat darurat bencana : ada aja otaknya buat maling,News,8
"2 wna china jadi tersangka seusai bentrok dengan tni , pengacara warga asing sebut kliennya dianiaya",News,8
"tolak angka pramono , buruh ungkap alasan mengapa ump jakarta harus tembus rp 5,89 juta",News,8
bripda seili borgol dan cekik mahasiswi ulm hingga tewas gegara ajakan hubungan intim ditolak,News,8
kasus anak 12 tahun bunuh ibu : korban sempat minta minum hingga putri sulung trauma berat,News,8
"tangis bripda seili pecah saat di-ptdh dari polri usai bunuh mahasiswa ulm kalsel , kini diborgol",News,8
"pisau dapur jadi bukti pembunuhan ibu oleh anak 12 tahun , polisi tak temukan dna suami korban",News,8
"alasan 2 wna china jadi tersangka seusai bentrok dengan tni di tambang emas , polisi punya bukti kuat",News,8
"3 motif pembunuhan ibu oleh anak 12 tahun di medan , sakit hati hingga obsesi game online",News,8
"evaluasi 6 bulan sekolah rakyat , gus ipul targetkan pembangunan ratusan gedung baru tahun 2026",News,8
polisi buka suara soal keterlibatan ormas madas di kasus pengusiran paksa nenek elina dari rumahnya,News,8
"saat wacana pilkada kembali ke dprd mencuat , para ketum parpol koalisi kumpul di kediaman bahlil",News,8
"2.617 personel polisi amankan demo buruh jabar di monas , massa tuntut umsk kdm setop pencitraan",News,8
terungkap ! ini 3 alasan inara rusli luluh hingga damai dengan insanul fahmi : jadi istri yang baik,News,8
"seusai samuel yasin ditahan , tersangka pengusiran paksa nenek elina di surabaya bisa bertambah",News,8
"tingkatkan kualitas fasilitas , kemensos targetkan bangun 104 sekolah rakyat tahun 2026",News,8
"kelakar dedi mulyadi : protes trotoar di jabar rata dengan jalan , minta gubernur segera tindaklanjuti",News,8
tokoh masyarakat meradang tahu ormas madura diduga terlibat pengusiran paksa nenek elina : bubarkan !,News,8
"dunia berduka untuk manado , media asing soroti tragedi kebakaran panti jompo yang tewaskan 16 lansia",News,8
"dosen uim yang ludahi kasir ingin damai sebelum dipecat , bantah tak serobot antrean pembayaran",News,8
israel dianggap kejam ! bunuh 706 keluarga jurnalis hingga rencana ruu pembatasan azan di palesina,News,8
"sosok samuel dalang pengusiran paksa nenek elina : klaim punya akta jual-beli , kini jadi tersangka",News,8
"jadi tersangka pengusiran nenek elina , samuel dan yasin oknum ormas madas terancam 5 tahun bui",News,8
"demo kenaikan ump 2026 di jakarta , aksi lanjutan bisa capai 20 ribu demonstran dari berbagai wilayah",News,8
"insiden tragis ! 16 lansia tewas dalam kebakaran panti werdha manado , adik prabowo bantu rp 250 juta",News,8
"kaleidoskop 2025 : perang israel-hamas merembet ke krisis timur tengah , gencatan senjata rapuh",News,8
"demi percepatan dan perluasan program mbg , produksi cadangan pangan nasional diproyeksikan naik",News,8
"john herdman disebut bakal jadi pelatih timnas indonesia , waketum pssi : tunggu pengumuman pak erick",News,8
"dosen uim makassar yang ludahi kasir swalayan dipecat , rektor : tidak etis dan jauh dari nilai akhlak",News,8
"samuel-yasin jadi tersangka kasus bongkar paksa rumah nenek elina , anggota madas diburu polda jatim",News,8
"viral video sekelompok orang zikir di candi prambanan , pengelola minta maaf : kami sudah peringatkan",News,8
"sempat viral karena mengeluh jarak tempat mengajar jauh , guru nur aini kini diberhentikan dari asn",News,8
"kronologi pesilat pagar nusa semarang tewas dikeroyok geng balap liar di demak , 5 pelaku ditangkap",News,8
persija jakarta vs bhayangkara fc : macan kemayoran menang 3-0 hingga optimis lawan persib bandung,News,8
"nasib samuel , dalang pengusiran hingga pembokaran rumah nenek elina , terancam dipenjara 5 tahun",News,8
"gus yahya dan rais aam pbnu bertemu di ponpes surabaya , gus ipul : cuma selawatan , tak bahas muktamar",News,8
"eks rapper nepal bakal maju jadi perdana menteri seusai rusuh protes gen-z , tantang partai lama",News,8
"samuel dan yasin jadi tersangka pengusiran nenek elina , eks oknum ormas madas diburu polda jatim",News,8
"siswi sd bunuh ibu kandung di medan resmi tersangka , tuduhan suami jadi dalang terbantahkan ?",News,8
"polisi tangkap pelaku soal temuan mayat siswi smp hamil , motif terungkap gegara minta obat penggugur",News,8
"gegara game online , suami di depok kdrt istri hingga nyaris buta",News,8
menteri prabowo komentari samuel usir bongkar paksa rumah nenek elina : lansia harus dilindungi,News,8
"full pakar : ada aktor politik tunggangi warga kibarkan bendera gam , pemerintah aceh jangan ambigu",News,8
"meski nyaman jadi dj , ovi sovianti tak akan tinggalkan dangdut : kita nge-dj ada koplo-koplo dikit",News,8
arbani yasiz akui stres perankan karakter andika di film ' musuh dalam selimut ' keluar zona nyaman,News,8
"buntut cuaca ekstrem , cianjur tetapkan status siaga bencana hidrometeorologi hingga pergantian tahun",News,8
melihat kembaran menara eiffel di gorontalo ! pakaya tower tunjukkan keindahan gemerlap lampu malam,News,8
"beda dengan gerindra dan golkar , pdip tolak usulan kepala daerah dipilih oleh dprd itu hak rakyat",News,8
"penangkaran buaya babana minta solusi atas krisis pakan , pemerintah daerah akhirnya turun tangan",News,8
"pengakuan nenek elina , diangkat 4 orang dan dikeluarkan paksa dari rumah saat pengusiran oleh samuel",News,8
"kadinsos samosir jadi tersangka korupsi dana bantuan bencana banjir rp 1,5 m , minta ' fee ' 15 persen",News,8
"dedi mulyadi didemo ratusan buruh , gedung sate digeruduk imbas rekomendasi umsk 2026 dicoret",News,8
samuel klaim lakukan pengusiran humanis kepada nenek elina sebelum rumah dirobohkan sepihak,News,8
"resmi ! tvri akan siarkan gelaran piala dunia 2026 , gratis utuh dari penyisihan hingga laga final",News,8
respons wakil ketua mpr warga aceh kibarkan bendera gam protes tak ada penetapan bencana nasional,News,8
"pengabdian puluhan tahun sia sia , curhatan dosen yang viral ludahi kasir",News,8
"tangan samuel diborgol , pembeli tanah nenek elina ditangkap polda jatim , ini fakta kejanggalan kasus",News,8
"kuasa hukum nenek elina bongkar kejanggalan akta jual beli samuel , diduga palsukan letter c",News,8
"sempat memanas , massa demo buruh dobrak pagar gedung sate minta dedi mulyadi sahkan revisi umsk",News,8
"ksad murka , berulang kali sebut bi d b depan kapolri buntut sabotase jembatan bailey di sumatera",News,8
dedi mulyadi tuntaskan umsk susulan dari 8 wilayah jawa barat sebelum didemo massa buruh,News,8
"trump-zelensky jabat tangan , kesepakatan damai ukraina dan rusia "" lebih dekat dari sebelumnya """,News,8
"karier 33 tahun terancam usai , dosen uim berharap kekeluargaan ingin kasir swalayan akui khilaf",News,8
amarah said iqbal ke aparat saat demo buruh : apa pak prabowo tahu kami dihadapi seperti musuh ?,News,8
"polda jatim tangkap pelaku pengusiran paksa nenek elina , digelandang dengan tangan terborgol",News,8
emosi said iqbal sindir tuding dedi mulyadi bohong soal umsk jabar : stop pencitraan di medsos !,News,8
dpr apresiasi danantara akuisisi hotel di makkah untuk kampung haji : selama puluhan tahun penyewa,News,8
"buruh tegaskan aksi besok , nyanyian internasionale warnai demonstrasi jakarta",News,8
penampakan samuel ditangkap tangan diikat soal kasus pengusiran pembongkaran rumah nenek elina,News,8
"alasan inara rusli pilih bertahan dengan insanul fahmi , kini resmi cabut laporan dugaan penipuan",News,8
"inara rusli resmi cabut laporan ke insanul fahmi : sesuai syariat , saya harus dengarkan suami",News,8
"presiden prabowo kerahkan helikopter pribadi ke aceh , seskab teddy : itu sejak minggu pertama bencana",News,8
"said iqbal geram , upah pabrik panci lebih tinggi dari karyawan kantoran di jakarta : gak masuk akal",News,8
"penampakan sabotase jembatan bailey di aceh yang dibuat tni , baut-baut dilepas dan bahayakan warga",News,8
"soal bendera gam berkibar di aceh , pdip sentil pemerintah percepat penanganan pasca bencana banjir",News,8
respons panglima tni soal massa ' bendera bulan bintang ' bentrok dengan aparat : akan tindak tegas,News,8
"kpk panen kritikan gegara hentikan penyidikan kasus korupsi tambang , icw : alih-alih obyektif",News,8
sekjen pdip hasto dorong pemerintah buka pintu bantuan asing untuk korban bencana sumatera-aceh,News,8
kasad jenderal tni emosi baut jembatan bantuan banjir disabotase : gak nyangka ada orang sebi d b itu,News,8
"akses lumpuh , tni jalan kaki antar bantuan ke wilayah terisolasi di tapanuli tengah liputan 6",News,8
"jakarta sambut tahun 2026 , kali ini perayaannya berbeda liputan6",News,8
misa requiem romo fx mudji sutrisno digelar di kolese kanisius jakarta liputan6,News,8
"rekayasa lalin malam tahun baru di jakarta , ini skema pengalihan arusnya liputan 6",News,8
kapal pinisi wisata km dewi anjani tenggelam di labuan bajo liputan6,News,8
kadishub jakarta ungkap sebanyak 70 persen bus angkutan nataru tidak laik jalan liputan 6,News,8
drone bawah laut dikerahkan cari wn spanyol yang tenggelam di labuan bajo liputan6,News,8
kapolda ntt dan nelayan ikut cari pelatih valencia korban kapal tenggelam di labuan bajo liputan 6,News,8
"menit menit mencekam , angin porak porandakan desa di temanggung liputan6",News,8
pernak-pernik tahun baru liputan 6,News,8
ramai-ramai liburan tahun baru liputan 6,News,8
"libur sekolah , mbg tetap dibagi liputan 6",News,8
berdesakan cairkan bantuan langsung tunai liputan 6,News,8
jenazah romo mudji disemayamkan liputan 6,News,8
"sopir belum mahir , mobil tercebur liputan 6",News,8
"lansia 85 tahun terjebak api di rumahnya , warga putus asa liputan 6",News,8
keliling jakarta naik bus tingkat liputan 6,News,8
sidang duplik kasus prada lucky liputan 6,News,8
"detik-detik banjir terjang jembatan di sukabumi , warga terisolasi ! liputan 6",News,8
demo buruh tolak ump jakarta liputan 6,News,8
saat kantor kelurahan kebalen jadi lokasi pembuangan sampah dadakan liputan 6,News,8
pemerintah percepat proses pemulihan pascabencana sumatra liputan 6,News,8
identifikasi korban kebakaran panti wreda liputan 6,News,8
"tpa longsor , sampah tutupi jalan liputan 6",News,8
pria meninggal dunia akibat terserempet kereta api liputan 6,News,8
pasutri bobol rumah kosong liputan 6,News,8
polisi tetapkan dua tersangka dalam kasus pengusiran nenek elina di surabaya liputan 6,News,8
angin kencang rusak rumah warga liputan 6,News,8
remaja dianiaya belasan orang liputan 6,News,8
"tiga hari terjebak banjir , warga lansia dievakuasi liputan 6",News,8
bmkg ingatkan waspada hujan lebat-ekstrem di akhir tahun hingga awal tahun 2026 liputan 6,News,8
"update pembangunan jembatan bailey di sumatra , ksad maruli apresiasi kinerja anggota liputan 6",News,8
ratusan buruh lakukan aksi demonstrasi desak pramono anung revisi ump jakarta 2026 liputan 6,News,8
"jembatan bailey sumatra disabotase , ksad : "" saya tidak bisa tidur memikirkan ini "" liputan 6",News,8
ksad maruli simanjuntak tegaskan penanganan banjir sumatra tercepat dibandingkan bencana lain,News,8
"kejutan fakta mendagri soal dahsyatnya bencana sumatera , 22 desa hilang disapu banjir liputan6",News,8
"kemensos berikan tiga bantuan tunai pascabencana sumatra dengan total rp9,35 juta/ keluarga",News,8
"kemensos bagi-bagi rp450 ribu/orang tiap bulan korban bencana sumatera , untuk apa ? liputan6",News,8
"dukung program mbg , polri bangun 436 sppg serentak liputan 6",News,8
"dua helikopter di new jersey bertabrakan di udara , satu orang tewas liputan6",News,8
tegas panglima tni respons marak bendera gam berkibar di aceh : ada kelompok provokasi . . . liputan6,News,8
bnpb pastikan pencairan dana tunggu hunian ( dth ) akan diberikan langsung oleh bank kepada masyarakat,News,8
"cuaca ekstrem masih mengintai , pemerintah percepat mitigasi banjir susulan di sumatra liputan 6",News,8
menko pmk pratikno pastikan kegiatan sekolah di lokasi bencana sumatra dimulai januari 2026,News,8
"menko pratikno kebut pemulihan pascabencana sumatera , pastikan seluruh rsud pulih liputan6",News,8
"rusia klaim kuasai enam permukiman , ukraina serang kilang minyak liputan6",News,8
pesan penting seskab teddy di tengah penanganan pasca-bencana di sumatera aceh liputan6,News,8
dvi identifikasi 16 lansia korban kebakaran panti brigitte bardot meninggal dunia liputan6,News,8
"heboh , nenek diusir ormas dari rumahnya liputan 6",News,8
kantor presiden korea selatan resmi kembali ke blue house liputan6,News,8
menko pmk akui masih ada 22 kabupaten/ kota terdampak bencana sumatra perpanjang tanggap darurat,News,8
pesta pernikahan di tengah banjir liputan 6,News,8
"gara-gara warisan , paman ditikam liputan 6",News,8
berburu pernak-pernik tahun baru liputan 6,News,8
pacitan punya ' raja ampat ' liputan 6,News,8
"jelang tahun baru , stasiun senen ramai penumpang liputan 6",News,8
"kapal tenggelam di bajo , anak pelatih klub sepak bola valencia ditemukan liputan 6",News,8
hujan deras rendam tenda pengungsi palestina di khan younis liputan6,News,8
"bagian luar terbakar , mal sarinah tetap buka jakarta",News,8
"panti wreda terbakar , 16 lansia tewas liputan 6",News,8
"16 lansia tewas akibat kebakaran panti jompo di manado , dvi proses identifikasi liputan6",News,8
"as-ri lanjutkan negosiasi perdagangan resiprokal , untungkan kedua negara ? program spesial",News,8
aktris brigitte bardot meninggal dunia di usia 91 tahun liputan6,News,8
meledak amarah kasad maruli ada pihak jahat tega bikin ulah di tengah bencana sumatera liputan6,News,8
panglima tni emosi soal bendera gam berkibar di tengah bencana sumatera : tindak tegas ! liputan6,News,8
saint petersburg rusia bersolek di momen natal tahun baru liputan 6,News,8
tni kerahkan 37.910 personel untuk rekonstruksi pascabencana sumatra liputan 6,News,8
full kapolri kerahkan 1.500 personel tambahan ke wilayah bencana sumatera liputan 6,News,8
festival perang tepung meriahkan spanyol liputan6,News,8
full menko pmk umumkan update penanganan pascabencana sumatra liputan 6,News,8
ketum dpp madas bantah anggotanya terlibat pengusiran pembongkaran rumah nenek elina liputan 6,News,8
korea utara umumkan uji coba rudal terbaru liputan 6,News,8
korban banjir bandang ditemukan liputan 6,News,8
akademisi dan rohaniawan romo mudji sutrisno meninggal dunia liputan 6,News,8
"libya berduka , kepala militer tewas dalam kecelakaan pesawat di turki liputan6",News,8
"90 persen rencana damai 20 poin ukraina sudah disepakati , perdamaian di depan mata ? liputan 6",News,8
trump sebut peluang akhiri perang rusia-ukraina semakin dekat liputan 6,News,8
liga arab gelar rapat darurat tolak pengakuan israel atas somaliland liputan6,News,8
pencarian korban kapal tenggelam liputan 6,News,8
"gempa magnitudo 4,7 guncang agam liputan 6",News,8
pohon berusia 200 tahun tumbang liputan 6,News,8
gedung sarinah terbakar liputan 6,News,8
hunian sementara korban bencana liputan 6,News,8
korlap sppg dianiaya sekuriti liputan 6,News,8
"panti terbakar , 16 warga lansia tewas liputan 6",News,8
berwisata mengenal berbagai satwa liputan 6,News,8
bandara soetta ramai calon penumpang liputan 6,News,8
ancaman banjir susulan liputan 6,News,8
bmkg imbau waspada gelombang tinggi liputan 6,News,8
"libur natal usai , warga kembali ke jakarta liputan 6",News,8
"sejumlah kendaraan wisatawan tak kuat menanjak , polisi turun tangan liputan 6",News,8
tiga orang satu keluarga ditemukan tewas mengenaskan di rumahnya liputan 6,News,8
kasus ormas usir seorang nenek di surabaya naik ke tahap penyidikan liputan 6,News,8
"dalam program kasih natal , ypp sctv-indosiar membagikan ribuan paket sembako ke wilayah jabodetabek",News,8
"tiga bangunan di dekat rel kereta terbakar , layanan krl sempat terganggu liputan 6",News,8
"fokus rehabilitasi , puluhan alat berat dan logistik dikirim pmi untuk pemulihan pascabencana sumatra",News,8
"romo magnis pernah dikira hantu , tapi jatuh cinta pada indonesia pov",News,8
hujan deras picu banjir bandang susulan dan longsor di kabupaten agam liputan 6,News,8
"renyah di mulut , racun di perut buser investigasi",News,8
angin kencang tumbangkan pohon berusia 200 tahun di kompleks pemakaman gunung jati cirebon,News,8
young farmers can also make money expert says,News,8
the controller of prices ahead of eid and christmas expert says,News,8
the facts behind your food prices expert says,News,8
melody of struggle special project,News,8
"a week in new york : williamsburg sunsets , legendary pizza , jogging in central park najwa's notes",News,8
nameless lamp special project,News,8
future painter special project,News,8
uk ambassador's story on sanctions against israel after recognizing palestinian state bicara,News,8
initial steps to identifying new talents in indonesian badminton narasi daily,News,8
"president prabowo reshuffles again : erick thohir becomes minister of youth and sports , qodari bec . . .",News,8
behind the stages of champions special project,News,8
"menkeu bakal guyur rp200 triliun ke 6 bank umum , ini catatan kritis ekonom narasi daily",News,8
living heritage special project,News,8
"salah kaprah soal anarkis , anarko dan anarkisme narasi explains",News,8
when islam becomes russia s propaganda tool in ukraine,News,8
sebelum tirai terbuka special project,News,8
50 years of unstoppable generation special project,News,8
kisah yura yunita dan kahar tjandra : tidak berhenti memulihkan luka people,News,8
membongkar sisi lain 3 dokter spesialis : bukan hanya operasi dan obat people,News,8
dari kanvas ke medan perang : perjuangan seorang pelukis ukraina di garis depan people,News,8
"judi online itu penipuan : menang sesaat , hancur selamanya reality bites",News,8
"shalika aurelia , bek indonesia : menembus liga italia , filipina , hingga malaysia bicara",News,8
"not poor , not rich : the plight of the middle class , weighed down by economic burdens narasi exp . . .",News,8
"14 people charged since may day , medical volunteer mother speaks out narasi daily",News,8
having a toilet and septic tank = luxury ? this is the reality for residents in central jakarta . . .,News,8
"ruu kuhap : larangan siaran dicabut , pencekalan saksi ditolak narasi daily",News,8
dpr ri setujui rencana strategis 2025 -2029 narasi daily,News,8
"krisis fertilitas global , dunia bakal berubah selamanya ! narasi explains",News,8
"kebaya : gaya , nilai , dan warisan yang tak lekang oleh zaman narasi explains",News,8
"house members question sri mulyani : "" budget efficiency , why is debt increasing ? "" narasi daily",News,8
timur tengah dalam kepungan janji dan peluru narasi explains,News,8
"trump minta gencatan senjata , iran israel terus perang , arab diam genosida di palestina bicara",News,8
"milli , the thai rapper , cerita soal hubungan toxic di lagu menace narasi daily",News,8
experts : us involvement risks expanding conflict narasi daily,News,8
president prabowo and president putin's agreement narasi daily,News,8
"pulau kecil jadi rebutan di indonesia : banyak belum terdata , rentan picu konflik narasi daily",News,8
dari diskusi ke doxing : perubahan wajah x narasi daily,News,8
"blak-blakan eks anggota tgpf soal "" pemerkosaan massal 98 "" bicara",News,8
cerita jurnalis narasi di perbatasan gaza dan mesir narasi daily,News,8
wacana legalisasi judi : belajar dari sejarah indonesia narasi explains,News,8
"asuransi kesehatan gak lagi cair 100 % , perusahaan asuransi perlu siapkan kompensasi narasi daily",News,8
kisruh hak cipta musisi bukan sekadar rebutan royalti narasi daily,News,8
"tracing the death of soleh , a victim of human trafficking in cambodia",News,8
target ekonomi 8 persen vs lonjakan phk : sebuah kontradiksi ? narasi daily,News,8
"confession of uii student who filed a claim against the tni law , allegedly intimidated bicara",News,8
"kecelakaan maut mahasiswa ugm argo , kesepakatan damai bisa hentikan proses hukum ? narasi explains",News,8
"unsecured loans , maximum risk : sritex director's corruption exposed narasi explains",News,8
"ketum pbnu bicara genosida palestina , izin tambang ormas , prabowo , dan pemakzulan gus dur bicara",News,8
di balik kasus grup inses di facebook narasi explains,News,8
india mau kembalikan kasta di sensus : solusi inklusif atau langkah mundur ? narasi explains,News,8
"demi lawan korupsi , parpol dikasih duit negara ? narasi explains",News,8
"indonesia punya gelar terbanyak di sejarah indonesia open , tapi sekarang melempem narasi explains",News,8
"tni tawari anak korban ledakan di garut jadi prajurit , kaburkan akar masalah ? narasi explains",News,8
mengapa qris bikin amerika serikat ketar-ketir ? narasi explains,News,8
apakah kesehatan dan pendidikan bisa ditentukan gaji ? narasi explains,News,8
"polemik tentara bakal jaga kantor kejaksaan , kenapa bukan polisi ? narasi explains",News,8
kasus keracunan mbg . apa yang bikin makanan bergizi jadi beracun ? narasi explains,News,8
"china dan as sepakat redakan ' perang tarif ' , indonesia apa kabar ? narasi explains",News,8
benarkah indonesia jadi ' kelinci percobaan ' vaksin tbc bill gates ? narasi daily,News,8
"menteri umkm minta pemilik toko mama khas banjar disanksi administratif , bukan pidana narasi daily",News,8
"kasus pagar laut mandek , gagalnya koordinasi kejaksaan-polri , revisi kuhap jadi solusi ? bicara",News,8
"kasus pagar laut mandek , ada apa kejaksan dan polri ? narasi explains",News,8
"cerita arrington , orang amerika yang berburu musik mistis di indonesia people",News,8
mengenal paus leo xiv narasi daily,News,8
perang tarif as vs china : siapa yang menekan indonesia diam-diam ? narasi explains,News,8
"isi pidato pertama paus leo xiv : bawa pesan perdamaian , kenang paus fransiskus narasi daily",News,8
kenapa ai belum urgent masuk kurikulum pendidikan indonesia ? narasi explains,News,8
pemilihan paus tak selalu konklaf : ini sejarah penuh intrik di baliknya narasi explains,News,8
mengapa kpk terancam tak bisa lagi tangkap direksi bumn yang korupsi ? narasi explains,News,8
mengapa ormas identik dengan premanisme dan suka malak ? narasi explains,News,8
advokat minta dpr dorong pemerintah tindak tegas ormas yang meresahkan narasi daily,News,8
benarkah kb bisa mengentaskan kemiskinan ? narasi explains,News,8
di balik kisruh konser day6 jakarta narasi explains,News,8
kesaksian pengusaha yang dianiaya lantaran tagih utang narasi explains,News,8
"presiden prabowo ingin hapuskan sistem outsourcing , apa bisa ? narasi explains",News,8
there are still indonesian children who are both stunted and overweight . how is this possible ? .. .,News,8
"why are online motorcycle taxis and couriers still considered partners , not permanent employees ? .. .",News,8
"apakah efektif "" menyelamatkan anak nakal "" dengan pendekatan keras ala militer ? narasi explains",News,8
kenapa beberapa daerah ingin jadi daerah istimewa ? karena dana keistimewaan ? narasi explains,News,8
siapa itu buruh ? dari pekerja pabrik hingga karyawan scbd narasi explains,News,8
jasa raharja saves lives of accident victims through digital transformation bicara,News,8
"proyek meikarta : janji kota baru , realita cicilan tanpa unit narasi explains",News,8
"diplomas withheld , job opportunities difficult , discriminatory work requirements bicara",News,8
is a vasectomy dangerous for men ? what if they want to have more children ? narasi explains,News,8
"lg out , huayou in : the investment drama of indonesia's ev battery megaproject narasi explains",News,8
tariff wars : when economics becomes a political weapon narasi explains,News,8
"aplikasi pakai fitur biometrik iris , seberapa aman , sih ? narasi explains",News,8
apa saja warisan paus fransiskus selama 12 tahun memimpin tahta suci vatikan ? narasi explains,News,8
from dago elos to sukahaji : a series of embers of agrarian conflict in greater bandung narasi e . . .,News,8
komnas perempuan beri rekomendasi pembentukan tim pencari fakta kasus oci taman safari narasi daily,News,8
direktur jak tv jadi tersangka karena dituding bikin konten negatif soal kejagung narasi explains,News,8
"dari komoditas impor hingga non-tariff barrier , gimana potensi negosiasi dagang ri-as ? explains",News,8
"meksiko ungkap kasus infeksi belatung pertama pada manusia , kok bisa ? narasi explains",News,8
kisruh kursi dpr caleg pdip : kenapa ini bukan sekadar konflik internal partai ? narasi explains,News,8
azealia banks bilang indonesia jadi tempat sampah dunia . emang bener ? narasi explains,News,8
"nestapa eks pemain sirkus oci taman safari : dipukuli , dirantai , disetrum bicara",News,8
ratusan pelajar smp di buleleng enggak bisa baca narasi explains,News,8
kata menkomdigi soal perlindungan anak dan migrasi kartu sim fisik ke e-sim narasi daily,News,8
hanya ahli jiwa yang bisa menyebut dokter priguna punya kelainan sesual somnofilia narasi explains,News,8
jawaban ketua komisi iii dpr soal aturan penahanan dan hak tersangka dalam ruu kuhap narasi daily,News,8
rekap ekonomi indonesia 2025 di tengah perang tarif impor trump,News,8
"dirjen pajak catat 9,87 juta wajib pajak yang aktivasi coretax",News,8
"sinyal aceh tamiang kembali menyala , warga bisa berkomunikasi lagi",News,8
pln catat lonjakan pengisian daya kendaraan ev saat nataru,News,8
lika-liku rupiah 2025 : bergerak di tren pelemahan - sempat sentuh rp 17.000/usd,News,8
"purbaya tambah dau rp7,66 triliun untuk thr dan gaji ke-13 guru asn",News,8
"tambah produksi migas ri , pengusaha ungkap 2 cara penting ini",News,8
ramal posisi ihsg dan rupiah di perdagangan hari terakhir tahun 2025,News,8
"trump "" kopdar "" dengan netanyahu bahas gencatan senjata gaza",News,8
"china penyesuaian tarif impor , tarif 935 produk resmi turun",News,8
"operasi antiteror di turki , 3 polisi 6 militan isis tewas",News,8
"presiden iran sebut negaranya dalam "" perang "" lawan as israel",News,8
prabowo kerahkan helikopter pribadi ke aceh,News,8
kasad marah ada yang coba sabotase jembatan darurat,News,8
"gaji ke-13 dan thr guru asn cair rp 7,66 t",News,8
pemerintah audit 24 perusahaan perusak hutan sumatra,News,8
ekspor tekstil terganggu imbas pembatasan angkutan barang selama libur nataru,News,8
pemerintah klaim apbn untuk bencana sumatera capai rp 60 t,News,8
manufaktur mobil listrik china belum serap komponen lokal meski ada insentif,News,8
sektor otomotif dan elektronik raup untung terbesar dari ai,News,8
trump optimistis perdamaian ukraina makin dekat usai bertemu zelensky di florida,News,8
prajogo mau caplok emiten milik hapsoro - 22 desa hilang dampak banjir bandang sumatra,News,8
"prabowo bangkitkan industri maritim , pal indonesia tambah produksi kapal barang-perang",News,8
"buruh protes ump jakarta naik hanya rp 5,73 juta - najib razak dihukum denda rp 47 t",News,8
"lonjakan kendaraan nataru , jasa marga perkuat pengawasan tol nasional",News,8
"big stories 2025 : daya beli lemah , purbaya effect hingga unjuk gigi saham konglomerat",News,8
sebagian wilayah bencana sumatra masuk fase rehabilitasi rekonstruksi,News,8
produksi batu bara dan nikel akan dipangkas pada 2026,News,8
besaran gaji pns 2026 hingga hp produksi ri dijual di luar negeri,News,8
"tolak kenaikan ump 2026 , buruh ancam berunjuk rasa 2 hari beruntun",News,8
"ihsg menguat 1,25 % sambut akhir tahun , sentuh 8.644",News,8
tantangan potensi bisnis reasuransi hadapi perubahan iklim bencana alam,News,8
"banyak dicari pasien , emiten rumah sakit ini perluas layanan lab - bayi tabung",News,8
bahlil jamin ketersediaan bbm lpg saat nataru,News,8
cara reasuransi kelola risiko lonjakan klaim bencana alam,News,8
"mantan perdana menteri malaysia , najib razak dihukum 165 tahun penjara",News,8
"ikn diserbu warga untuk wisata libur nataru , otorita ikn bersiaga !",News,8
"survei kemenhub dkk : 42,01 % penduduk ri melakukan perjalanan saat nataru",News,8
"korlantas polri : 1,7 juta kendaraan sudah meninggalkan jakarta via jalan tol",News,8
destinasi wisata favorit pik2 menyambut pengunjung liburan akhir tahun,News,8
"saham konglomerat pesta akhir tahun , ihsg menguat ke 8.600-an",News,8
kabar baik ! 500 unit rumah siap dihuni korban banjir sumatra,News,8
"obrak-abrik afrika , israel akui somaliland merdeka",News,8
"pekerja ri didorong work from mall , airlangga ungkap tujuannya",News,8
"pakai teknologi ai , bisnis tambang makin cerdas dan berkelanjutan",News,8
"semenanjung asia memanas , china latuhan perang korut uji coba rudal",News,8
"hasil sertifikasi bebas radioatif udang , ri sudah kirim udang rp 3,6 triliun ke as",News,8
kecelakaan beruntun melibatkan 57 kendaraan di jepang,News,8
"gempa magnitudo 6,2 guncang peru hingga bus masuk jurang di guatemala",News,8
"bus penumpang terjun ke jurang di guatemala , 15 orang tewas",News,8
"harga emas pecah rekor , berpeluang tembus usd 5.000 di 2026",News,8
buruh siap demo berjilid tolak upah minimum jakarta dan jabar,News,8
"bikin as cs percaya produk ikan-udang ri , kkp jamin keamanan mutu",News,8
"pemerintah umumkan stimulus nataru , ada diskon hingga bansos",News,8
"arus nataru padat , contraflow tol jakarta cikampek diperpanjang",News,8
"jakarta tanpa kembang api saat tahun baru , digelar doa bersama",News,8
"prabowo panggil rosan , bahas kampung haji hingga hunian bencana",News,8
"trump zelensky bertemu di florida , klaim damai capai 90 %",News,8
somalia dan 20 negara tolak pengakuan israel atas somaliland,News,8
"ukraina terus digempur , zelenskyy sebut rusia tak ingin akhiri perang !",News,8
"investor liburan , profit taking masih hantui ihsg akhir tahun 2025",News,8
"pemilu myanmar dimulai , junta klaim demokrasi kembali",News,8
"ri diancam banjir , longsor hingga gempa , asuransi bencana sudah wajib ?",News,8
"rupiah terjebak di rp16.700-an per dolar as , bisa menguat di 2026 ?",News,8
"transformasi digital pemerintah , keamanan data literasi digital apa kabar ?",News,8
"dukung ebt era prabowo , sektor plts siap ekspansi hingga daerah 3t",News,8
"cegah phk industri otomotif , pengusaha minta stimulus daya beli pasar domestik",News,8
tips gali potensi cuan investasi terkait unit link,News,8
"jangan cuma fomo , bos futures bagi jurus investasi emas saat harga tinggi",News,8
pengusaha ungkap potensi ikn jadi pusat industri kesehatan-pariwisata,News,8
ri butuh investasi rp 3.000 triliun untuk ebt perkuat ketahanan energi,News,8
"mau ekonomi ri 2026 di atas 5 % , bisnis sektor swasta jadi kunci",News,8
"pakai plts atap , industri bisa hemat biaya listrik rp 500 juta per tahaun",News,8
bos kawasan industri beberkan syarat investor agar mau masuk indonesia,News,8
"cegah kerawanan pangan , pemerintah pantau stok harga pakai digital supply chain",News,8
pr pemerintah capai target bauran ebt swasembada energi,News,8
libur nataru aman dan nyaman bersama pelni,News,8
hitung untung rugi saat emas indonesia kena bea keluar,News,8
inovasi payment gateway permudah genjot transaksi digital 2026,News,8
siasat pengusaha es krim agar lebih cuan efisien hadapi 2026,News,8
"digitalisasi 2026 , kemenkes perluas cek kesehatan gratis-satusehat",News,8
inovasi eksportir tuna gurita penuhi permintaan olahan ikan berkelanjutan as-eropa,News,8
logistik mahal masih jadi kendala produk desa tembus pasar ekspor,News,8
"agar efisien tekan emisi , pengusaha pelayaran kembangkan kapal ramah lingkungan",News,8
"tidak usah keluar kota , mall bisa jadi alternatif untuk libur nataru",News,8
perang bintang ' ponsel layar lipat,News,8
"misa natal pertama paus leo , sampaikan pesan untuk warga gaza",News,8
"ketika 130 ribu warga aceh tewas , karena tsunami",News,8
"percepat pemulihan pasca bencana , polri kembali berangkatkan personel ke sumatra",News,8
krisis ram bikin konsumen hp-laptop gigit jari,News,8
"aturan kerap berubah , tantangan penambang nikel ekspansi bisnis",News,8
"pengusaha kakap "" tunda "" ekspansi 2025 , bankir ungkap efeknya",News,8
"ekspor ke china-as terus naik , ri dorong pengusaha muda masuk bisnis udang",News,8
bank - asuransi kompak beri keringanan bagi nasabah banjir sumatra,News,8
peluang berlanjutnya era suku bunga rendah di 2026,News,8
"bos mi yakin ihsg segera tembus 9.000 , ini faktor pendukungnya",News,8
"banjir sumatra , kementerian pu siapkan rp 300 miliar perbaiki irigasi bendungan",News,8
top woman talk rista qatrini : keputusan ayah di detik terakhir yang mengubah hidup saya,News,8
3 syarat produk dari desa bisa masuk pasar jepang-afrika,News,8
jurus pengusaha logistik lokal ekspansi bisnis pelayaran ke india-brunei,News,8
bnpb : indonesia alami 3.176 bencana hingga 24 desember 2025,News,8
dana tunggu hunian rp 600 ribu per bulan untuk korban bencana sumatra,News,8
pemerintah berencana beras menjadi satu harga,News,8
menkomdigi : jaringan telekomunikasi di aceh tamiang berangsur pulih,News,8
penyebab bendera gam berkibar saat penanganan bencana,News,8
kronologi kasus sengketa tanah nenek elina yang diusir ormas,News,8
"bmkg ungkap bibit siklon 96s aktif , waspada hujan lebat dan gelombang tinggi",News,8
gus yahya : kepengurusan pbnu kembali seperti semula,News,8
pelatih valencia belum ditemukan di perairan padar,News,8
eks pm malaysia najib razak divonis 15 tahun kasus 1mdb,News,8
"hotel puncak bogor terapkan late check-out , atasi macet nataru",News,8
"planetarium jakarta kembali dibuka , warga antusias jelajahi antariksa",News,8
"bmkg prediksi jakarta hujan pagi ini , awet hingga malam",News,8
jalan longsor hambat mobilitas warga balah aia padang pariaman,News,8
"tren experience economy , rekreasi mendorong ekonomi ? jelasin dong !",News,8
kamboja thailand sepakati gencatan senjata,News,8
cara tempo menghadapi teror kepala babi dan membongkar skandal mbg sampai demo agustus bap,News,8
program diskon nasional dorong target belanja masyarakat rp 110 triliun,News,8
"menpar : bali tidak sepi , hanya ada penurunan kunjungan wisnus 2 persen",News,8
tni diduga pukul warga yang konvoi bawa bendera gam,News,8
tuduhan tppu dalam kasus donasi perusahaan maming ke pbnu bicara perkara,News,8
bagaimana mencegah pelecehan seksual di lokasi bencana,News,8
wagub hellyana akan ajukan praperadilan kasus ijazah palsu,News,8
update penanganan bencana di sumatera,News,8
kepercayaan terhadap pemerintah digerus kondisi ekonomi cakap-cakap,News,8
kpk akan cek informasi dugaan aliran uang rk ke aura kasih soal kasus bjb,News,8
pembalakan hutan 31 perusahaan pemicu bencana sumatera tukang kupas perkara,News,8
bisakah tempe jadi warisan budaya dunia unesco,News,8
bangun tidur setelah bencana opini tempo,News,8
sumbar minta rencana pembongkaran jembatan warisan budaya dunia dikaji,News,8
"permintaan telur untuk menu mbg mencapai 127,3 ribu ton",News,8
paus leo xiv pimpin misa natal pertamanya,News,8
terowongan silaturahim dibuka selama perayaan natal 2025,News,8
mengapa saat natal identik dengan santa claus ?,News,8
pemerintah layangkan aduan ke otoritas inggris soal aksi bonnie blue,News,8
cara jitu terhindar penipuan online explained,News,8
polisi kirim bantuan logistik lewat udara ke palambayan sumatera barat,News,8
"pramono umumkan ump jakarta 2026 naik jadi rp 5,72 juta",News,8
p2g : program mbg bikin guru kehilangan satu jam mengajar,News,8
pilot dan kru helikopter bagikan al-quran untuk anak-anak di aceh tamiang,News,8
"kasus ade kuswara , kpk temukan jejak komunikasi dihapus di ponsel kadis",News,8
"banjir kota cirebon surut , petugas masih disiagakan",News,8
hunian sementara mulai dibangun untuk warga terdampak bencana sumatera,News,8
jalan buntu kasus munir opini tempo,News,8
cerdas bermedia di era viral,News,8
efek pembatasan angkutan barang,News,8
korban kecelakaan bus cahaya trans di tol krapyak akan dapat santunan,News,8
cuaca ekstrem membayangi libur natal dan tahun baru,News,8
polri dan tni revitalisasi puskesmas pascabencana di wilayah aceh,News,8
kabupaten agam perpanjang tanggap darurat lantaran banyak yang belum tertangani,News,8
pramono sebut jakarta siap serap komoditas wilayah terdampak bencana,News,8
pramono imbau warga jakarta tanpa kembang api tahun baru,News,8
dampak bencana sumatera terhadap satwa liar,News,8
antisipasi dua gelombang mudik libur natal tahun baru,News,8
wisatawan mulai padati malioboro yogyakarta akhir pekan ini,News,8
wakil gubernur aceh tercebur ke sungai saat meninjau banjir,News,8
kapolri ingatkan jajaran waspadai potensi bencana akhir tahun,News,8
sar jelaskan penyebab kecelakaan bus cahya trans di semarang,News,8
jejak zulkifli hasan di hutan putar balik,News,8
pembatasan angkutan barang berlaku hingga 4 januari 2026,News,8
pesona calton hill edinburgh di musim dingin,News,8
"lonjakan penumpang kai jelang nataru , kursi sisa 127 350",News,8
"tiupan peluit menandai berakhirnya sea games 2025 thailand , selanjutnya di malaysia",News,8
bnpb : belum ada laporan korban jiwa akibat banjir bandang di guci tegal,News,8
gerakan perlindungan pers desak pemerintah jamin kebebasan jurnalis,News,8
bupati bekasi dan ayahnya ditetapkan tersangka suap oleh kpk,News,8
nasib mobil listrik tanpa insentif jelasin dong !,News,8
polisi kantongi identitas pelaku pembakaran di kalibata,News,8
campur tangan dpr dalam pengusutan kembali pembunuhan munir said thalib bocor alus politik,News,8
"93s bisa picu cuaca ekstrem di jawa barat , ini imbauan bmkg",News,8
relokasi warga aceh tamiang menunggu kesepakatan soal lahan,News,8
mengapa jumlah pekerjaan bergaji rendah meningkat,News,8
ott bupati bekasi diduga terkait dengan suap proyek,News,8
muhammadiyah inginkan status bencana sumatera sebagai bencana nasional,News,8
kepala bgn : turnamen golf sumbang rp 200 juta untuk bencana,News,8
kudus menuju sport tourism ketika olahraga menyatukan kota,News,8
indonesia penuhi target 80 medali emas sea games 2025,News,8
klh angkut 116 ton sampah menumpuk di tangerang selatan,News,8
sumbar sumbang dua ton rendang bagi korban bencana alam di sumatera,News,8
tempo eksplainer : bagaimana kutub utara kini malah memacu pemanasan global,News,8
"makan bergizi gratis serap rp 52,9 triliun dari anggaran di apbn",News,8
partai buruh akan gelar unjuk rasa tolak formula ump 2026,News,8
fakta baru yang menambah kejanggalan kematian arya daru tukang kupas perkara,News,8
tebus dosa mahkamah konstitusi opini tempo,News,8
dua sisi dampak kemajuan teknologi artificial intelligence,News,8
bandara ngurah rai maskapai ajukan 510 extra flight di periode nataru,News,8
tempo eksplainer : bagaimana menentukan kepengurusan yang sah dalam dualisme pbnu ?,News,8
"bgn : 82,9 juta siswa terima mbg tahun 2026 , anggaran rp 335 triliun",News,8
"bibit siklon tropis putar arah , bali banjir lagi",News,8
ini yang terjadi jika pekerja informal indonesia semakin banyak explained,News,8
studi : sungai dan air tanah jakarta tercemar berat,News,8
kompolnas dukung enam polisi pengeroyok mata elang disanksi maksimal,News,8
dedi mulyadi minta angkot di puncak stop operasi saat nataru,News,8
wawancara anwar usman soal intervensi jokowi di mk bocor alus politik,News,8
robi syianturi lelang jersei emas sea games 2025 untuk sumatera,News,8
pssi sebut calon pelatih timnas indonesia diumumkan paling lambat januari 2026,News,8
prabowo minta papua ditanami sawit dan singkong demi swasembada energi,News,8
2 rangkaian krl baru buatan pt inka layani rute lintas bogor,News,8
ilusi pertumbuhan lewat kelas berduit opini tempo,News,8
berbagai risiko penerapan nomor identitas tunggal,News,8
kisah dika si bocah ular putus sekolah cari ular demi uang jajan,Animals,0
rhodostoma snake bite victim almost fainted when treated ! !,Animals,0
desperately fishing in a sea snake's nest ! ! panji catches lots of red snapper,Animals,0
update kondisi dua orang korb4n gigitan ular yang panji tolong,Animals,0
bitten by a cobra while climbing a mountain ! ! this young man survived because of using this method,Animals,0
pengalaman pertama mancing ikan di sarang ular bareng tarzan pangandaran,Animals,0
dikira asam urat ternyata tergigit ular cobra penyembur ! !,Animals,0
they managed to survive the bite of a highly poisonous snake ! !,Animals,0
hunting for natural food on the slopes of mount galunggung ! !,Animals,0
afraid of having his leg operated on ! ! a cobra bite victim asks the panji team for help .,Animals,0
wildlife survival ! ! find snakes in the green canyon river in pangandaran,Animals,0
a 60-year-old grandmother couldn't withstand the pain from a viper tree snake bite ! !,Animals,0
panji berhasil taklukin sapi terbesar di rumah a irfan hakim ! !,Animals,0
looking for ancient fish in the form of snakes that resident mount galunggung ! !,Animals,0
wrong first aid makes this snake bite victim's feet bluster ! !,Animals,0
hunting large wild boar that often disturb residents ' gardens ! !,Animals,0
digigit ular cobra sampe pingsan ! ! korban sampe galang dana buat biaya rumah sakit ! !,Animals,0
70-year-old grandmother bited by a spraying cobra ! ! his legs are swelling and fusing,Animals,0
"seconds of capturing the king cobra , a monster who residents in narrow caves ! !",Animals,0
"bitten by a viper snake , making it difficult to walk ! ! the victim has given up ! !",Animals,0
we all got strange mushroom poisoning while visiting tiger jinora at alshad's house,Animals,0
help the victim of a cobra snake bite ! ! his hand is already broken and burns ! !,Animals,0
desperate in catching this snake ! ! panji and the team nearly could get out of the forest,Animals,0
nenek ini diterkam buaya muara saat mandi disungai ! ! beruntung masih bisa tertolong,Animals,0
bited by a red-tailed green viper snake ! ! this mother can't afford to pay for anti-venom serum ! !,Animals,0
the consequences of recklessness in searching for snakes in the mass grave of the sampit tragedy . . .,Animals,0
flashback petualangan dua pawang ular dede inoen x panji petualang,Animals,0
"tutorial : survive a cobra spread ! ! panji's eyes red , almost blinded",Animals,0
large king cobra terror makes residents unrestic ! ! panji snake rescue compilation,Animals,0
akibat nekat tangkap ular kobra tanpa pengaman ! ! tangan bapak di kawarang nyaris di amputasl,Animals,0
panji care for a standard baby orangutan ! ! cobra bite victim needs another surgery ? !,Animals,0
dream team witnessed panji petualang's fear until he cried because of this ! !,Animals,0
i' ve never been like this ! ! due to a bite from a red-tailed green viper snake ! !,Animals,0
"update on the condition of teh dina , a victim of a javanese cobra bite ! !",Animals,0
bitten by a large king cobra ! ! this man immediately asked for treatment ! !,Animals,0
due to his reckless catching a cobra ! ! this young man was bitten so much that had to have his fin . . .,Animals,0
weakness over her whole body ! ! this grandma is afraid of her leg being amputed due to a viper gro . . .,Animals,0
almost paralyzed and unable to move ! ! the victim of the ground snake bite needs immediate treatment,Animals,0
rinjani squad witnesses ! ! red magician exposes panji petang's tricks ! !,Animals,0
testimony of agam rinjani tyo survival during the evacuation of juliana marins,Animals,0
look at the snake bite victims whose legs are at risk of amput ing ! !,Animals,0
viper snake victim who survived death ! ! it could be amputed if it was treated late ! !,Animals,0
viral cobra spouted until it brought a hole ? ! panji immediately helped his house,Animals,0
leg threatened to be amputed ! ! help victim of cobra snake bite sprayer,Animals,0
"terror of the basement guardian pocong ! ! panji brings a big snake , kang sule panics",Animals,0
help victims of red tailed green snake bite ! ! victims can't withstand the pain,Animals,0
king cobra reaction released in front of predator fish ! ! panji until his handle is overwhelmed,Animals,0
panji adventurer reveals the mystery of the snake that guards bawean island,Animals,0
the moments panji was bited by an anaconda snake ! ! amar was also attacked by a golden ring snake ! !,Animals,0
help victim of cobra snake bite sprayer ! ! victim hysterical in pain ! !,Animals,0
rescue king cobra snake goes under the bed ! ! makes pekanbaru residents panic,Animals,0
helping viper snake bite victims in tanah purwakarta until they are healed,Animals,0
sumatran king cobra monster is difficult to control ! ! its large exceeds garaga ! !,Animals,0
help the worst viper snake bite victim ! ! the swelling has reached the body,Animals,0
rescue a large python entering a pekanbaru resident's kitchen ! !,Animals,0
desperately looking for a big king cobra in the devil's nest ! !,Animals,0
rescue of a jumbo-sized cobra snake that entered a well during a storm,Animals,0
invite dede inoen to look for snakes but ended up eating rujak kangkung,Animals,0
get to know the jarmok tribe dede inoen ! ! eating roasted zebra caught naturally,Animals,0
bitten by a vicious viper snake dede inoen falls down and resignes,Animals,0
searching for the existence of human-eating python snakes in sulawesi final part,Animals,0
swelled hands from viper snake bite ! ! 60 year old man helped by panji and team,Animals,0
scared of his leg being cut off ! ! this land snake bite victim asks for us to help,Animals,0
searching for tracks of huge python snakes that predate man in sulawesi,Animals,0
"it's so sad that a 72 year old grandfather was bitten by a land viper snake , his legs were swolle . . .",Animals,0
"help a cobra bite victim , his hands are broken",Animals,0
revealing the mystery of the makassar grandmother crocodile that was captured by grandmother pawang,Animals,0
"land snake bite victims have been cured , but there are more who need help",Animals,0
treatment for snake mouth with mouth ures a large python enters school,Animals,0
monster king cobra garaga's reaction when held by miss eco international,Animals,0
bastian's monkey is rageous ! ! panji was attacked by the smell of snakes ! !,Animals,0
it's so sad to be bited by a viper ground snake for a month ! ! the victim resigned to be held by p . . .,Animals,0
the ferociousness of the kalimantan king cobra monster from the bontang city fire damkar rescue r . . .,Animals,0
"bring the fierce king cobra to school , make all students fearful",Animals,0
the rupiah behind the promising jumbo geck business,Animals,0
"fatal attack of king cobra , the forest dweller panji petalang x heru bandul",Animals,0
ganasnya king cobra lereng gunung merbabu ! ! kolaborasi panji petualang x tyo survival,Animals,0
"make it angakak dede inoen became king bos , intent to find snakes and even wholesale cars",Animals,0
king cobra besar ini masuk kamar kang dedi mulyadi ! ! begini kondisinya sekarang,Animals,0
all king cobras are afraid of dede inoen when two wizards unite,Animals,0
look for snakes in kuyang's nest a collaboration of 5 adventurers in a full movie,Animals,0
survival alam liar berburu makanan alam penuh gizi dapat banyak belut,Animals,0
fatal attack of the large king cobra occupied by the cage,Animals,0
"conquer the large king cobra , result of a rescue with brimob sukasari",Animals,0
bring top alaskan malamute dog run to ngosngosan,Animals,0
rescue huge king cobra monster that entered the wood storage warehouse,Animals,0
panji petelang shows super extreme action ! ! den dimas didn't expect it,Animals,0
panji petadang surveys snake prices in the reptile market,Animals,0
beyond reason mr . tarno can walk up stairs and speak fluently,Animals,0
visiting the cobra snake herbal traders in mangga besar jakarta,Animals,0
evakuasi beruk terlantar pemilik tew4s di dililit ular besar,Animals,0
rare anti-venin serum panji of help for three victims of venomous snake bite,Animals,0
beyond reason pak tarno can walk again after being medicined by kang haris,Animals,0
here is a dog lover's paradise very affordable 2025 dog adoption prices,Animals,0
lost in a haunted forest while looking for snakes with alshad ahmad full part,Animals,0
finally can cook freshwater shark pindang,Animals,0
mendadak sembuh dari sakit kilas balik 2024,Animals,0
meeting sumanto during an expedition to search for the large king cobra guarding the bamboo forest,Animals,0
follow dede inoen survival in the wild looking for river shrimp!panji nearly forest tomato poisoning,Animals,0
"due to being reckless in following dede inoen in searching for anti-venom , panji snakes lost and . . .",Animals,0
turning the tiger enclosure into a snowy scene ? ! do all tigers really love the cold ? !,Animals,0
"happy 9th birthday , jinora ! this is how much it costs to take care of a tiger for 9 years !",Animals,0
the beauty of animals at bandung wildlife park ! it's calm !,Animals,0
"the first time tigers try duck meat ! it s like chicken , but why is their reaction so different ? !",Animals,0
sos ! bandung zoo is dying ! staff pitch in for animal feeding costs ? !,Animals,0
k9 dog reno falls in the line of duty during the sumatera disaster !,Animals,0
a new baby deer is born ! this one looks different will it survive ?,Animals,0
fighting to save a newborn deer ! will it survive ? !,Animals,0
selen's 4th birthday ! everyone is feeding selen ! her first time enters the cage with selen,Animals,0
where is the deer being taken ? ! the tense deer capture process !,Animals,0
"the unique personalities of tigers when eating meat ! some dramatic , even getting angry ? !",Animals,0
is taking care of a tiger hard ? here s what a day of tiger care looks like !,Animals,0
going around with irfan hakim bringing all the animals at the expo !,Animals,0
chester doesn t recognize alshad ahmad anymore ? ! the wolf almost got bitten by a big dog !,Animals,0
alshad joins the biggest animal expo in southeast asia with allen !,Animals,0
selen teona s condition after the medical treatment ! getting better or worse ? !,Animals,0
oh no ! is teona selen getting the same illness jinora had ? ! here s her condition !,Animals,0
"a special food mix for tigers ! if even tigers love it , imagine your cats ! allen s secret recipe !",Animals,0
interviewing all the animals ! eshan finally reveals his true feelings to his keeper ! !,Animals,0
meerkat vs snake ! are meerkats immune to snake venom ? ! who will win ? !,Animals,0
"all the celebrities who ve met selen ! some were scared , some were brave , one even got bitten ! !",Animals,0
closed for 2 months ! here s the current condition of bandung zoo !,Animals,0
"visiting jinora ends in tragedy after eating mushrooms with panji , dede inoen , yulinar , and arkaw",Animals,0
feliciwa brings a duck to the tiger enclosure ! selen is excited for a mukbang !,Animals,0
hasil lab jinora . . .,Animals,0
update on jinora condition after medical treatment ! is she getting better or worse ? !,Animals,0
jinora s condition is getting worse ! alshad and his team immediately take special action for jinora !,Animals,0
"jinora is weak and refuses to eat , please pray for a speedy recovery guys",Animals,0
here s the reason the leopard escaped at lembang zoo ! caught on thermal camera ! latest news,Animals,0
eca aura masuk kandang harimau ketemu selen ! ada 1 korban akibat selen !,Animals,0
3 orang ini kena mental ketika di ospek di dalam kandang harimau ! syarat jadi karyawan alshad ? ?,Animals,0
race against a tiger inside the enclosure ! all participants got traumatized ? !,Animals,0
# teamwater mr . beast collaborates with alshad ahmad for this noble project ! 650 billion ! ?,Animals,0
"alshad meets 2 white tiger cubs ! immediately reminded of baby selen ! so adorable , but . . .",Animals,0
hari harimau sedunia ! ini perjalanan alshad di konservasi harimau !,Animals,0
the meeting of two rare golden eagles in indonesia ! only 2 left in the entire country ? !,Animals,0
momen-momen epic tiger cage ! ada yang sampai terperangkap berjam-jam di tiger cage ! sampe nangis ?,Animals,0
agam rinjani and tyo survival share stories about dangerous animals on mount rinjani !,Animals,0
boy william becomes the first to face 3 tigers in the tiger cage ! teona joins the tiger cage,Animals,0
"r7 tatsumaki the strongest exp laner , challenges eshan jinora inside the enclosure ? ! who will win ?",Animals,0
"happy 8th birthday , eshan ! the bravest and most annoying tiger ever !",Animals,0
eshan and jinora are already halfway through their lives ? ! the journey of 4 tigers from cubs to now !,Animals,0
"these objects scare tigers ! eshan , jinora , selen , and teona back off immediately when they see this !",Animals,0
swimming race against a wolf ! chester turns out to be a great swimmer ! ruby still afraid of water ? !,Animals,0
jumbo beef satay special for tigers ! the meat is super tender ! why is jinora going wild ? !,Animals,0
1 ton qurban cow ! it took 10 people to bring down doser ! but he got back up again !,Animals,0
watching wild animal using night vision ! they look so different here ! eshan eyes even glow !,Animals,0
update on the baby meerkats ' at the meerkat kingdom ! their eyes are starting to open !,Animals,0
new members in the meerkat kingdom ! unexpected birth of 2 baby ! the meerkat suddenly aggressive ? !,Animals,0
david da silva takes a photo with selen the maung bandung ! selen nervous meet the persib striker ?,Animals,0
irfan hakim keeps a shark at home ! japanese koi become shark food ! feels like seaworld !,Animals,0
herping with @ panjipetualang_real a cobra slithered past my feet ! one wrong move and it's game over !,Animals,0
photo session bareng selen edisi persib juara,Animals,0
"is this the zoo system of the future ? ! from here , we can observe the animals ' mental states !",Animals,0
alshad dares to enter a barrel and run inside the tiger enclosure ! almost caught by teona ! ?,Animals,0
alshad looking for a cow for qurban ! finally finds a 1 ton jumbo cow in this place ! top quality !,Animals,0
meerkat vs scorpion ! are meerkats really immune to scorpion venom ? ! here's the proof !,Animals,0
proving whether tigers are afraid of torch fire ? ! could this help you survive a wild animal attack ? !,Animals,0
bukber team alshad di 2025,Animals,0
timbang berat badan semua satwa ! berat teona sudah hampir menyusul eshan ? ! insiden cameraman !,Animals,0
es susu untuk harimau di bulan puasa ! selen ga berenti jilatin es susu saking sukanya ! !,Animals,0
buka bareng bersama team !,Animals,0
ngabuburit bareng selen diajak jalan2 keluar kandang ! eshan ngamuk pengen ikut juga !,Animals,0
bawa beruang kucing buat cari takjil di bandung ! orang2 sampe bingung binatang apa itu ? !,Animals,0
6 tahun alshad tidak bertemu dengan kakaknya ! akhirnya bertemu langsung diajak maen bareng selen ! !,Animals,0
seharian puasa full bareng teona ! menu sahur dan buka puasa makan daging rusa ? !,Animals,0
berburu takjil bersama 2 serigala chester ruby ! borong takjil sambil prank bayar pake uang asing !,Animals,0
alshad beli rusa baru ! ini cara penangkapan rusa bersama para ahlinya ! salah dikit bisa fatal !,Animals,0
alshad tinggalkan selen dan teona berdua di kandang tanpa penjagaan ! ini titik ter barbar mereka !,Animals,0
cari sapi untuk qurban ! nemu sapi raksasa 1 ton keatas ! sapinya ngamuk ? !,Animals,0
mainan baru di kandang harimau ! bekas g1g1tan taring eshan menyeramkan ! semua harimau happy !,Animals,0
herping bersama 5 petualang ! kolaborasi epic awal tahun ! irfan hakim keracunan karena tumbuhan ini,Animals,0
kondisi satwa di kebun binatang sebelum buka di pagi hari ! semuanya siap keluar kandang !,Animals,0
selen x teona ! 2 bocil harimau menggemaskan yang memiliki sifat bertolak belakang ! !,Animals,0
semua harimau bingung ! ada aroma2 baru di kandang harimau ! jinora langsung sibuk melakukan hal ini,Animals,0
selen mulai mengimbangi kekuatan teona ? ! kita udah tidak jaga mereka lagi ! !,Animals,0
selen teona makin akur # shorts,Animals,0
kekuatan harimau umur 1.5 tahun bisa narik mobil berat 2.2 ton ? ! alshad ikut keseret teona ! !,Animals,0
apakah harimau bisa makan daging matang ? ! ini reaksi harimau ketika dikasih daging rebus matang ! !,Animals,0
tempat yang mempunyai gorila satu satunya di indonesia ! tenaga nya setara dengan 20 manusia dewasa,Animals,0
begini proses memasukan satwa2 ke kandang malam setelah kebun binatang tutup di sore hari !,Animals,0
bawa serigala si chester ruby ke villa ! 2 jam lari2 non stop sampe alshad kewalahan ! !,Animals,0
kunjungan pak wagub jabar ! semua satwa disuapin makan oleh pak wagub tapi eshan malah . . .,Animals,0
diajak dede inoen ke gunung ! makan makanan mentah yang nemu di hutan ! alshad k3racunan ? ?,Animals,0
taun baru kandang baru untuk binturong ! naya langsung sirkus karena kesenengan ! !,Animals,0
herping ke hutan tempat pembuangan m y t bersama panji petualang ! tersesat di tengah hutan ! !,Animals,0
aisar khaled kena mental dimasukin ke tiger cage ? ! satwa2 diajak tinju semua ! !,Animals,0
level selanjutnya ! teona selen dikasih bola untuk bermain bareng tapi malah rebutan sampe b3r4ntem ?,Animals,0
cerita dibalik kesuksesan penggabungan selen dan teona,Animals,0
titik puncak penggabungan teona selen ! persiapan selama ini ditentukan sekarang ! selen kalah ? !,Animals,0
reaksi harimau ketika mendengarkan macam2 genre musik ! selen ngerti musik ? !,Animals,0
apakah bisa selamat dari harimau jika kita berlindung diatas pohon ? ini ketinggian harimau melompat !,Animals,0
ini saatnya penggabungan meerkat ! setelah digabungkan malah hal ini yang terjadi !,Animals,0
mencari ular bersama panji petualang di hutan ! malah melihat sesuatu yang misterius ? !,Animals,0
happy birthday selen ! semua sayang selen,Animals,0
selen core ! kumpulan video2 kelakuan unik selen ! dari pas tiba disini sampai saat ini !,Animals,0
program penggabungan selen teona tahap 3 ! momen2 menegangkan bikin alshad panik ! !,Animals,0
baby burung unta berjemur untuk pertama kalinya ! jalan nya masih oleng ? ! !,Animals,0
bring the giant golden eagle to the mall in bandung ! everyone step away ? !,Animals,0
penantian 6 tahun ! akhirnya alshad berhasil mengembang biakkan dinosaurus modern !,Animals,0
maaf dehakims aviary tutup,Animals,0
abis lebaran malah pintu aviary di bongkar . . ? ? mau ada apa nih . . ! ?,Animals,0
""" tenang banget "" . . dehakims aviary kedatangan para penghafal quran . . ! !",Animals,0
tantangan malam takbiran di aviary ? ! intisary # 13,Animals,0
ternyata burung ini bermalam di doom aviary ! ! ato murung ? ! intisary # 12,Animals,0
"!ni par4h nih . . asik intip burung , eh kang pio gak dibangunin sahur ! ! intisary # 11",Animals,0
"yakin liat s3t4n ? ! kalo liat putih-putih diatas pohon , bisa jadi burung ini . . ! ! intisary # 10",Animals,0
gak dapet burung . . alahamduillah dapet paus sama singa . . intisary # 9,Animals,0
malah pada galau ? ! bukannya nyari burung . . intisary # 8,Animals,0
fakta unik saat sulcata tidur . . disiplin ! ato menghilang ! ! intisary # 7,Animals,0
waduh . . ada burung kepalanya hilang ? ? intisary # 6,Animals,0
"ato sendirian keliling aviary malam-malam , ada yang aneh ? ! intisary # 5",Animals,0
muncul juga . . burung di aviary yang bikin bulu kuduk berdiri intisary # 4,Animals,0
"terharu . . ! ! air mata tarzan spanyol jatuh di aviary "" ini terlalu indah ! """,Animals,0
"ato ternyata banyak tahu tentang burung , ngalahin kang pio ? ? ! ! intisary # 3",Animals,0
ada burung ababil di aviary dehakims ? ? ? intisary # 2,Animals,0
"ngintip burung-burung waktu sahur di aviary , eh tapi malah . . . intisary # 1",Animals,0
"yadi sembako : "" awal nonton di layar sekarang liat langsung aviary . . ! "" boleh nginep ga a . . ?",Animals,0
maudy koesnaedi datang . . ! ! photoshoot di aviary ! ! sampe nahan nangis,Animals,0
berawal dari viral ! ! 10 murai batu jadi penuhi dua lantai di batang !,Animals,0
langka ! ! di alam liar bertemu 2 gelatik jawa yang cantik . . ! !,Animals,0
peternakan burung purba terbesar di dunia . . ! ! exclusive animal . . ! !,Animals,0
ternyata di bali ada peternak murai batu ekor panjang yang sukses besar !,Animals,0
pagi-pagi kedatangan bapak raja juli . . menteri kehutanan ke aviary dehakims,Animals,0
siap2 jalak bali akan gw umbar di depan pendopo . . ! !,Animals,0
pemandangan luar biasa . . ! rumah pohon terbaru karya herry rasio di serbu puluhan burung aviary . . !,Animals,0
kejutan awal tahun dari cak herry rasio . . ! rumah pohon jauh lebih natural,Animals,0
kebelet k4win ni burung . . ! kembali ke sarang lama ternyata ada telor lagi . . !,Animals,0
"dari 1983 , bikin sangkar burung sultan ! tapi gak kenal sama sekali dengan burung !",Animals,0
"seru ! owner floki musso jelajah dehakims aviary , sampe pengen bikin sendiri !",Animals,0
pemandangan luar biasa . . detik-detik jalak bali 2.0 keluar sarang untuk pertama kali !,Animals,0
"fantastis ! anis merah dan murai batu : burung seharga mobil , sesulit ini merawatnya !",Animals,0
seru abis ! tompi keluarga di aviary dehakims . . . ! ! pengen angkut burung . . ! !,Animals,0
ribuan atau bahkan lebih ? ! lihat sendiri peternakan perkutut besar di surabaya !,Animals,0
anak jalak kebo albino mau keluar sarang malah di hadang sama jalak kebo albino dewasa . . ! !,Animals,0
moment bikin merinding . . ! bayi jalak kebo albino ini lincah banget . . !,Animals,0
masyaallah ! burung-burung sambut ustadz adi hidayat dan para ulama dunia . . ! !,Animals,0
yang ditunggu-tunggu . . ! jalak kebo albino akhirnya menetas !,Animals,0
bongsor . . ! ! deg-degan ! ring jalak bali gak muat ? ! apa yang terjadi ? !,Animals,0
alshad ahmad mau buat aviary . . . ? ?,Animals,0
"modal nekad . . ! breeder finch besar di sleman , berawal dari gendong sangkar",Animals,0
penantian panjang terbayar ! burung mahkota cantik dan langka menetas . . ! !,Animals,0
walikota solok kunjungi aviary dehakims ! release ruak-ruak ! !,Animals,0
luar biasa warga desa di tengah bukit ini menyatu dengan burung-burung . . ! !,Animals,0
"mambruk victoria doesn't give up : new eggs , new chances !",Animals,0
"victoria's embryo . . . the embryo is already made , but why is it not hatching ?",Animals,0
to mojokerto to see this aviary . . amazing,Animals,0
invite the jalak jalak to bali outside the aviary .,Animals,0
"bali starling . . when the symbol of bali , sharing a house with the residents . . ! !",Animals,0
bopak castello eps 2,Animals,0
bopak castello eps 1,Animals,0
makin banyak . . trulek topeng generasi ke-enam menetas di aviary . . ! !,Animals,0
trule,Animals,0
"reuniting the masked trulek and sulcata . . ! ! isn't it dangerous , right . . ? !",Animals,0
mambruk eggs are about to hatch soon . . ! ! mother was seeen incorrecting again . . ? !,Animals,0
jalak bali bangun sarang lagi ! ini yang terjadi !,Animals,0
baru juga di rilis kasturi raja siap k4win . . ? ?,Animals,0
wajah baru rumah pohon aviary ! ide cak herry rasio terwujud !,Animals,0
rumah pohon aviary rasa afrika . . ? ? laksanakan cak her . . ! !,Animals,0
penetasan burung jalak bali berhasil ! penantian panjang terbayar !,Animals,0
kabar baik setelah berita buruk . . jalak bali tiba-tiba sudah menetas . . ! !,Animals,0
betah banget cipung di aviary . sampe gamau pulang . . !,Animals,0
"beres keliling dehakims , para artis dan seniman sunda serbu aviary dehakims . . !",Animals,0
"pas banget . . ! dapet hibahan burung air , semoga berjodoh ya",Animals,0
baru juga menetas udah menetas lagi . . ! makin banyak ini populasinya . . .,Animals,0
terjadi persaingan . . burung endemik jalak bali mulai angkut sarang lagi . . ! !,Animals,0
""" another level aviary . . ! ! "" dehakims aviary tempat favorit tarzan amerika di dunia . . ! !",Animals,0
kagum ! bule bolang pertama kali liat aviary penuh burung seberagam ini !,Animals,0
belajar dari kejadian sebelumnya . telur mambruk kali ini kita selamatkan . . ! !,Animals,0
"gemesss bangett . .. ! ! zehan betah di aviary , pengennya nyebur ke kolam",Animals,0
sedih banget . . ! ! baru aja gw liat . . anak jalak bali ini besoknya tidak selamat . . ! !,Animals,0
poksay kuda akhirnya bertelur juga . . ! ! sampe pindah sarang karena jatuh . .,Animals,0
alhamdulillah . . telur jalak bali menetas . . ! ! siap berangkat ke bali . . ? !,Animals,0
jalak bali terpantau makin agresif . . ternyata ada telur di sarangnya . . ! !,Animals,0
"brut4l . . ! ! trimming pohon salam , bikin kaki gemeteran . . ! !",Animals,0
kabar buruk untuk mambruk victoria,Animals,0
persiapan matang breeding beo dehakims . . !,Animals,0
dapet request dari cak her . . langsung gas eks3kusi tanem pohon kimeng dan kembang sepatu . . ! !,Animals,0
jelas banget terekam . . ! ! burung mambruk victoria kawin dan bertelur di depan mata . . ! !,Animals,0
baru tau ternyata hutan kota ini dulunya tempat pembuangan sampahh . . ! !,Animals,0
telusuri lebih dalam hutan kota . . ! ! lebih banyak suara kicauan burung,Animals,0
berburu burung di hutan kota . . ! !,Animals,0
apakah sekarang lagi musim kawin burung merpati gaes kok pada bersarang semua,Animals,0
skill merpati pro player terbang di atas aviary dehakims . . ! !,Animals,0
di minggu pagi yang sejuk di aviary . . ! sampe2 gw ketiduran . .,Animals,0
masyaallah . . view sarang mambruk dari atas ini bener2 indah banget . . ! !,Animals,0
penantian lama akhirnya terjadi . . ! mambruk bersarang di dekat pantauan manusia . . !,Animals,0
pohon besar berdaun putih ada di sudut aviary . . ! !,Animals,0
pantes gacor teruss . . ! ternyata murai batu ekor panjang bersarang . . ! !,Animals,0
baru juga dirilis langsung di h4jarrrr . . ! !,Animals,0
sekian lamaaa . . ! ! burung endemik indonesia jalak bali bersarang di glodokan baru . . !,Animals,0
takjubb . . ! ! seindah ini burung liar di safana zimbabwe afrika . . ! !,Animals,0
"sekian lama akhirnya sule ke aviary lagi . . ! "" eddann banyak yang berubah a . . ! ! """,Animals,0
banyak pohon tinggi . . ! ! ini dia keindahan burung di habitat hutan mangrove . . ! !,Animals,0
kepo kepi otewe jago . . ! ! kupas tuntas cara ngajarin beo dari ahlinya . . ! !,Animals,0
relaxing aviary . . semua burung pada berkumpul,Animals,0
akhirnya . . ada solusi untuk prilaku gal4k burung beo kepo kepi . . ! !,Animals,0
melihat langsung pelepasan burung di pesisir pantai mangrove . . ! !,Animals,0
dateng ke breeder beo . . ! ! demi kawinin kepo kepi . . ! !,Animals,0
melihat lebih dekat burung aviary setelah rescape . . ! !,Animals,0
i didn't expect the animal collection to be so scary,Animals,0
"snowa can't be ruined , yeah !",Animals,0
"i'm not ready to lose you , nubi . . why did you have to go so so soon",Animals,0
gender reveal boy or girl ? let's guess ! !,Animals,0
ngerii ! ! audrey dililit smp gabisa lepas,Animals,0
shocked to see an elephant head this big in an animal,Animals,0
sanca batik's coffee is getting bigger ! !,Animals,0
how can a bear be so spoiled in bima ? ?,Animals,0
snowa can run already ? ? so happy !,Animals,0
"wow , someone is ready to get married",Animals,0
aw,Animals,0
amazing ! ! this is so good,Animals,0
"snowa vomits , doesn't want to eat . . how could this happen ? !",Animals,0
"prank anabul using snowee's photo , their reactions are funny",Animals,0
anabul see snowee's photo ! ! their reactions are different . .,Animals,0
snowa in kretek ! how are her legs now ? ?,Animals,0
sad to see snow's condition,Animals,0
anabul's reaction to pregnant mommy . . can you know the gender ? ?,Animals,0
oh my god ! how can snowa's feet be like this ? !,Animals,0
anabul mommy's reaction to pregnant part 2 ! so shocked to see her reaction,Animals,0
mother's reaction to knowing that mommy is pregnant,Animals,0
ariana is so happy to be invited to the bird park !,Animals,0
"march 6 , 2025",Animals,0
mommy ariana are so happy on their vacation to bali !,Animals,0
mashallah mommy pregnant again ? ! !,Animals,0
challenge for anabul managers : guess anabul the golden family !,Animals,0
anabul getting excited fighting ! vlog update part 2,Animals,0
update snowa dan semua hewan2 the golden family !,Animals,0
masha allah baby ariana is getting more and more cute,Animals,0
is this the biggest frog in the world ? what does it eat ?,Animals,0
get a huge python snake ! ! the longest in the world ? !,Animals,0
"challenge mas g to guess the anabul , will you succeed or not ? !",Animals,0
"challenge papah the golden , memorize anabul or not ? !",Animals,0
update on the ferroid's condition ! is it handful now or still fierce ? !,Animals,0
why are snowa's eyes like this ? ?,Animals,0
geck's tail breaked off ! so sad,Animals,0
playing hide and seek with snowa turns out like this,Animals,0
suddenly an animal entered the aviary cage ! ! what is it ?,Animals,0
unique animals of the golden family ! !,Animals,0
kotak misteri ! ! isinya bikin merinding,Animals,0
the biggest monitor ! ! like komodo dragon !,Animals,0
snowa kotor banget di oma ! ! langsung bawa pulang dan mandiin !,Animals,0
challenge tebak anabul the golden family ! !,Animals,0
tension ! prince and junior meet again !,Animals,0
snowa knp again ? ! ah there are only 2,Animals,0
gimana kabarnya fylo ? ? ada apa sama kupingnya skrng ? !,Animals,0
sometimes the geck is so crazy ! !,Animals,0
"update on fylo's wound , is his condition getting better or worse ? !",Animals,0
"fylo update . . so scary , so many maggoths are coming out ! !",Animals,0
yaampuun fylo kenapa ? !,Animals,0
how can a geck be so tame ? !,Animals,0
dapet tokek jumbo harga satu milliar ! !,Animals,0
dapet hewan dari negeri avatar ! !,Animals,0
mother cow sacrifice for her child !,Animals,0
"oh god , i have so much mercy on them",Animals,0
a bengal cat from bogor is pregnant ? !,Animals,0
almost got eaten by a jumbo sized snake ! !,Animals,0
ariana review reptil2 the golden family !,Animals,0
get a new and very unique animal ! ! what do you think it is ?,Animals,0
"update rocket , baby musang yg kita temuin !",Animals,0
is there a suitable soulmate for nike ? !,Animals,0
anabul meets baby ariana after 1 year ! ! his reaction is surprising,Animals,0
ke semarang demi hewan ini ? !,Animals,0
wah dapet hewan langka ! !,Animals,0
kehebohan di pagi hari bersama the golden family ! !,Animals,0
what animal is this ? ! so scary,Animals,0
suddenly found an animal in the chicken coop ! ! what animal is it ? !,Animals,0
this bengal is so poor ! hopefully it meets its owner soon,Animals,0
anaconda snake in hands cuffs can't be removed ! !,Animals,0
bengal di buang atau kabur ? ?,Animals,0
many dream animals in the house,Animals,0
prank anabul malah di prank balik,Animals,0
meet greet snow in bandung ! so much fun !,Animals,0
snowa preparation to meet golden fams bandung !,Animals,0
the story of snowa the rumous child,Animals,0
found a strange animal ! what is this ? ?,Animals,0
there are still alive dinosaurs ! !,Animals,0
snowa is so rough ! stealing toys !,Animals,0
adding a new animal ! ! what is it ? ?,Animals,0
suitable animals for beginners,Animals,0
a collection worth hundreds of millions ! ! something needs to be kreteked,Animals,0
hewan sekecil ini harganya 100juta lebih,Animals,0
vivo's current condition ( broken jaw ),Animals,0
burung peliharaan sultan . . kuat bgt !,Animals,0
"daily vlog kucing , dari kucel jadi kinclong !",Animals,0
daily vlog with anabul and baby ariana,Animals,0
all the anabuls gathered to get food,Animals,0
update kondisi terkini vivo,Animals,0
vivo's jaw needs surgery ! so poor,Animals,0
ya ampuun di gigit sampe rahangnya patah kasian banget,Animals,0
fylo suddenly wouldn't eat ! why ?,Animals,0
ajak anubis kehutan ! ketemu genderuwo,Animals,0
there's a new challenger for anubis ! ! what will happen ? !,Animals,0
"oh my god , what else happened to fylo ? !",Animals,0
rest in peace onay sayang,Animals,0
reaksi orang2 lihat anjing di mall bnyk yg kaget,Animals,0
"snowa di culik oma lagi , parah jadi kotor banget !",Animals,0
crazy ! ! two dogs finished one meatball cart,Animals,0
two alpha dogs meet ! what happens ?,Animals,0
"bring anabul to the forest at night , didn't expect this to happen",Animals,0
"jangan kecewa , sawit memang pohon ! tentang kelapa sawit",Animals,0
memangnya sekaya apa sumatra ? awal dari kehancuran sumatra,Animals,0
mencari spesies yang hilang selama 13 tahun rafflesia hasseltii,Animals,0
ada apa dengan channel ini ! ?,Animals,0
menyebrang ke dunia lain negeri ini papua part 1,Animals,0
bagaimana ceritanya hewan purba ini sampai ke indonesia ? stegodon,Animals,0
ketika serangga menjadi pemburu mengerikan serangga predator,Animals,0
tempat spesies endemik paling aneh dari indonesia sulawesi,Animals,0
katanya garis ini tidak bisa dilewati hewan apapun garis wallace,Animals,0
tempat spesies berevolusi akibat terisolasi kepulauan wallacea,Animals,0
kenapa orangutan hanya ada di kalimantan dan sumatra ? menjawab misteri orangutan,Animals,0
katanya harimau terbesar di dunia hidup di jawa ? harimau ngandong,Animals,0
rumah asli sang garuda pulau jawa part 2,Animals,0
the black panther's real home java island part 1,Animals,0
why are there no tigers in borneo ? borneo tigers,Animals,0
what's hidden behind the world's lung forests ? borneo island part 2,Animals,0
the face of heaven on earth before it disappeared raja ampat,Animals,0
alam liar terakhir pulau terbesar ketiga pulau kalimantan part 1,Animals,0
korban selanjutnya setelah burung dodo sapi laut steller,Animals,0
memahami masa kelam perburuan paus sejarah whaling,Animals,0
benteng terakhir mega spesies dari indonesia pulau sumatra - part 2,Animals,0
kebenaran dibalik kebangkitan dire wolf - ft . @luseriusbang de-extinction dire wolf,Animals,0
harta karun megafauna dari indonesia pulau sumatra - part 1,Animals,0
sulawesi dan lukisan tertua di dunia seni gua prasejarah,Animals,0
dari mana dinosaurus berevolusi ? evolusi dinosaurus,Animals,0
mengungkap misteri laut dalam midnight zone,Animals,0
si buruk rupa penghancur tulang dari padang savana spesies hyena yang tersisa di dunia,Animals,0
ketika oksigen menjadi racun menyebabkan kiamat the great oxidation event,Animals,0
harta karun spesies paling tidak biasa kepulauan galapagos,Animals,0
dari kerasnya kutub utara hingga hutan tropis yang subur 8 spesies beruang yang tersisa di dunia,Animals,0
dari mana komodo berevolusi ? evolusi komodo,Animals,0
bagaimana jerapah purba ini menjadi yang terbesar ? sivatherium,Animals,0
"burung polinator menjauh , kehidupan alami dalam bahaya burung polinator /penyerbuk",Animals,0
"punahnya penguin asli dari bumi utara bukti tamaknya manusia burung alka besar , great auk",Animals,0
sebuah kerajaan bernama tumbuhan - kingdom of creatures # highlight,Animals,0
harta karun spesies endemik madagaskar,Animals,0
apa yang terjadi setelah dinosaurus punah ? pasca kepunahan kapur,Animals,0
"misteri hilangnya manusia neanderthal , kenapa dna mereka ada pada kita ? homo neanderthalensis",Animals,0
kisah badak putih terakhir yang tersisa di dunia badak putih utara,Animals,0
apakah naga pernah hidup di zaman purba ? naga,Animals,0
bagaimana evolusi membuat ular kehilangan kaki ? evolusi ular,Animals,0
kingdom of creatures full documentary,Animals,0
apakah selama ini kita salah tentang megalodon ? megalodon,Animals,0
menelisik kehidupan sabertooth dari kerasnya lingkaran artik walrus,Animals,0
tonggak penting menuju lesatan jauh spesies manusia revolusi pertanian/neolitikum,Animals,0
bagaimana zaman es membekukan bumi ? periode glasial,Animals,0
bagaimana jamur-jamur ini dapat bersinar di kegelapan ? bioluminecent fungi,Animals,0
fosil transisi yang mengungkap awal mula kehidupan di darat tiktaalik,Animals,0
kisah kepunahan burung tertinggi di dunia setelah dijajah manusia burung moa,Animals,0
pernah berpetualang di indonesia bapak evolusi yang terlupakan alfred russel wallace,Animals,0
ada kalanya tumbuhan menjadi pemangsa tumbuhan karnivora,Animals,0
predator bergigi pedang sebelum munculnya sabertooth tiger thylacosmilus,Animals,0
nasib kucing di australia tak seindah yang kamu kira pemusnahan kucing di australia,Animals,0
kenapa buaya tidak berubah selama jutaan tahun ? evolusi buaya,Animals,0
"sejarah konyol kekalahan manusia berperang melawan hewan the great emu war , perang emu",Animals,0
benarkah gajah purba ini adalah mamalia darat terbesar di bumi ? palaeoloxodon namadicus,Animals,0
nasib bekantan dari masa depan kalimantan monyet bekantan,Animals,0
"benarkah burung ini punah setelah datangnya manusia ? elephant bird , burung gajah",Animals,0
kisah kepunahan harimau jawa bukti pilunya kekejaman manusia harimau jawa,Animals,0
dijuluki gigi hyena dan menjadi apex predator yang sangat sukses hyaenodon,Animals,0
domestikasi kuda yang mengubah peradaban manusia domestikasi kuda,Animals,0
kenapa sains menggunakan teori darwin ? teori seleksi alam,Animals,0
bagaimana manusia mengubah serigala menjadi anjing ? domestikasi anjing,Animals,0
bagaimana manusia menciptakan kucing domestik ? domestikasi kucing,Animals,0
berkicau merdu di kandang tapi tak terdengar di alam burung kicau,Animals,0
bagaimana dinosaurus berevolusi menjadi burung ? evolusi burung/unggas,Animals,0
badak purba dari zaman es yang pernah menjadi hewan mitos woolly rhinoceros/badak berbulu,Animals,0
bagaimana bangau purba raksasa ini hidup di indonesia ? leptoptilos robustus,Animals,0
"melihat salah satu mahluk hidup terbesar di dunia pohon redwood , sequoia",Animals,0
benarkah ayam adalah keturuan t-rex ? hubungan t-rex ayam,Animals,0
zaman dimana serangga raksasa mendominasi bumi periode karbon,Animals,0
pernah dianggap punah lebih dari satu abad hingga akhirnya ditemukan kembali seriwang sangihe,Animals,0
apakah kita sedang menuju kepunahan massal ke-6 ? kepunahan holosen/antroposen,Animals,0
bagaimana paus berevolusi dari kaki menjadi sirip ? evolusi cetacea,Animals,0
saat nyamuk menjadi solusi memberantas penyakit nyamuk wolbachia,Animals,0
burung predator purba terbesar yang mampu terbang argentavis,Animals,0
"punahnya marsupial karnivora modern terbesar kesadaran yang terlambat thylacine , tasmanian tiger",Animals,0
parasit kecil ini membuat amfibi menjadi cacat cacing pipih ribeiroia,Animals,0
kisah satu spesies yang kelak akan menguasai bumi homo sapiens,Animals,0
kenapa hewan purba tumbuh sangat besar ? gigantisme hewan purba,Animals,0
"serangga misteri yang dijuluki fosil hidup trilobite beetle , kumbang trilobita",Animals,0
simbol paling ikonik dari bukti kepunahan akibat manusia burung dodo,Animals,0
saat dimana antartika diselimuti hutan hijau antartika purba,Animals,0
predator purba yang dijuluki babi dari neraka entelodont,Animals,0
kenapa ayam ini begitu hitam ? ayam cemani,Animals,0
misteri gajah purba dan manusia kerdil dari flores homo floresiensis,Animals,0
bagaimana tawon parasit ini menjadi penyelamat manusia parasitoid wasps,Animals,0
berasal dari pulau terpencil dan dinamai pohon darah naga dragon's blood tree,Animals,0
pernah hidup berdampingan dengan manusia hingga ingin dihidupkan kembali mammoth,Animals,0
bagaimana kucing besar purba ini menjadi predator sebelum punah sabertooth tiger,Animals,0
kisah kehidupan mamalia darat terbesar di bumi paraceratherium,Animals,0
"meninggal akibat memakan daging sapi mati yang telah dikubur ? antraks , bacillus anthracis",Animals,0
"ulat bekaki dengan wujud seperti alien lobster moth , ngengat lobster",Animals,0
pohon terbalik dengan usia ribuan tahun pohon baobab,Animals,0
"mahluk hidup yang justru harus dibunuh spesies invasif , invasive species",Animals,0
gigitan kuat piranha melebihi megalodon ? ikan piranha,Animals,0
gelap dalam terang polusi cahaya,Animals,0
"keluarga ular dengan taring terpanjang di dunia viper , viperidae",Animals,0
"mamalia bertelur dari papua yang tidak sepopuler platypus echidna , landak semut papua",Animals,0
cacing aneh yang sering disebut alien ribbon worm nemertea,Animals,0
auto bengong . . ! ! pertama kali junet masuk di kerajaan baru . . ! !,Animals,0
bikin kandang gede dalam aviary . . . ? ! buat siapa yaa . . ? ?,Animals,0
arowana : mengantar suhu kembali ke hulu ( documentary ),Animals,0
bangun tidur capybara gw auto jinak . . ? ! lucu bangettt,Animals,0
nekadd . . ! ! tidur bareng capybara di super megatank sampe pagi . . ! !,Animals,0
dehakims membuat 2 kapal nabi nuh dalam waktu singkat,Animals,0
apa yang terjadi kalo libra dilepas di aviary . . ? ?,Animals,0
ternyata capybara kalo pup harus didalem air gini ya . . ! ?,Animals,0
"pertama kali dalam hidup , gw dan panji petualang mencium king cobra . . !",Animals,0
penghuni baru supermegatank di akhir tahun . . ! !,Animals,0
"belum lama punya anak , jalak bali punya anak lagi . . ! makin banyak ini jalak bali . .",Animals,0
apa yang terjadi jika scarlett macaw dipisahkan dari orang tuanya ?,Animals,0
akhirnya menemukan cara buat jinakin junet dan jenab,Animals,0
"project pendopo kembali berlanjut setelah 1 tahun , apa yang terjadi ?",Animals,0
anak burung scarlet udah gak galak lagi . . !,Animals,0
p4nik . .. ! ! ! kayak di film . .! ! ada orang berantem depan rumah gw . . ! !,Animals,0
pindahin semua hewan dehakims ke dalam mall di tangerang,Animals,0
hadirnya gw bikin djalu naik podium satu lagi . . ! !,Animals,0
masuk makin ke dalam lapas di nusakambangan . . ! !,Animals,0
""" high risk "" masuk ke lapas super maximum security . . ! !",Animals,0
ke pulau penjar4 nusakambangan . . ! ! bareng raffi ahmad ! !,Animals,0
sulap taman balkon jadi tambah semakin hijau . . !,Animals,0
bayi burung scarlet udah bisa jalan gaes . . !,Animals,0
pertama kali . . ! melanie subono kagum masuk ke aviary dehakims . . !,Animals,0
akhirnya melanie subono datang ke dehakims . . !,Animals,0
kaget banget . . ! jalak kebo bertelur di pohon raksasa persis depan rumah gw . . ! !,Animals,0
syokk bangett . . ! dapet kiriman 45 ekor burung kenari . . ! ! lepasin di aviary nih . . ?,Animals,0
#5 jepang merah putih berkibar di jepang karena koi ! !,Animals,0
#4 jepang dateng ke lelang bawa pulang koi jepang ! !,Animals,0
#3 jepang nawar koi di farm terbesar di dunia . . dengan 26.000.000 ekor koi ! !,Animals,0
"perkembangan scarlet "" libra "" ! setelah diambil dari kandang . . !",Animals,0
#2 jepang indonesia tembus grand champion . . ! ! koi siapa juaranya ? ?,Animals,0
#1 jepang belasan jam terbang ke hiroshima . . speechless liat koi juara dunia . . ! !,Animals,0
djalu jadi tour guide dadakan ! !,Animals,0
akhirnyaa . . ! ! sapi kerdil jenab punya temen baru . . ! !,Animals,0
gasabarr . . ! pengen ketemu capybara dirumah . . ! !,Animals,0
kandang domba terlalu lebar . . ! gw bongkar lagi aja deh . . !,Animals,0
siap ternak domba . . ? ! kandang domba gw jadi makin besar . . !,Animals,0
beneran kerdil ! sapi jenab ga sampe 1 meter tingginya !,Animals,0
sapi terkecil yang pernah gue liat . . !,Animals,0
700 ekor anakan oscar makin besarrr . . ! !,Animals,0
pertama kali ajak bayi domba keliling . . ! langsung ngacirr . . ! !,Animals,0
gilaaa . . ! ! panen puluhan ekor anakan merak . . ! bingung kandangnya ini sih . .,Animals,0
"akibat dibully geng putri , oto langsung kena mental . . ! !",Animals,0
meli akhirnya melahirkan anak pertamanya ...tapii . .,Animals,0
kandang bersalin meli udah selesai disaat bentuk badan meli udah berubah . . !,Animals,0
kuda baru turun lapangan . . ! ! djalu auto juara 1 lagii . . . ! ! !,Animals,0
meli kembali ke kandang pertama dia waktu datang ke dehakims !,Animals,0
bongkar rahasia keeper dehakims selama ini . . ! !,Animals,0
"meli segera melahirkan , kandang spesial langsung dipersiapkan !",Animals,0
mural pertama gw selesai . . ! gue jadi punya 2 meja billiard di kantor nih . . !,Animals,0
project baru yang belum pernah ada di dehakims . . !,Animals,0
spot tertutup di atas joglo . . ! banyak telor merak berserakan . . !,Animals,0
gilaa . . ! ! waktunya panen 700 anakan ikan oscar . . ! ! bingung tempatnya dimana . . ? !,Animals,0
perencanaan awal rombak super megatank bareng scapevenger . . !,Animals,0
woww . . ! ! tiba2 panen banyak telur dari bawah pasir . . ! !,Animals,0
"ada 4 hewan k4win , bertelur , dan menetas waktu caren delano ke dehakims !",Animals,0
burung hantu baru dehakims ini makan-nya unik banget . . !,Animals,0
auto ngakak . . ! pawai hewan bareng denny sumargo . . ! !,Animals,0
"densu , cellos , alshad , panji bikin heboh . . ! ada capybara kerdil . . ? ?",Animals,0
penyanyi jepang ini sampe gabisa mingkem liat hewan di dehakims . . !,Animals,0
perkembangan bayi scarlet macaw diluar dugaan . . ! !,Animals,0
dari tommy ali rian ibram sampe vega darwanti nyerbu dehakims hari ini,Animals,0
"kedatangan arbani , mami cilla albi bikin burung unta gw bertelur . . ! !",Animals,0
terharu banget . . ! arbani mami cilla ajak albi bahagia disini . .,Animals,0
kier king dan anwar bab happy banget didalam aviary . . !,Animals,0
subscriber jauh dari philippines udah lama banget mau kesini . . !,Animals,0
saingan berat . . ! djalu berhasil podium satu lagi . . ! !,Animals,0
panji petualang sampe geleng2 kepala . . . ! !,Animals,0
panji sampe kaget . . ! ! cari pulau untuk melestarikan primata indonesia . . !,Animals,0
kambing cross boer tiba-tiba datang ! ! !,Animals,0
non poel tapi udah 800kg++ calon monster nih gaes . . !,Animals,0
sulap kandang domba jadi sarana edukasi satwa dan lingkungan di dehakims . . !,Animals,0
kejutan ultah lagi dapet hibah capybara,Animals,0
terekam jelas detik detik domba gw melahirkan . . !,Animals,0
"jauh2 dari afghanistan , bule ini kesampean liat sapi dehakims . . ! !",Animals,0
gila cuman 1 jam bikin kandang domba garut kaya gini . . !,Animals,0
stop membuat kesalahan ini saat memilih domba garut !,Animals,0
lucu banget . . ! domba jombo 100 kg kalo lagi lari,Animals,0
"tepat di hari ulang tahun , ternyata domba tanduk empat hamil anak kembar . . !",Animals,0
"cing abdel sampe melongo . . ! "" hewan2 lo makin aneh2 fan . . ! """,Animals,0
kerandoman rina nose di depan2 hewan gw bikin ngakak . . !,Animals,0
ketakutan caisar joget sama semua binatang . . ! !,Animals,0
aneh banget . . ! kemunculan ikan koi aneh di dehakims . . ! !,Animals,0
"binatang jadi bintang . . ! raffi , rina , sarwendah , anwar , bunda hetty , meisita , hanan pada melongo . . !",Animals,0
kado lagi gaes . . ! udah siap bikin koloni domba tanduk empat nih . . !,Animals,0
dapet kado kura-kura terlangka di dunia . . !,Animals,0
kado ultah pertama . . ! domba lucu jumbo 100kg . . !,Animals,0
gak nyangka ternyata molly beneran hamil gaess . . . !,Animals,0
terharu . . ! bestie kembar siam dewi + putri ingin sodaranya ikut bahagia disini,Animals,0
"animasi "" g r a n d o n g "" dari sapi yang terbuang menjadi kebanggaan",Animals,0
ternyata bella-berry galak sama anak kambing gua . . !,Animals,0
domba paling aneh sedunia nih !,Animals,0
ajak bestie kembar siam dewi+putri keliling dehakims . . !,Animals,0
ada yang pulang ( lagi ) ada yang hadir . maaf ya baby burung unta,Animals,0
kejuaraan nasional . . ! aisha berhasil juara bawa nama baik dki jakarta . . ! !,Animals,0
kebahagiaan jimat ada disini . bisa bertemu hewan2 dehakims . .,Animals,0
reaksi richard derick magic 5 pertama kali ke dehakims . . !,Animals,0
atta sama ameena di ajak kebut kuda . . ? !,Animals,0
ryu kintaro pengen bikin bisnis apa ke dehakims . . ?,Animals,0
10 fake cobras you didn't know about,Animals,0
those who are far apart,Animals,0
35 types of pinnipeds you didn't know about,Animals,0
"similar to dogs , why are hyenas relatives of cats ?",Animals,0
the most feared fish : piranha,Animals,0
10 strongest herbivores that carnivores fear,Animals,0
pig . but not a pig,Animals,0
11 animals that garangan fears,Animals,0
the life story of malaika the cheetah queen,Animals,0
can a polar bear defeat an elephant ?,Animals,0
the dark side of dolphins,Animals,0
this animal masters medical science,Animals,0
the dark history of the njombe lion,Animals,0
jaguar vs . giant anteater - an unequal comparison ?,Animals,0
the most feared eagle in africa,Animals,0
mother lion cries as she is forced to leave her cub,Animals,0
can the weling snake defeat the king cobra ?,Animals,0
the problem of african wild dogs,Animals,0
when humans destroyed wolves,Animals,0
perang dunia hewan,Animals,0
the dark history of man-eating animals,Animals,0
inilah alasan elang membenci gagak !,Animals,0
malayan tiger peel,Animals,0
beware of the most venomous snakes in indonesia,Animals,0
this mother animal will not be able to see her baby,Animals,0
animals with the strongest armor,Animals,0
seekor singa jantan menghadapi 3 badak demi melindungi kekasihnya,Animals,0
smilodon : the strongest cat ever ?,Animals,0
the legendary life story of the waghdoh tiger,Animals,0
baboon vs cheetah - the final result was hard to believe,Animals,0
hewan ini dianggap sebagai kegagalan evolusi,Animals,0
the legendary life story of scarface the lion,Animals,0
11 most raptor birds of prey,Animals,0
what if komodo dragons return to australia ?,Animals,0
the scariest owl,Animals,0
unrelated animals,Animals,0
hewan ini hanya mau satu jenis makanan saja,Animals,0
monster purba yang dianggap hama,Animals,0
kenapa burung kolibri tidak dipelihara ?,Animals,0
you didn't know these fish were venomous,Animals,0
kenapa king cobra harus dipisahkan ?,Animals,0
gurame raksasa nusantara,Animals,0
kucing totol vs rubah fennec - siapa yang lebih hebat ?,Animals,0
hiu putih : diam artinya mati,Animals,0
binturong vs macan dahan - siapa pemenangnya ?,Animals,0
why are crocodiles afraid of hippos ?,Animals,0
kekuatan gigitan singa hanya 650 psi ?,Animals,0
tebak-tebakan suara hewan,Animals,0
how did anoa come to sulawesi ?,Animals,0
30 fakta gurita,Animals,0
misteri badak kalimantan,Animals,0
10 rarely known ancient tigers,Animals,0
why are there no javan elephants ?,Animals,0
how great are leopards in trees ?,Animals,0
can a gorilla defeat a male lion ?,Animals,0
persamaan falcon cheetah,Animals,0
how many wolves do you know ?,Animals,0
warthog vs baboon - siapa yang menang ?,Animals,0
jerapah menyerang balik singa yang memburunya,Animals,0
kucing purba amerika utara,Animals,0
the mystery of the golden tiger the leopard-faced lion,Animals,0
sampai kapan badak jawa mampu bertahan ?,Animals,0
hewan ini punah karena terus dimakan manusia,Animals,0
can a leopard face a pack of wolves ?,Animals,0
sloth kok belum punah yah ?,Animals,0
can a polar bear defeat an estuarine crocodile ?,Animals,0
why are zebras so dangerous ?,Animals,0
91 spesies antelope yang belum kamu tahu,Animals,0
harimau paling dihormati,Animals,0
ikan yang berjalan di gurun pasir,Animals,0
hewan kuat kelemahannya,Animals,0
kelemahan hewan terkuat yang sukar dipercaya,Animals,0
22 most dangerous hornet wasps,Animals,0
banteng vs kerbau afrika - siapa yang menang ?,Animals,0
mampukah jaguar pantanal mengalahkan harimau sumatra ?,Animals,0
babi hutan lebih berbahaya dari hiu,Animals,0
sejarah serangan beruang sankebetsu di jepang,Animals,0
menu makan hewan paling nyeleneh,Animals,0
mampukah singa bertahan di kutub utara ?,Animals,0
kenapa ada cheetah purba di amerika utara ? !,Animals,0
burung ini menanam pohonnya sendiri,Animals,0
kenapa elang rajanya para burung ?,Animals,0
perjalanan jaguar eropa menuju hutan amazon,Animals,0
the animal that whales fear most,Animals,0
african tiger adventure,Animals,0
the largest dinosaur ever discovered by humans,Animals,0
rhino vs giraffe - the winner is . . .,Animals,0
hewan kecil dengan nenek moyang raksasa,Animals,0
the mystery of the javanese leopard,Animals,0
the strongest animals in the amazon rainforest,Animals,0
kenapa tidak ada kucing besar di eropa ?,Animals,0
18 species of welang-weling snakes you didn't know about,Animals,0
burung paling ribet,Animals,0
all elephant species known to humans,Animals,0
elang emas vs elang botak - pemenangnya adalah . . .,Animals,0
10 hewan terkuat di afrika - versi dbl,Animals,0
bull : a very confusing animal,Animals,0
can a python defeat a tiger ?,Animals,0
sisi gelap panda raksasa,Animals,0
hyena gua vs serigala dire siapa yang lebih hebat ?,Animals,0
