,@AfifYulistian,@AlshadAhmad,@Anak.Kuliner,@AquariusMusikindo,@ArisSportTv,@AttaHalilintar,@Audrey-A,@AutonetMagz,@BeemzAryo,@BimbelBrilian,@BoengkoesNetwork,@BrandonKentEverything,@CNBC_ID,@CNNIDOFFICIAL,@CoachJustinl28,@DHIARCOM,@DKIDchannel,@Dewa19,@DuniaBinatangLiar,@Dunia_Alam,@DylandPROS,@FitraEri,@FrontaLGaming,@GadgetGaul,@GadgetIn,@GarasiDrift,@HujanTandaTanya,@IBLTV,@JagatReview,@JessNoLimit,@Judika.Entertainment,@K2G,@KUBILER,@Kenandgrat,@KokBisa,@LuckyHakimChannel,@MILYHYA,@MNCTV_Sports,@MajelisLucu,@MalakaProjectid,@MamankKuliner,@Mas-Wahid,@Melkibajaj,@Miawaug,@MusicaStudios,@NagaswaraOfficial,@NarasiNewsroom,@NexCarlos,@OTOMOTIFTV,@OfficialNoahMusic,@OfficialiNews,@Otodriver,@PANJIPETUALANG_REAL,@PSSITV,@PricebookIndonesia,@RCTISports,@RansEntertainment,@SPOTV.Indonesia,@SPROSULEPRODUCTIONS,@SatuPersenIndonesianLifeschool,@SiKutuBuku,@Sobat_HAPE,@SportsChannelIndonesia,@TirtaPengPengPeng,@TrinityOptimaProduction,@VINDES,@WindahBasudara,@YoutuberCupu,@ZeniusEducation,@ZonaJuaraSports,@amarpdchannel,@ariefmuhammaddd,@carmudiID,@corbuzier,@deHakims,@deHakimsAviaryIrfanHakim,@dennycaknan6996,@farida.nurhan,@felicia.tjiasaka,@indomusikgram,@iwanbanaranblog,@kompastv,@letdahyper,@liputan6_news,@metrotvnews,@motomobitv,@nihongomantappu,@officialbaliunited,@projectreview,@radityadika,@raisa6690,@riasukmawijaya,@ridwanhr,@rrq_lemon,@tanboykun,@taulany_tv,@tempovideochannel,@tribunnews,@tvOneNews,@ybrap
@AfifYulistian,1.0000004,0.24115336,0.03286419,-0.063857354,0.01031277,0.19266553,0.31055808,0.016500425,0.25986648,0.23190132,0.03462286,0.855646,-0.096812636,-0.10987224,-0.15431666,0.3285742,0.31466317,-0.0668026,0.23915544,0.19874102,0.8570061,0.1015167,0.8160709,0.3021987,0.38241613,0.30821288,0.19777048,0.21393296,0.33056444,0.873868,-0.120296076,0.36432084,0.019622223,0.03204873,0.13720393,0.48541975,0.82254434,-0.05546335,0.11365254,0.058351945,0.075074024,0.07138335,0.08624748,0.9033295,-0.11477631,-0.11385475,-0.04500886,0.03572754,0.11743386,-0.056956865,-0.13244492,0.019584453,0.25060982,-0.09187795,0.3127838,-0.020524919,0.06634054,-0.038861573,0.0069217198,0.109513536,0.114514485,0.446218,-0.08485299,0.20899297,-0.08906772,0.034073368,0.80931556,0.2592312,0.1984989,-0.058371738,0.21353589,0.15816061,0.07686328,0.12195723,0.22801939,0.22572696,0.024195738,0.086357966,0.21905044,0.17795193,0.054774266,-0.13547786,0.90921533,-0.14070521,-0.06569003,0.09711674,0.21934816,-0.08634605,0.32213682,0.14774935,-0.112825036,0.03213149,0.07866848,0.8560413,0.025377788,-0.014043456,-0.13056284,-0.14827335,-0.124401,0.38203257
@AlshadAhmad,0.24115336,0.9999999,0.29453307,-0.024897601,0.26635852,0.37301242,0.9390493,-0.010985379,0.96340597,0.096417956,0.2131427,0.05341,0.0004849173,0.07939078,-0.10465335,-0.15594085,-0.13105017,-0.024164438,0.95488715,0.8826967,0.16974787,0.036053322,0.52660245,-0.1678205,-0.100752585,0.16337548,0.26360583,-0.023103954,-0.17689575,0.073563196,-0.012166339,-0.15966636,0.29598868,0.19751225,0.32497358,0.84010726,0.028105292,-0.122349694,0.2912316,0.18787175,0.1964634,0.13960308,0.36155316,0.114706494,-0.030011691,-0.031660505,0.09977622,0.2633316,0.033946924,0.01651441,-0.03872642,-0.020834757,0.95663315,-0.06002728,-0.17021689,-0.09142837,0.5081555,-0.116135746,0.3231064,0.21395507,0.28734812,-0.13582006,-0.13085786,0.37230617,-0.018039558,0.3514068,0.4983838,-0.16240603,0.129822,-0.12636483,0.92375535,0.23788662,0.09827304,0.26021227,0.95218444,0.9556234,0.046109084,0.43151075,0.22823201,0.3385144,0.01515291,0.009426113,0.26392093,-0.010161482,-0.0018810946,0.011564352,0.3684566,-0.0642309,-0.1707745,0.2969731,0.008702997,0.1738446,0.07838769,0.10964385,0.2540015,0.32103327,0.039427392,-0.004302401,-0.015346079,0.11037412
@Anak.Kuliner,0.03286419,0.29453307,1.0,-0.048983544,0.016969774,0.16867867,0.29147458,0.013983678,0.35460466,-0.03307278,0.9822533,-0.11382565,-0.07477616,-0.018664628,-0.08562811,-0.15118933,-0.069568485,-0.025434451,0.18161266,0.10758957,-0.0063617527,0.016422804,0.26454526,-0.12939343,-0.08994718,0.07239945,0.090665445,-0.12774625,-0.14735699,-0.065155625,-0.010789109,-0.15728754,0.98915255,0.980896,0.11401298,0.1805968,-0.10092405,-0.1253648,0.14187118,0.06898296,0.9806962,0.098920606,0.9284425,-0.0149047375,-0.02339838,-0.03867375,-0.07234003,0.9823467,-0.011603233,-0.01711443,-0.11334163,0.00032656034,0.2994157,-0.09744305,-0.1399331,-0.096974544,0.32933265,-0.11831573,0.14715531,0.07320623,0.115566686,-0.15449478,-0.13175333,0.1816703,-0.045686867,0.19904369,0.09789742,-0.13683613,-0.0038475618,-0.1237555,0.29717547,0.19106519,0.09012652,0.0527365,0.25322297,0.24762006,0.044100307,0.9461749,0.09431731,0.2488593,0.010846614,-0.06572717,0.027281616,-0.075244784,-0.0891446,-0.00066847936,0.73213315,-0.102330565,-0.14029683,0.19719821,0.0015912186,0.92395854,0.061042424,-0.058549494,0.98738015,0.14032404,-0.050870128,-0.0704216,-0.078248255,-0.09811409
@AquariusMusikindo,-0.063857354,-0.024897601,-0.048983544,0.99999994,0.021555535,0.32349163,-0.028597482,0.08024572,0.031131074,-0.011306465,-0.054685775,-0.07283348,0.04826709,0.089711756,-0.050132878,-0.06640108,-0.08027903,0.9617142,-0.001479385,-0.022441268,0.100439906,0.08309404,-0.022495555,-0.06551308,-0.07196742,0.088290095,0.10008985,0.0907717,-0.062097713,0.008981073,0.9838094,-0.056108084,-0.03637853,-0.035499662,0.0013037231,0.13793936,0.17619503,-0.103843324,0.23835716,0.09324856,-0.04934217,0.06339033,0.008429873,0.046480972,0.9897835,0.9843831,0.071276814,-0.030581584,-0.035088386,0.97977674,0.09432945,0.08751066,-0.033391282,-0.0048070643,-0.07619221,-0.12066929,0.115106076,-0.09300797,0.13100612,0.077406324,0.054720916,-0.040663294,-0.056603417,0.018774673,0.9942696,0.1923401,0.07551085,-0.040805504,0.12025902,-0.09391917,-0.01263791,0.27297384,0.036222827,0.284948,-0.026548035,-0.021946669,0.9060315,-0.037576124,0.057785198,0.5902586,0.025804894,0.05521967,-0.010503857,0.058429997,0.10490247,0.10757131,-0.061080728,-0.042389378,-0.07774526,0.32124293,0.98462653,0.026061073,0.08224341,-0.017957585,-0.031796217,0.22332808,0.04429623,0.06483477,0.105700955,0.5846903
@ArisSportTv,0.01031277,0.26635852,0.016969774,0.021555535,0.99999976,0.10892489,0.34922972,0.01694586,0.2686131,0.055753138,-0.039489113,0.046914935,0.22641227,0.27071863,0.734599,-0.30073392,-0.30881202,0.1113428,0.25067526,0.23959234,-0.100242436,0.0025957562,0.11247041,-0.29641536,-0.30724657,0.13188806,0.12693343,0.7743671,-0.2878601,0.013993077,0.028412584,-0.29977703,0.026994571,-0.029062077,0.05638605,0.18721384,0.07604295,0.6969813,0.10503668,0.12179276,-0.051978026,0.116784856,0.08106595,0.049634445,0.013730035,0.021281537,0.30120683,-0.039360162,-0.0058715194,0.033980362,0.3096244,0.016236775,0.31722325,0.79590344,-0.30067146,0.7240913,0.1297666,0.7417944,0.11975506,0.11197984,0.14160001,-0.29994118,0.741034,0.21638432,0.027286801,0.2166574,0.12607858,-0.29545224,0.13450393,0.69843185,0.36453617,0.1443463,0.013330404,0.12951209,0.20017266,0.21262649,0.037946373,0.11518879,0.10812004,0.06686498,0.030970227,0.26710275,-0.016712217,0.2455404,0.32444468,-0.028520694,0.02793901,0.81752574,-0.30424148,0.04175118,0.04493507,0.07472783,0.02609099,-0.0040029027,-0.02414186,0.15560548,0.28118107,0.28074867,0.26272073,0.2506656
@AttaHalilintar,0.19266553,0.37301242,0.16867867,0.32349163,0.10892489,1.0,0.2844392,0.04918945,0.35952485,0.26766202,0.17329308,0.16539654,0.19951028,0.28511712,-0.11397029,-0.033657134,-0.02016438,0.32569087,0.2877004,0.2928264,0.45936072,0.14715487,0.37647468,-0.08510962,-0.0055699516,0.18328367,0.43353707,0.09227796,-0.04874725,0.15258966,0.34006625,-0.058358394,0.15562825,0.16259915,0.40158525,0.54442626,0.29822987,-0.23724723,0.9042012,0.44883668,0.15148291,0.083653666,0.17482956,0.2308607,0.3062768,0.30766368,0.2591809,0.22067633,0.057298213,0.35459748,0.20537646,0.05795528,0.23348677,-0.044767495,-0.06926006,-0.2230058,0.887689,-0.20617501,0.89226496,0.38895017,0.35515296,-0.0068759574,-0.18689476,0.62950337,0.36031228,0.9003218,0.5862996,-0.05837544,0.56366503,-0.23644303,0.20227933,0.61495453,0.09714276,0.92714924,0.42514107,0.39136672,0.5981641,0.13369533,0.34016675,0.8422607,0.09887465,0.17606074,0.3561566,0.16648483,0.21166512,0.14888394,0.5971517,-0.13576664,-0.091276765,0.8488893,0.31909055,0.07838851,0.11476636,0.18375045,0.18764597,0.9037454,0.2025839,0.20953314,0.23335671,0.58256257
@Audrey-A,0.31055808,0.9390493,0.29147458,-0.028597482,0.34922972,0.2844392,0.9999999,0.03292267,0.90861374,0.061208826,0.2000911,0.110915735,0.09037483,0.1573725,-0.032093108,-0.16222575,-0.15022844,-0.011269249,0.92066556,0.8749847,0.17469716,0.07594331,0.5222977,-0.1737127,-0.1131374,0.24267435,0.19099823,0.077751055,-0.17737184,0.15494162,-0.026627082,-0.16113631,0.29476297,0.19495612,0.2143861,0.8499084,0.11434993,-0.046311546,0.19371563,0.12155932,0.18898001,0.19947693,0.37496975,0.21389966,-0.041105546,-0.047917645,0.17976099,0.23121066,0.08044359,0.008364385,0.06378262,0.024270717,0.9648336,0.021971066,-0.17209125,-0.019978374,0.37320948,-0.03275705,0.18322915,0.14057778,0.20320287,-0.13436271,-0.051887535,0.31509978,-0.027624404,0.22804144,0.5054112,-0.17235029,0.09342167,-0.05021377,0.96041083,0.22883263,0.12961107,0.17213184,0.8772889,0.89994943,0.019472376,0.45070338,0.18173918,0.25259918,0.04648827,0.11025491,0.29667616,0.08657872,0.11571158,0.045768604,0.28999525,0.013661745,-0.1761009,0.18434168,-0.003698322,0.21598466,0.10874367,0.17043999,0.23488247,0.21404204,0.123801865,0.08819473,0.0840123,0.1516183
@AutonetMagz,0.016500425,-0.010985379,0.013983678,0.08024572,0.01694586,0.04918945,0.03292267,0.99999964,0.03228471,0.03530357,0.034480464,-0.15654387,0.16224559,0.17286927,0.13377802,0.32988375,0.34755254,0.17199975,0.008449761,-0.00035116076,0.03614921,0.97564954,0.1575717,0.30109125,0.31530142,0.9009824,0.0120055955,0.004310554,0.2985199,-0.1375399,0.08788796,0.29986784,0.04918313,0.043878637,0.002548718,0.07128358,-0.12664069,-0.096406,0.09455954,0.06457414,-0.008424234,0.9468344,0.13781188,-0.12467771,0.091684915,0.08030246,0.101619124,0.020601002,0.94273317,0.0935626,0.13240558,0.99754196,0.04026876,0.02718173,0.31076768,-0.10897279,0.064037874,0.025956195,0.041192885,0.058044877,0.021498654,0.27907926,0.019053556,0.079326645,0.09118532,0.038541608,0.09103447,0.37005115,0.007270635,-0.08075798,0.08088863,0.7018531,0.9666761,0.031190641,-0.020639764,-0.029651392,0.10521256,0.009084548,0.07804853,0.028543703,0.96670425,0.1384001,0.10232945,0.1271257,0.17222443,0.980971,-0.046255287,-0.009771371,0.24294189,0.051834244,0.10924727,0.10875392,0.9793999,-0.17511849,0.0028407103,0.07431263,0.15373865,0.11809904,0.14954038,0.2379457
@BeemzAryo,0.25986648,0.96340597,0.35460466,0.031131074,0.2686131,0.35952485,0.90861374,0.03228471,0.99999976,0.12391034,0.27169096,0.04046178,-0.022462942,0.05787896,-0.11962173,-0.16249762,-0.12791596,0.03139675,0.9328532,0.8125611,0.17555979,0.07251613,0.588891,-0.16612285,-0.10108331,0.2203629,0.3168682,-0.038748264,-0.18163255,0.07319702,0.04106258,-0.16304445,0.36209843,0.2626807,0.35875702,0.81685644,0.033602566,-0.14556734,0.26004192,0.21773058,0.26032728,0.19892716,0.4647889,0.1152207,0.025969341,0.02331036,0.088149786,0.32406634,0.058808513,0.07680794,-0.07347329,0.019153621,0.94621456,-0.07659475,-0.17496672,-0.11373993,0.48542166,-0.13618387,0.28116363,0.26029596,0.35058814,-0.14070557,-0.14791942,0.37394333,0.035315745,0.32378623,0.49555546,-0.15990585,0.1254738,-0.14678119,0.92593366,0.28071547,0.15075496,0.2244094,0.89648724,0.8959117,0.08110201,0.514469,0.28539905,0.37671363,0.040420838,-0.022945058,0.26952675,-0.041654225,-0.022734212,0.04848166,0.39658433,-0.077097535,-0.17505673,0.2951089,0.07439766,0.26504552,0.123893365,0.1006867,0.31089175,0.28613698,0.015236713,-0.03936076,-0.05034983,0.13733873
@BimbelBrilian,0.23190132,0.096417956,-0.03307278,-0.011306465,0.055753138,0.26766202,0.061208826,0.03530357,0.12391034,1.0000001,-0.03719797,0.14539991,0.53872967,0.51961553,0.049824946,0.259856,0.2726745,-0.035489745,0.19250524,0.26732698,0.38167655,0.077310085,0.23473224,0.2584133,0.27160558,0.11114837,0.8859823,0.058420487,0.32480818,0.13720146,-0.0037378743,0.25968906,-0.051227633,-0.025503853,0.8643441,0.26889414,0.22774014,-0.024925783,0.3792776,0.8723668,-0.016161127,0.065516174,-0.01586546,0.16184042,-0.016309224,-0.030256383,0.61628497,-0.0154384915,0.05413554,0.008052403,0.40198925,0.056227926,0.021473918,0.15970767,0.2466028,-0.06811169,0.20312217,-0.057025492,0.24477084,0.89307106,0.8541302,0.27070153,-0.024981461,0.73359704,0.00522661,0.32086116,0.38111824,0.25583476,0.82672906,-0.041525006,0.059721615,0.3880006,0.070658594,0.34264338,0.112161696,0.10387814,0.062330518,-0.055712912,0.8910554,0.19863626,-0.010353733,0.4002683,0.25213847,0.4069144,0.4400486,0.07155799,0.37108284,0.026406892,0.2582168,0.45808142,-0.012519132,-0.032040544,0.047388233,0.097617015,-0.034499336,0.29920128,0.50644445,0.41346702,0.41374788,0.09076303
@BoengkoesNetwork,0.03462286,0.2131427,0.9822533,-0.054685775,-0.039489113,0.17329308,0.2000911,0.034480464,0.27169096,-0.03719797,1.0000001,-0.10193673,-0.08284694,-0.031871025,-0.103255235,-0.107384995,-0.018776711,-0.028821032,0.10024649,0.03079559,0.019148713,0.04130281,0.25416228,-0.0868565,-0.045720287,0.078907624,0.07494475,-0.13785772,-0.10272102,-0.05439834,-0.015462058,-0.115473785,0.98520297,0.99275136,0.10102846,0.1315587,-0.0881676,-0.14817688,0.15744491,0.06292814,0.9870789,0.09714883,0.9036567,-0.0061653014,-0.027725698,-0.044601284,-0.09476325,0.9923947,0.008795498,-0.023056857,-0.120092645,0.020450395,0.20977086,-0.12279691,-0.09371321,-0.11874076,0.32351166,-0.13692902,0.16086933,0.061685614,0.09375289,-0.110282585,-0.14879829,0.17054299,-0.05119084,0.2026522,0.08514148,-0.092632905,-0.0011128448,-0.14529258,0.19930436,0.20589808,0.10414155,0.0641623,0.17581251,0.16669586,0.057459533,0.8984997,0.08049175,0.2527804,0.035384692,-0.07536414,0.04181113,-0.083054155,-0.09919512,0.025357619,0.7333485,-0.13002849,-0.0978677,0.21553482,-0.008232921,0.9191443,0.0763037,-0.04813516,0.9898653,0.14512771,-0.06425463,-0.07741745,-0.08195926,-0.092457525
@BrandonKentEverything,0.855646,0.05341,-0.11382565,-0.07283348,0.046914935,0.16539654,0.110915735,-0.15654387,0.04046178,0.14539991,-0.10193673,0.99999976,-0.17446175,-0.19719952,-0.07431866,0.24907655,0.19913548,-0.08555472,0.03646025,0.010897409,0.79870415,-0.08561243,0.6396797,0.21815476,0.26954088,0.08751845,0.07005734,0.34277776,0.2429116,0.91152704,-0.13582468,0.28796834,-0.13208166,-0.10906057,0.0076935436,0.28471807,0.86344045,0.08469008,0.08021465,-0.05336265,-0.06253256,-0.1440472,-0.11871644,0.88707125,-0.12909374,-0.11406638,-0.12959266,-0.10676961,-0.069271974,-0.08930792,-0.16686195,-0.14923514,0.04230544,-0.017113466,0.23033807,0.12371604,-0.0008992031,0.089256555,0.011470102,-0.016051795,-0.024604317,0.36296248,0.045034394,0.08028315,-0.09661406,0.011377472,0.6840787,0.16625187,0.1404148,0.08420796,-0.0013503619,-0.029460978,-0.13242722,0.1327355,0.056227475,0.046035513,0.016628476,-0.08577686,0.05860451,0.105414085,-0.10481165,-0.1940507,0.8409705,-0.19094288,-0.13019651,-0.078648515,0.08356413,0.030422889,0.25019172,0.07957971,-0.14193645,-0.124668926,-0.1138486,0.9222831,-0.10853541,-0.02891714,-0.20522428,-0.19442877,-0.17106865,0.379412
@CNBC_ID,-0.096812636,0.0004849173,-0.07477616,0.04826709,0.22641227,0.19951028,0.09037483,0.16224559,-0.022462942,0.53872967,-0.08284694,-0.17446175,0.9999999,0.976866,0.22988006,0.07396314,0.07297309,0.06821131,0.07920886,0.2529877,0.009349226,0.1903694,-0.14112201,0.061782215,0.05136414,0.1648292,0.46127316,0.14856012,0.13712661,-0.11970113,0.06426765,0.046901435,-0.074086845,-0.063256875,0.429128,0.1563622,-0.013451505,0.058292013,0.3465994,0.63598627,-0.097733095,0.18437159,-0.06554581,-0.054023206,0.053533114,0.031680256,0.95809025,-0.09163855,0.15618175,0.06462628,0.95588243,0.18651968,0.02133913,0.32583833,0.07778113,-0.01167075,0.1326747,0.045858808,0.19166106,0.5276217,0.4356246,0.041190848,0.11461476,0.5497978,0.0705164,0.25227523,0.0985674,0.086875595,0.6123546,0.04291246,0.08916144,0.40303895,0.14142852,0.29822928,0.0038913675,0.02788021,0.11024243,-0.09603976,0.4932115,0.09279078,0.107426405,0.97161055,-0.08409805,0.9686297,0.9654343,0.16239718,0.10373702,0.14102186,0.054391205,0.28986454,0.05135822,-0.026896257,0.1343776,-0.16328517,-0.086937144,0.3051312,0.9876713,0.9683747,0.9618332,0.0670802
@CNNIDOFFICIAL,-0.10987224,0.07939078,-0.018664628,0.089711756,0.27071863,0.28511712,0.1573725,0.17286927,0.05787896,0.51961553,-0.031871025,-0.19719952,0.976866,1.0,0.2443954,0.0066487584,0.010626005,0.11207783,0.1474784,0.3162949,0.010404712,0.20587584,-0.10443618,-0.007144049,-0.00900062,0.191187,0.49362797,0.16609779,0.061478328,-0.13419582,0.11014387,-0.021045042,-0.015546409,-0.0109370705,0.46446675,0.23333655,-0.017061438,0.0521986,0.43232787,0.67008793,-0.054568317,0.20961371,-0.0010233503,-0.060440846,0.0956948,0.07423734,0.9570178,-0.0323877,0.15662013,0.11179693,0.95309234,0.19463597,0.08882889,0.34329322,0.0057718065,-0.011692863,0.23632555,0.048037156,0.27627984,0.5502757,0.46874186,-0.024686497,0.118928924,0.6053306,0.11542186,0.34723,0.14692406,0.022557382,0.63806254,0.0388245,0.15564397,0.47848213,0.16040374,0.3754619,0.08400007,0.10488227,0.16984951,-0.03939227,0.50043184,0.18101797,0.12483224,0.96655625,-0.07864998,0.961998,0.95982134,0.17444617,0.16920222,0.15256715,-0.018797282,0.3792202,0.100056514,0.029715873,0.15778813,-0.17548442,-0.0326926,0.39592326,0.9872174,0.96678877,0.9671227,0.12068379
@CoachJustinl28,-0.15431666,-0.10465335,-0.08562811,-0.050132878,0.734599,-0.11397029,-0.032093108,0.13377802,-0.11962173,0.049824946,-0.103255235,-0.07431866,0.22988006,0.2443954,1.0000002,-0.169902,-0.18705016,0.04106509,-0.08759154,-0.03915947,-0.23944937,0.0799096,-0.1799382,-0.1613421,-0.20041457,0.111712635,0.04531655,0.75361776,-0.1502082,-0.12877637,-0.03380351,-0.17020485,-0.075449176,-0.08615427,-0.01740014,-0.15946457,-0.055371355,0.8503103,-0.045467112,0.08697124,-0.11295701,0.13380441,-0.06083484,-0.11522188,-0.041523248,-0.029099468,0.2549217,-0.12183158,0.092294164,-0.06038059,0.3225447,0.13372183,-0.070644096,0.9183139,-0.16558772,0.81999767,-0.08664494,0.8794068,-0.033106223,0.077472866,0.072047636,-0.19536527,0.90684104,0.100848556,-0.034763794,0.03788073,-0.12398413,-0.15017438,0.09408191,0.8458301,-0.017187584,0.09254338,0.064942405,-0.03588667,-0.12487005,-0.11404381,-0.0771478,-0.06927064,0.051273696,-0.18074207,0.14148688,0.25887617,-0.20056452,0.2482261,0.31999928,0.05713211,-0.1073136,0.89105225,-0.1716513,-0.104505286,-0.028744582,0.024586087,0.095935695,-0.17042446,-0.105450965,-0.008087657,0.2777971,0.27555972,0.26728797,0.097668916
@DHIARCOM,0.3285742,-0.15594085,-0.15118933,-0.06640108,-0.30073392,-0.033657134,-0.16222575,0.32988375,-0.16249762,0.259856,-0.107384995,0.24907655,0.07396314,0.0066487584,-0.169902,1.0000002,0.9851836,-0.10754121,-0.13536708,-0.11632648,0.4662622,0.3788157,0.19871345,0.9872015,0.9848694,0.29293188,0.05913873,-0.17354047,0.98847663,0.18360391,-0.10351754,0.9933845,-0.14571986,-0.113297306,0.07000126,-0.030699158,0.12517826,-0.19069651,0.023986952,0.058190577,-0.10763383,0.2027202,-0.16614726,0.12648886,-0.07253416,-0.08401861,-0.0048242193,-0.12274036,0.4151392,-0.09552944,0.00084366463,0.34518513,-0.16385433,-0.23119739,0.9945928,-0.21525294,-0.09871878,-0.19395487,-0.048632227,0.08407281,0.010510207,0.9839858,-0.19813046,0.035149,-0.076546974,-0.10993145,0.19951876,0.9879236,0.15560609,-0.19180416,-0.16740808,0.16336776,0.2896821,-0.03696166,-0.13713534,-0.12639281,-0.05440763,-0.19313025,0.13680768,-0.07151456,0.32417032,0.013209784,0.40281016,0.023565983,0.010174643,0.41188335,-0.045750458,-0.2450415,0.9865898,0.02443889,-0.10424816,-0.15513584,0.30290952,0.14034316,-0.12347752,-0.06471781,0.018554147,-0.0024626646,0.038414117,0.04985418
@DKIDchannel,0.31466317,-0.13105017,-0.069568485,-0.08027903,-0.30881202,-0.02016438,-0.15022844,0.34755254,-0.12791596,0.2726745,-0.018776711,0.19913548,0.07297309,0.010626005,-0.18705016,0.9851836,0.9999999,-0.11926009,-0.11925844,-0.10928621,0.44824055,0.39821357,0.22484633,0.9776162,0.9873742,0.31177643,0.09303945,-0.20820545,0.98129416,0.14187455,-0.110361025,0.9751824,-0.060268044,-0.025033116,0.11121009,-0.022072675,0.07880865,-0.21619633,0.040119413,0.08958182,-0.021650176,0.23582757,-0.07767369,0.09086548,-0.08047785,-0.09484811,-0.0070017427,-0.032863393,0.43363798,-0.10240211,-0.012981346,0.36018032,-0.1433546,-0.24769291,0.98635316,-0.23715924,-0.061744172,-0.2190215,-0.02889216,0.119789794,0.051728427,0.96707463,-0.22591025,0.06919582,-0.089360945,-0.085770324,0.1904157,0.9812707,0.16027889,-0.21583724,-0.14718145,0.1991281,0.3260929,-0.038716722,-0.11911601,-0.11019282,-0.06109809,-0.11600147,0.17618132,-0.04604867,0.3404785,0.0065492634,0.3855995,0.01542642,0.0011185333,0.42653787,0.029132562,-0.26470613,0.9753829,0.04970423,-0.10732413,-0.07325409,0.32797688,0.10065188,-0.040191766,-0.049320184,0.01871954,-0.009423371,0.028083801,0.018955179
@Dewa19,-0.0668026,-0.024164438,-0.025434451,0.9617142,0.1113428,0.32569087,-0.011269249,0.17199975,0.03139675,-0.035489745,-0.028821032,-0.08555472,0.06821131,0.11207783,0.04106509,-0.10754121,-0.11926009,1.0000001,-0.010540966,-0.030859,0.060849994,0.16704372,-0.01623395,-0.10911901,-0.11593142,0.17711383,0.07494216,0.17710242,-0.10300193,-0.0006603962,0.96560156,-0.10076289,-0.0066882465,-0.009198456,-0.029441826,0.1357362,0.16585375,-0.033055842,0.23777846,0.07771773,-0.032830272,0.15542355,0.043270253,0.045332562,0.96523976,0.95451313,0.086866334,-0.010193961,0.04350286,0.9598254,0.12610935,0.17840692,-0.02299623,0.0814938,-0.11728482,-0.04692693,0.13279352,0.0037908335,0.14662394,0.058373228,0.034815475,-0.086347096,0.033269353,0.02514141,0.9637631,0.21664383,0.068985626,-0.07933259,0.09988381,-0.020713305,0.0010037469,0.3417948,0.11926075,0.2967267,-0.035181295,-0.033152647,0.9060682,-0.013277365,0.042199492,0.5829768,0.121160954,0.07816388,-0.024208987,0.07759212,0.13815784,0.18411778,-0.05728453,0.045268603,-0.12576933,0.3004532,0.96299696,0.06822362,0.1704452,-0.030904863,-0.012058419,0.24405977,0.06706835,0.08894484,0.12773564,0.6202903
@DuniaBinatangLiar,0.23915544,0.95488715,0.18161266,-0.001479385,0.25067526,0.2877004,0.92066556,0.008449761,0.9328532,0.19250524,0.10024649,0.03646025,0.07920886,0.1474784,-0.08759154,-0.13536708,-0.11925844,-0.010540966,1.0000001,0.9460424,0.15641977,0.044127118,0.4724361,-0.14356351,-0.08258615,0.17044371,0.3384957,-0.01930498,-0.14643395,0.07877866,0.008133134,-0.13388668,0.18475688,0.09185804,0.40283632,0.861984,0.043669548,-0.101814665,0.22070244,0.26754412,0.088393115,0.15580589,0.26078308,0.11941391,-0.008418309,-0.0120299,0.1820128,0.14834309,0.040079765,0.037985295,0.025732182,-0.00014533289,0.93088853,-0.025870636,-0.14781815,-0.08690748,0.39240086,-0.1070627,0.2238634,0.2987572,0.3695777,-0.11375518,-0.1138324,0.36942297,0.0049402025,0.26019025,0.48004282,-0.13408679,0.17936009,-0.10867387,0.9123147,0.22764894,0.10813041,0.20146094,0.91740245,0.9277441,0.025317606,0.3201191,0.31046838,0.26385275,0.011666405,0.074343204,0.23581843,0.059559174,0.06572291,0.02466562,0.26497462,-0.048284523,-0.14460029,0.2696054,0.030237734,0.09428539,0.08376828,0.097353846,0.14226478,0.2518611,0.11495799,0.056556866,0.046337295,0.08132526
@Dunia_Alam,0.19874102,0.8826967,0.10758957,-0.022441268,0.23959234,0.2928264,0.8749847,-0.00035116076,0.8125611,0.26732698,0.03079559,0.010897409,0.2529877,0.3162949,-0.03915947,-0.11632648,-0.10928621,-0.030859,0.9460424,1.0000002,0.14433153,0.04123588,0.3533033,-0.12972859,-0.07074703,0.13818024,0.368702,0.0022590924,-0.1161394,0.0627133,-0.00814204,-0.117225766,0.10190177,0.02594095,0.43765175,0.8426765,0.05004243,-0.07483637,0.26317412,0.34590012,0.017158113,0.12656125,0.1497741,0.11654224,-0.027164057,-0.033195935,0.34171408,0.07293321,0.039605692,0.013708554,0.20422742,-0.0015891315,0.8475292,0.036371548,-0.12678033,-0.07776125,0.37850845,-0.08664429,0.24195783,0.34714803,0.38617966,-0.09775281,-0.08567616,0.43173513,-0.009253517,0.28005034,0.4659795,-0.1184684,0.2823369,-0.08560041,0.8355181,0.24198397,0.08185476,0.24777353,0.8840051,0.9069876,0.015331656,0.20804842,0.34394377,0.21980447,0.0036997115,0.249567,0.19789468,0.23534565,0.2327438,0.018535752,0.23863095,-0.020471737,-0.12616113,0.2880177,0.0023198342,0.018274523,0.06211378,0.06980577,0.07009941,0.2892133,0.28647757,0.23245609,0.22602998,0.058975115
@DylandPROS,0.8570061,0.16974787,-0.0063617527,0.100439906,-0.100242436,0.45936072,0.17469716,0.03614921,0.17555979,0.38167655,0.019148713,0.79870415,0.009349226,0.010404712,-0.23944937,0.4662622,0.44824055,0.060849994,0.15641977,0.14433153,0.9999999,0.15227783,0.76047623,0.4243134,0.5049302,0.2915453,0.3539947,0.1345995,0.46520233,0.8021295,0.040666528,0.4882306,-0.019715136,0.012809128,0.29311645,0.49032262,0.82913333,-0.20394662,0.4247434,0.2533697,0.046880446,0.040192354,0.014878633,0.81699777,0.04131888,0.04370712,0.056925334,0.036394697,0.11852907,0.09895692,-0.029537309,0.047424294,0.11200962,-0.17406958,0.43959448,-0.1795384,0.27921024,-0.19363867,0.2774942,0.27440786,0.2332901,0.56975436,-0.2059981,0.38231382,0.086599715,0.29662263,0.8624199,0.40143675,0.44764468,-0.20814568,0.07209537,0.3456847,0.0795864,0.41930857,0.19229168,0.17560504,0.26319557,-0.0133290775,0.3417435,0.42996508,0.07184714,-0.05323921,0.9373616,-0.051196136,0.018186856,0.16358683,0.3297515,-0.20320222,0.44073224,0.4520256,0.033077758,-0.030477453,0.09554046,0.78616476,0.013744315,0.27151996,-0.035985008,-0.051897418,-0.0036520527,0.51949614
@FitraEri,0.1015167,0.036053322,0.016422804,0.08309404,0.0025957562,0.14715487,0.07594331,0.97564954,0.07251613,0.077310085,0.04130281,-0.08561243,0.1903694,0.20587584,0.0799096,0.3788157,0.39821357,0.16704372,0.044127118,0.04123588,0.15227783,1.0000004,0.2481235,0.3427204,0.3741368,0.93253684,0.05911933,0.0044794492,0.34653854,-0.06428922,0.086172916,0.34827334,0.050642192,0.047540125,0.05042061,0.15696785,-0.04507532,-0.14989835,0.19388223,0.11135402,-0.0037970843,0.93589324,0.14100066,-0.042005137,0.08806422,0.0756943,0.13150805,0.031564735,0.95853007,0.100048274,0.15464428,0.97456056,0.07612567,-0.00989167,0.35768342,-0.15611061,0.14693993,-0.02702521,0.11732238,0.097122185,0.053185068,0.33985937,-0.033869572,0.15073527,0.09575556,0.117201164,0.20545307,0.410627,0.075555444,-0.13676827,0.10710324,0.7683759,0.96949095,0.12122521,0.03458309,0.023039278,0.14587015,0.00988822,0.119659215,0.1065782,0.97086424,0.1608791,0.21226603,0.148671,0.19929153,0.9877238,0.015317254,-0.055446982,0.28688195,0.1415569,0.10323269,0.09565984,0.9746334,-0.09962718,0.008299844,0.15698653,0.1765114,0.14100489,0.18116102,0.30419856
@FrontaLGaming,0.8160709,0.52660245,0.26454526,-0.022495555,0.11247041,0.37647468,0.5222977,0.1575717,0.588891,0.23473224,0.25416228,0.6396797,-0.14112201,-0.10443618,-0.1799382,0.19871345,0.22484633,-0.01623395,0.4724361,0.3533033,0.76047623,0.2481235,0.9999999,0.17377111,0.26818007,0.46507493,0.31147566,0.13347971,0.17893049,0.65907663,-0.060334615,0.21530977,0.26904494,0.24308524,0.28361818,0.6575271,0.5935129,-0.16476178,0.29392532,0.16198526,0.2655031,0.26520365,0.37226176,0.67314756,-0.064527355,-0.06584252,-0.057332397,0.28107476,0.23927952,0.006843529,-0.1970987,0.14993307,0.5140497,-0.14387807,0.17732266,-0.110973254,0.36781693,-0.11799486,0.23463881,0.21831718,0.2610048,0.28298217,-0.15518636,0.36500055,-0.037452836,0.27240235,0.8451412,0.15417252,0.21219318,-0.162482,0.4745409,0.39060855,0.26463228,0.26003167,0.47864217,0.45895505,0.10531664,0.3565606,0.3090132,0.39879566,0.19998491,-0.18029626,0.8591528,-0.1905218,-0.11758265,0.23007418,0.4370485,-0.119890064,0.1699249,0.3251798,-0.03427584,0.23664862,0.25222188,0.6663833,0.2518615,0.19827186,-0.1511572,-0.19355783,-0.17618331,0.40226322
@GadgetGaul,0.3021987,-0.1678205,-0.12939343,-0.06551308,-0.29641536,-0.08510962,-0.1737127,0.30109125,-0.16612285,0.2584133,-0.0868565,0.21815476,0.061782215,-0.007144049,-0.1613421,0.9872015,0.9776162,-0.10911901,-0.14356351,-0.12972859,0.4243134,0.3427204,0.17377111,0.9999999,0.97888947,0.26142442,0.05752384,-0.1820859,0.983573,0.15792227,-0.1001053,0.98963416,-0.12232749,-0.09032264,0.068859756,-0.060660515,0.096086115,-0.17081635,-0.027059887,0.050936077,-0.08435233,0.17813985,-0.14041796,0.0993287,-0.06764811,-0.08062456,-0.019109726,-0.103089206,0.37331307,-0.09409484,-0.01697483,0.31589377,-0.16932175,-0.22126752,0.9903897,-0.19568244,-0.14050952,-0.1820581,-0.096983366,0.08195864,0.014239728,0.9751183,-0.18723382,0.007689899,-0.078321576,-0.15365322,0.15084367,0.989111,0.1277747,-0.171529,-0.16991192,0.12015715,0.25951537,-0.091187194,-0.15464571,-0.14324483,-0.07189067,-0.16738072,0.13892333,-0.10367307,0.28384376,-0.00044579618,0.36282256,0.011531198,-0.005715033,0.37476987,-0.056489512,-0.23204733,0.99280846,-0.010412223,-0.09923077,-0.12315473,0.27160275,0.10871054,-0.101614654,-0.110649824,0.007576816,-0.017869778,0.018696249,0.011828072
@GadgetIn,0.38241613,-0.100752585,-0.08994718,-0.07196742,-0.30724657,-0.0055699516,-0.1131374,0.31530142,-0.10108331,0.27160558,-0.045720287,0.26954088,0.05136414,-0.00900062,-0.20041457,0.9848694,0.9873742,-0.11593142,-0.08258615,-0.07074703,0.5049302,0.3741368,0.26818007,0.97888947,1.0000005,0.30323073,0.09540053,-0.18801436,0.97766495,0.21820438,-0.10643439,0.9849274,-0.085843265,-0.05158508,0.11201173,0.026669782,0.15063606,-0.21317706,0.042380553,0.082714394,-0.043938953,0.20981672,-0.098851815,0.16650578,-0.076495394,-0.08911134,-0.019870587,-0.057671808,0.40778762,-0.09457648,-0.032661453,0.32832992,-0.11536254,-0.25174898,0.9859645,-0.23033492,-0.060278118,-0.21858966,-0.03148365,0.11523751,0.04993467,0.98358667,-0.2280644,0.06786028,-0.082694426,-0.08708437,0.2520231,0.97764325,0.16475078,-0.21384916,-0.12275274,0.18324886,0.29853377,-0.026239771,-0.08092668,-0.07188222,-0.05318421,-0.13108543,0.17407745,-0.035292625,0.314551,-0.012978507,0.44780868,-0.0031323303,-0.015166607,0.4025112,0.021850735,-0.26784405,0.980744,0.05805302,-0.1044485,-0.10011822,0.30302852,0.17243576,-0.062339973,-0.04762443,-0.0018980931,-0.030236324,0.0087169185,0.046992652
@GarasiDrift,0.30821288,0.16337548,0.07239945,0.088290095,0.13188806,0.18328367,0.24267435,0.9009824,0.2203629,0.11114837,0.078907624,0.08751845,0.1648292,0.191187,0.111712635,0.29293188,0.31177643,0.17711383,0.17044371,0.13818024,0.2915453,0.93253684,0.46507493,0.26142442,0.30323073,1.0000004,0.13502577,0.12986094,0.2678404,0.12420802,0.0771315,0.27552837,0.10727465,0.08912961,0.086845055,0.31086707,0.14154163,-0.09254494,0.19113874,0.12953806,0.046713963,0.93043756,0.23936275,0.1642366,0.077583894,0.066386946,0.15114073,0.07255851,0.8966083,0.11171203,0.13028,0.89885324,0.22902237,0.053419843,0.27218658,-0.08762546,0.15757203,0.03331978,0.09017775,0.13377862,0.11346404,0.28651017,0.0162531,0.21888685,0.09209399,0.121346176,0.38967556,0.31248176,0.1068833,-0.0777133,0.26571903,0.7745349,0.9198643,0.12941626,0.12614304,0.11766256,0.15845302,0.11923374,0.19143584,0.16415729,0.89261365,0.13317764,0.38796952,0.11492598,0.20468633,0.91252196,0.078075334,0.009249106,0.20833686,0.15185562,0.103469,0.17547296,0.9230274,0.08288526,0.048753127,0.13650955,0.15276395,0.110412136,0.15262385,0.41327125
@HujanTandaTanya,0.19777048,0.26360583,0.090665445,0.10008985,0.12693343,0.43353707,0.19099823,0.0120055955,0.3168682,0.8859823,0.07494475,0.07005734,0.46127316,0.49362797,0.04531655,0.05913873,0.09303945,0.07494216,0.3384957,0.368702,0.3539947,0.05911933,0.31147566,0.05752384,0.09540053,0.13502577,1.0000005,0.059309244,0.11746111,0.08244952,0.11769788,0.058287963,0.07482086,0.088535026,0.948309,0.3986891,0.1982944,-0.063366726,0.4942621,0.942526,0.09444651,0.09311609,0.13609901,0.1266246,0.096748635,0.087656066,0.5940381,0.11570991,0.0064563397,0.13726512,0.3397197,0.02808918,0.16593005,0.16682965,0.04499115,-0.09611666,0.3811171,-0.08761788,0.38498718,0.9783284,0.97734284,0.07635733,-0.04710684,0.84468275,0.124015465,0.48597556,0.44652838,0.0650492,0.85877633,-0.071628734,0.20360911,0.49092442,0.07907367,0.45904365,0.25966808,0.24485323,0.19218087,0.089815535,0.9514775,0.39689374,-0.02699017,0.33356273,0.22569722,0.33488768,0.3861367,0.04678963,0.5151988,0.027506864,0.053590514,0.60545075,0.119796276,0.08409685,0.054310165,0.05374577,0.086650774,0.4404852,0.4537993,0.35229677,0.35356534,0.17632133
@IBLTV,0.21393296,-0.023103954,-0.12774625,0.0907717,0.7743671,0.09227796,0.077751055,0.004310554,-0.038748264,0.058420487,-0.13785772,0.34277776,0.14856012,0.16609779,0.75361776,-0.17354047,-0.20820545,0.17710242,-0.01930498,0.0022590924,0.1345995,0.0044794492,0.13347971,-0.1820859,-0.18801436,0.12986094,0.059309244,0.99999994,-0.15944962,0.3025457,0.07147899,-0.1589744,-0.12045365,-0.12977535,-0.042762585,0.071508996,0.3983714,0.820002,0.08585365,0.049284454,-0.13757528,0.026378792,-0.10275613,0.3350684,0.06584103,0.078387775,0.20327465,-0.15513903,-0.014340721,0.0727358,0.26353192,0.0063874293,0.0037001884,0.8280002,-0.17519134,0.8133344,-0.0043820515,0.84012127,0.054786462,0.03477276,0.02264661,-0.13601983,0.8302487,0.12387554,0.09180315,0.12929216,0.22904864,-0.18837903,0.16486257,0.8208858,0.02813214,0.11705062,-0.043774955,0.14660573,-0.04062168,-0.040426012,0.11974962,-0.09302272,0.044819303,0.03848679,0.027740836,0.17405856,0.17981553,0.16570702,0.27466276,-0.015082478,-0.0654347,0.82838714,-0.1796487,0.028466607,0.07059929,-0.034731224,-0.0061900318,0.27219105,-0.13766637,0.081961825,0.17654918,0.19560528,0.20560953,0.41748628
@JagatReview,0.33056444,-0.17689575,-0.14735699,-0.062097713,-0.2878601,-0.04874725,-0.17737184,0.2985199,-0.18163255,0.32480818,-0.10272102,0.2429116,0.13712661,0.061478328,-0.1502082,0.98847663,0.98129416,-0.10300193,-0.14643395,-0.1161394,0.46520233,0.34653854,0.17893049,0.983573,0.97766495,0.2678404,0.11746111,-0.15944962,0.9999998,0.18798205,-0.096925326,0.98412275,-0.14216253,-0.10607307,0.118732944,-0.0408086,0.139593,-0.16854197,0.017888598,0.11655383,-0.09849499,0.17916478,-0.16396156,0.13568893,-0.06696515,-0.08014843,0.05723685,-0.120242834,0.3767033,-0.08864721,0.054164756,0.3169241,-0.18247667,-0.19536048,0.9905287,-0.20058587,-0.12435569,-0.1804333,-0.069244474,0.14390285,0.06531996,0.97676647,-0.17962053,0.07234278,-0.072178036,-0.118848085,0.19147542,0.98062456,0.20832345,-0.17112637,-0.18065919,0.15863872,0.26059264,-0.04511007,-0.16272193,-0.15041636,-0.055589564,-0.19155905,0.20157321,-0.08258718,0.28170165,0.06510204,0.38876244,0.075507976,0.06726183,0.37532985,-0.03524936,-0.22241795,0.985946,0.029318567,-0.0988005,-0.141552,0.26894146,0.13670953,-0.1197762,-0.07649009,0.075759895,0.04913892,0.08878089,0.03072948
@JessNoLimit,0.873868,0.073563196,-0.065155625,0.008981073,0.013993077,0.15258966,0.15494162,-0.1375399,0.07319702,0.13720146,-0.05439834,0.91152704,-0.11970113,-0.13419582,-0.12877637,0.18360391,0.14187455,-0.0006603962,0.07877866,0.0627133,0.8021295,-0.06428922,0.65907663,0.15792227,0.21820438,0.12420802,0.08244952,0.3025457,0.18798205,1.0000002,-0.053016063,0.22925363,-0.07708081,-0.05889328,0.02122134,0.35237992,0.90391386,0.020045236,0.08655857,-0.025648924,-0.01780467,-0.105817966,-0.057003625,0.94420743,-0.04788795,-0.037783492,-0.07156163,-0.057071783,-0.06879886,0.00014893524,-0.11878315,-0.13041334,0.08481138,-0.056373756,0.17273343,0.052912313,-0.012181915,0.026627915,-0.020207942,0.0023848522,-0.006268791,0.30797136,-0.008585125,0.08592172,-0.014582171,-0.0014019385,0.7176753,0.11202586,0.1513529,0.018371789,0.04241711,0.018352423,-0.10565278,0.13172756,0.07020268,0.06190229,0.08813617,-0.040551417,0.08365649,0.14037025,-0.09999049,-0.13613412,0.8538083,-0.13334116,-0.06911403,-0.060398452,0.07526918,-0.019521894,0.19109531,0.11769199,-0.057146788,-0.05608746,-0.09017788,0.9630663,-0.060939394,-0.031369343,-0.15209126,-0.14232941,-0.11279902,0.4053759
@Judika.Entertainment,-0.120296076,-0.012166339,-0.010789109,0.9838094,0.028412584,0.34006625,-0.026627082,0.08788796,0.04106258,-0.0037378743,-0.015462058,-0.13582468,0.06426765,0.11014387,-0.03380351,-0.10351754,-0.110361025,0.96560156,0.008133134,-0.00814204,0.040666528,0.086172916,-0.060334615,-0.1001053,-0.10643439,0.0771315,0.11769788,0.07147899,-0.096925326,-0.053016063,1.0,-0.095620796,0.0024823826,0.003283578,0.02978232,0.13246506,0.11173694,-0.103402644,0.26027673,0.12381616,-0.016754262,0.07265773,0.038355198,-0.011907932,0.99231577,0.9852173,0.08401284,0.010254758,-0.036613267,0.9798131,0.10511952,0.09457945,-0.028915012,0.009933268,-0.11230169,-0.12145991,0.15540297,-0.090849444,0.17173567,0.10436807,0.082936905,-0.08469934,-0.05373499,0.042369734,0.987489,0.23413156,0.03899298,-0.07228767,0.12611872,-0.09478753,-0.006651161,0.29366785,0.04687616,0.3103009,-0.009830115,-0.009341544,0.9130304,-0.010417655,0.0750797,0.599915,0.0332816,0.07043909,-0.068749376,0.07312562,0.112468734,0.10778367,-0.02900928,-0.03391071,-0.11377023,0.34670344,0.9901563,0.05417875,0.0902362,-0.07927958,0.0073471135,0.2666213,0.064731054,0.081665896,0.117226474,0.5450702
@K2G,0.36432084,-0.15966636,-0.15728754,-0.056108084,-0.29977703,-0.058358394,-0.16113631,0.29986784,-0.16304445,0.25968906,-0.115473785,0.28796834,0.046901435,-0.021045042,-0.17020485,0.9933845,0.9751824,-0.10076289,-0.13388668,-0.117225766,0.4882306,0.34827334,0.21530977,0.98963416,0.9849274,0.27552837,0.058287963,-0.1589744,0.98412275,0.22925363,-0.095620796,1.0000002,-0.15303865,-0.11969975,0.066030055,-0.028458368,0.16621172,-0.17433536,-0.00779618,0.04665701,-0.111192435,0.17683655,-0.16952157,0.16829848,-0.063817985,-0.07369523,-0.026806459,-0.130191,0.38187766,-0.08646403,-0.02753669,0.31525764,-0.16480131,-0.22770852,0.9910537,-0.19731985,-0.1297201,-0.18254635,-0.083091535,0.078690246,0.008764785,0.9909314,-0.18823333,0.014667846,-0.06940798,-0.14042899,0.21283838,0.9847347,0.14235958,-0.17547964,-0.16839673,0.13166535,0.2608719,-0.06149379,-0.14262483,-0.13061392,-0.055027626,-0.19489253,0.13591342,-0.08605869,0.29237345,-0.014131261,0.42886096,-0.003188163,-0.014277835,0.38163137,-0.061836183,-0.23553388,0.99144197,0.0045674676,-0.096523404,-0.1564363,0.27499127,0.1788719,-0.13023119,-0.097591326,-0.0084598195,-0.030598108,0.009346399,0.053622246
@KUBILER,0.019622223,0.29598868,0.98915255,-0.03637853,0.026994571,0.15562825,0.29476297,0.04918313,0.36209843,-0.051227633,0.98520297,-0.13208166,-0.074086845,-0.015546409,-0.075449176,-0.14571986,-0.060268044,-0.0066882465,0.18475688,0.10190177,-0.019715136,0.050642192,0.26904494,-0.12232749,-0.085843265,0.10727465,0.07482086,-0.12045365,-0.14216253,-0.07708081,0.0024823826,-0.15303865,1.0000002,0.98204523,0.096389405,0.18109392,-0.11494495,-0.12601894,0.13348372,0.05553994,0.9711364,0.13431084,0.9392002,-0.029105587,-0.00971887,-0.026939178,-0.07446398,0.98227346,0.015734227,-0.0016116044,-0.108261764,0.03414045,0.31159252,-0.09360084,-0.1323365,-0.09614247,0.31787866,-0.11429536,0.13518539,0.057967346,0.10199413,-0.15160573,-0.1237205,0.17007916,-0.034548666,0.18618798,0.0827725,-0.12604594,-0.022836316,-0.12321612,0.30962878,0.21142095,0.124064565,0.03819933,0.23838368,0.23493455,0.057593822,0.9459604,0.07938153,0.24875118,0.04193779,-0.0599916,0.02244701,-0.070633695,-0.08150472,0.031918652,0.7019373,-0.09721584,-0.13606116,0.18917963,0.016264843,0.93980783,0.09527747,-0.07201778,0.9838091,0.12785012,-0.048252214,-0.06655793,-0.07192488,-0.08678123
@Kenandgrat,0.03204873,0.19751225,0.980896,-0.035499662,-0.029062077,0.16259915,0.19495612,0.043878637,0.2626807,-0.025503853,0.99275136,-0.10906057,-0.063256875,-0.0109370705,-0.08615427,-0.113297306,-0.025033116,-0.009198456,0.09185804,0.02594095,0.012809128,0.047540125,0.24308524,-0.09032264,-0.05158508,0.08912961,0.088535026,-0.12977535,-0.10607307,-0.05889328,0.003283578,-0.11969975,0.98204523,0.9999997,0.10626422,0.123374626,-0.08473189,-0.13655964,0.14573829,0.07621953,0.9885586,0.10812101,0.913864,-0.0053853523,-0.008732754,-0.026110517,-0.07324498,0.9864801,0.010683369,-0.004793865,-0.09994866,0.030167274,0.20170206,-0.10315697,-0.099119276,-0.11052254,0.304287,-0.1265319,0.13901058,0.07545029,0.10736784,-0.115267724,-0.1370058,0.17503473,-0.031670157,0.188994,0.07877586,-0.095976144,0.0070501016,-0.13326576,0.19853961,0.2161799,0.110484704,0.050044134,0.15671271,0.14929716,0.06758922,0.9015931,0.0949516,0.25175685,0.03790788,-0.05785834,0.03200725,-0.065043926,-0.075852,0.031804346,0.7360687,-0.11758602,-0.10261905,0.21006687,0.01161675,0.9386577,0.08371877,-0.058345336,0.9853655,0.13138142,-0.04485578,-0.06023159,-0.062480178,-0.08514504
@KokBisa,0.13720393,0.32497358,0.11401298,0.0013037231,0.05638605,0.40158525,0.2143861,0.002548718,0.35875702,0.8643441,0.10102846,0.0076935436,0.429128,0.46446675,-0.01740014,0.07000126,0.11121009,-0.029441826,0.40283632,0.43765175,0.29311645,0.05042061,0.28361818,0.068859756,0.11201173,0.086845055,0.948309,-0.042762585,0.118732944,0.02122134,0.02978232,0.066030055,0.096389405,0.10626422,0.99999976,0.41914517,0.09390411,-0.116479844,0.49346966,0.94042754,0.10997115,0.07242646,0.12978487,0.046903893,0.008002609,-0.0011976231,0.5407038,0.1467883,0.0068956614,0.04028779,0.28680065,0.014903077,0.20858043,0.08470402,0.056694772,-0.1419892,0.4211229,-0.14270866,0.414432,0.95939183,0.9551991,0.07558502,-0.11333619,0.8177972,0.027868284,0.49320436,0.4097539,0.08114883,0.8012166,-0.1281373,0.22728747,0.45058152,0.080046795,0.44031483,0.33906186,0.31532186,0.10191477,0.09382925,0.9046428,0.34402144,-0.02244635,0.30521858,0.18175942,0.3105889,0.31983632,0.037711117,0.5216212,-0.044900488,0.0670262,0.6107249,0.029312069,0.067269936,0.04678786,0.007426088,0.11351332,0.45678702,0.4297765,0.32370597,0.3120742,0.04853092
@LuckyHakimChannel,0.48541975,0.84010726,0.1805968,0.13793936,0.18721384,0.54442626,0.8499084,0.07128358,0.81685644,0.26889414,0.1315587,0.28471807,0.1563622,0.23333655,-0.15946457,-0.030699158,-0.022072675,0.1357362,0.861984,0.8426765,0.49032262,0.15696785,0.6575271,-0.060660515,0.026669782,0.31086707,0.3986891,0.071508996,-0.0408086,0.35237992,0.13246506,-0.028458368,0.18109392,0.123374626,0.41914517,0.9999994,0.38014093,-0.19512069,0.46545905,0.34271792,0.121344075,0.18841068,0.24811707,0.43055016,0.11107641,0.105122246,0.2457679,0.1757654,0.1109445,0.17963946,0.11506146,0.06812869,0.7952933,-0.07594307,-0.052990794,-0.17401057,0.54198134,-0.17700288,0.3969959,0.34008217,0.36235613,0.02657234,-0.18815298,0.5038485,0.14367056,0.4410143,0.75139165,-0.0510549,0.35096157,-0.20191282,0.7624297,0.4452194,0.16315821,0.46045434,0.8401767,0.8398234,0.26358306,0.26998478,0.36598736,0.50115,0.089532256,0.13796328,0.5270988,0.121631354,0.16675496,0.13653018,0.38735193,-0.12985706,-0.06339192,0.5081291,0.14003076,0.10749109,0.15470453,0.36390275,0.1634599,0.44093263,0.16760671,0.12887244,0.14571208,0.37841725
@MILYHYA,0.82254434,0.028105292,-0.10092405,0.17619503,0.07604295,0.29822987,0.11434993,-0.12664069,0.033602566,0.22774014,-0.0881676,0.86344045,-0.013451505,-0.017061438,-0.055371355,0.12517826,0.07880865,0.16585375,0.043669548,0.05004243,0.82913333,-0.04507532,0.5935129,0.096086115,0.15063606,0.14154163,0.1982944,0.3983714,0.139593,0.90391386,0.11173694,0.16621172,-0.11494495,-0.08473189,0.09390411,0.38014093,1.0000005,0.05112152,0.22980353,0.09958382,-0.047385555,-0.10616849,-0.079892255,0.9527447,0.10755223,0.119689986,0.04458775,-0.08750529,-0.08588959,0.16513434,0.008807659,-0.11682195,0.01841927,0.051458463,0.109479696,0.069153324,0.059729192,0.059288673,0.07730192,0.10991727,0.08301844,0.25364247,0.043229587,0.19485544,0.15716504,0.12832539,0.73266053,0.059272125,0.29997563,0.046866663,-0.0048005674,0.14400691,-0.11097003,0.3014169,0.042551957,0.030888017,0.28393358,-0.08953672,0.16996488,0.2974635,-0.10250819,-0.04092418,0.80850947,-0.039596166,0.056871302,-0.042279474,0.1233696,0.040541388,0.121587835,0.2554517,0.09894357,-0.0675818,-0.08678433,0.87149286,-0.09179547,0.099488825,-0.048989598,-0.037496153,0.0043486618,0.5679563
@MNCTV_Sports,-0.05546335,-0.122349694,-0.1253648,-0.103843324,0.6969813,-0.23724723,-0.046311546,-0.096406,-0.14556734,-0.024925783,-0.14817688,0.08469008,0.058292013,0.0521986,0.8503103,-0.19069651,-0.21619633,-0.033055842,-0.101814665,-0.07483637,-0.20394662,-0.14989835,-0.16476178,-0.17081635,-0.21317706,-0.09254494,-0.063366726,0.820002,-0.16854197,0.020045236,-0.103402644,-0.17433536,-0.12601894,-0.13655964,-0.116479844,-0.19512069,0.05112152,0.9999999,-0.21024098,-0.06564836,-0.13918012,-0.091137014,-0.13531739,0.017501129,-0.101624,-0.08762793,0.09071233,-0.17093575,-0.11267111,-0.13161421,0.15736312,-0.09840205,-0.082345285,0.8798764,-0.17730829,0.9533293,-0.22681856,0.9583511,-0.17261305,-0.05455427,-0.046095945,-0.18931207,0.94421977,-0.06901138,-0.10424035,-0.12764849,-0.14259195,-0.18633357,-0.032781772,0.9936693,-0.05165252,-0.18559912,-0.1515804,-0.16771407,-0.14109612,-0.1306077,-0.16974756,-0.0960345,-0.061617307,-0.2867218,-0.08618407,0.09176894,-0.15402713,0.08567977,0.14717616,-0.16532215,-0.19290283,0.91918993,-0.16377714,-0.245745,-0.10095404,-0.046349876,-0.13590243,-0.008866753,-0.14235422,-0.17310421,0.09817359,0.10689494,0.089361355,0.01883113
@MajelisLucu,0.11365254,0.2912316,0.14187118,0.23835716,0.10503668,0.9042012,0.19371563,0.09455954,0.26004192,0.3792776,0.15744491,0.08021465,0.3465994,0.43232787,-0.045467112,0.023986952,0.040119413,0.23777846,0.22070244,0.26317412,0.4247434,0.19388223,0.29392532,-0.027059887,0.042380553,0.19113874,0.4942621,0.08585365,0.017888598,0.08655857,0.26027673,-0.00779618,0.13348372,0.14573829,0.49346966,0.46545905,0.22980353,-0.21024098,0.99999994,0.5747957,0.12312436,0.10344355,0.13063261,0.1567338,0.22680102,0.22324617,0.3891778,0.20241532,0.105653934,0.27223903,0.3438921,0.10489759,0.1486944,0.014514307,-0.012133575,-0.20933945,0.8661211,-0.18365932,0.91009617,0.4835614,0.4255545,0.032503974,-0.14852777,0.70006937,0.27717984,0.9336957,0.550035,0.006520214,0.6750587,-0.21596387,0.1262002,0.66995263,0.12878564,0.9408432,0.3607579,0.3198505,0.5376854,0.06918131,0.4128518,0.7832254,0.14040968,0.31752884,0.31480712,0.3133008,0.3339001,0.19513774,0.58943677,-0.112538695,-0.036775142,0.91968143,0.2329053,0.05530916,0.14606088,0.100743316,0.16387677,0.93856454,0.3553207,0.35772264,0.3787756,0.49350613
@MalakaProjectid,0.058351945,0.18787175,0.06898296,0.09324856,0.12179276,0.44883668,0.12155932,0.06457414,0.21773058,0.8723668,0.06292814,-0.05336265,0.63598627,0.67008793,0.08697124,0.058190577,0.08958182,0.07771773,0.26754412,0.34590012,0.2533697,0.11135402,0.16198526,0.050936077,0.082714394,0.12953806,0.942526,0.049284454,0.11655383,-0.025648924,0.12381616,0.04665701,0.05553994,0.07621953,0.94042754,0.34271792,0.09958382,-0.06564836,0.5747957,1.0,0.064888105,0.11577823,0.08745783,0.02320539,0.100514606,0.08810832,0.72591186,0.09874252,0.04851189,0.12963498,0.5190577,0.08308527,0.09112647,0.20284322,0.0449121,-0.10974206,0.41957512,-0.0851869,0.45564464,0.9718145,0.93166846,0.0549666,-0.03230198,0.85682404,0.124202766,0.54769516,0.35739863,0.07373148,0.8915209,-0.07859415,0.13121387,0.5445592,0.11123039,0.52330184,0.20627497,0.18907315,0.21329169,0.031820994,0.90437126,0.3847835,0.028826075,0.5205189,0.11253533,0.52495396,0.5458504,0.09684193,0.4810013,0.027403777,0.044030774,0.659215,0.11526642,0.063231476,0.09042316,-0.056110233,0.07030526,0.529554,0.6340456,0.5458832,0.5402609,0.1382451
@MamankKuliner,0.075074024,0.1964634,0.9806962,-0.04934217,-0.051978026,0.15148291,0.18898001,-0.008424234,0.26032728,-0.016161127,0.9870789,-0.06253256,-0.097733095,-0.054568317,-0.11295701,-0.10763383,-0.021650176,-0.032830272,0.088393115,0.017158113,0.046880446,-0.0037970843,0.2655031,-0.08435233,-0.043938953,0.046713963,0.09444651,-0.13757528,-0.09849499,-0.01780467,-0.016754262,-0.111192435,0.9711364,0.9885586,0.10997115,0.121344075,-0.047385555,-0.13918012,0.12312436,0.064888105,1.0000004,0.058412112,0.90118134,0.03215494,-0.026731567,-0.042136535,-0.10172896,0.9806013,-0.032429088,-0.022554401,-0.13871634,-0.021625083,0.19594973,-0.12361264,-0.09335223,-0.11178841,0.28124142,-0.13623908,0.11862706,0.074044794,0.108474985,-0.10291244,-0.15116364,0.1652944,-0.048757903,0.16653019,0.09584702,-0.09755976,0.006728446,-0.13728288,0.18574421,0.16431351,0.0629805,0.035963178,0.15782396,0.14995214,0.046910003,0.9059057,0.10095308,0.24058828,-0.011699293,-0.0989469,0.060279228,-0.10445213,-0.11561801,-0.017316252,0.7414211,-0.13061507,-0.09229578,0.19148217,-0.0073545277,0.9185314,0.034818374,-0.012550458,0.98431057,0.103002094,-0.084176384,-0.101027265,-0.105731264,-0.09524636
@Mas-Wahid,0.07138335,0.13960308,0.098920606,0.06339033,0.116784856,0.083653666,0.19947693,0.9468344,0.19892716,0.065516174,0.09714883,-0.1440472,0.18437159,0.20961371,0.13380441,0.2027202,0.23582757,0.15542355,0.15580589,0.12656125,0.040192354,0.93589324,0.26520365,0.17813985,0.20981672,0.93043756,0.09311609,0.026378792,0.17916478,-0.105817966,0.07265773,0.17683655,0.13431084,0.10812101,0.07242646,0.18841068,-0.10616849,-0.091137014,0.10344355,0.11577823,0.058412112,1.0000001,0.25896648,-0.08432476,0.07190433,0.058097195,0.15575114,0.09026861,0.9160061,0.086411305,0.13736318,0.9417689,0.21027532,0.05310498,0.18684183,-0.09193284,0.11022086,0.030626008,0.041619916,0.12168452,0.109747946,0.1639966,0.019796433,0.15226912,0.07302046,0.065279156,0.16208857,0.23907265,0.030900244,-0.074676566,0.2645259,0.72067636,0.9760996,0.034979243,0.1015771,0.09598127,0.084995516,0.13774896,0.15455101,0.07238544,0.9217392,0.16018721,0.13540745,0.14064752,0.20159248,0.92561877,0.028410621,0.014912605,0.124262184,0.06166993,0.10296118,0.19283387,0.96606326,-0.14053307,0.06775586,0.0881338,0.18383881,0.13398542,0.15850693,0.23765263
@Melkibajaj,0.08624748,0.36155316,0.9284425,0.008429873,0.08106595,0.17482956,0.37496975,0.13781188,0.4647889,-0.01586546,0.9036567,-0.11871644,-0.06554581,-0.0010233503,-0.06083484,-0.16614726,-0.07767369,0.043270253,0.26078308,0.1497741,0.014878633,0.14100066,0.37226176,-0.14041796,-0.098851815,0.23936275,0.13609901,-0.10275613,-0.16396156,-0.057003625,0.038355198,-0.16952157,0.9392002,0.913864,0.12978487,0.24811707,-0.079892255,-0.13531739,0.13063261,0.08745783,0.90118134,0.25896648,1.0000001,0.0055608097,0.027753578,0.011555688,-0.046030134,0.9143152,0.09888086,0.046753585,-0.10907772,0.11973274,0.398175,-0.074283026,-0.15622538,-0.10390739,0.32018846,-0.1120723,0.11094638,0.106499195,0.16575588,-0.16250572,-0.12089856,0.19903195,0.008960869,0.18204913,0.14954308,-0.14195299,-0.008776688,-0.1299218,0.4087656,0.30132407,0.22867568,0.028929673,0.2797851,0.2784525,0.08404274,0.95238507,0.14827138,0.2911572,0.11737275,-0.063639626,0.0749775,-0.07769765,-0.058980055,0.11567893,0.68127865,-0.08783614,-0.16273262,0.18813647,0.06757099,0.938027,0.20053962,-0.06272569,0.9037056,0.11283082,-0.040508404,-0.07518529,-0.07565517,-0.002859089
@Miawaug,0.9033295,0.114706494,-0.0149047375,0.046480972,0.049634445,0.2308607,0.21389966,-0.12467771,0.1152207,0.16184042,-0.0061653014,0.88707125,-0.054023206,-0.060440846,-0.11522188,0.12648886,0.09086548,0.045332562,0.11941391,0.11654224,0.81699777,-0.042005137,0.67314756,0.0993287,0.16650578,0.1642366,0.1266246,0.3350684,0.13568893,0.94420743,-0.011907932,0.16829848,-0.029105587,-0.0053853523,0.046903893,0.43055016,0.9527447,0.017501129,0.1567338,0.02320539,0.03215494,-0.08432476,0.0055608097,0.99999964,-0.013377383,-0.006420508,-0.0051031346,-0.010290461,-0.0614995,0.045794517,-0.043990184,-0.11923548,0.12539661,-0.017846491,0.114510864,0.05036463,0.045017663,0.028171381,0.02246558,0.038162865,0.027543316,0.25642467,-0.008128594,0.14843592,0.023436308,0.06019377,0.76706064,0.05643604,0.2000849,0.013675596,0.08974325,0.09159535,-0.08980875,0.20537907,0.11887965,0.1115606,0.15235022,0.008547911,0.11399188,0.22100672,-0.09241363,-0.069982804,0.8507358,-0.071792446,0.009530897,-0.047343582,0.15023652,-0.012536265,0.12753168,0.18424158,-0.020667752,0.0028835665,-0.075194955,0.92014694,-0.013026396,0.029235845,-0.08599394,-0.07493215,-0.043944508,0.46648392
@MusicaStudios,-0.11477631,-0.030011691,-0.02339838,0.9897835,0.013730035,0.3062768,-0.041105546,0.091684915,0.025969341,-0.016309224,-0.027725698,-0.12909374,0.053533114,0.0956948,-0.041523248,-0.07253416,-0.08047785,0.96523976,-0.008418309,-0.027164057,0.04131888,0.08806422,-0.064527355,-0.06764811,-0.076495394,0.077583894,0.096748635,0.06584103,-0.06696515,-0.04788795,0.99231577,-0.063817985,-0.00971887,-0.008732754,0.008002609,0.11107641,0.10755223,-0.101624,0.22680102,0.100514606,-0.026731567,0.07190433,0.027753578,-0.013377383,1.0000001,0.990235,0.07100078,-0.004141383,-0.03018563,0.98015916,0.094851516,0.09886916,-0.04017804,-0.0032390086,-0.080308825,-0.120852165,0.1184763,-0.09157182,0.13555267,0.08388847,0.06236024,-0.05406423,-0.055897288,0.015480842,0.9906225,0.19427477,0.027362097,-0.0406996,0.10596551,-0.091404416,-0.017631786,0.2711109,0.04725221,0.2716261,-0.031593088,-0.02726409,0.90176094,-0.019709695,0.057888776,0.5791625,0.03489245,0.061224386,-0.06564134,0.06454845,0.103087835,0.111730106,-0.053073805,-0.040236596,-0.08108319,0.31328797,0.991061,0.046224,0.09083964,-0.07641827,-0.00564201,0.2264286,0.05285735,0.070915334,0.10784096,0.5382266
@NagaswaraOfficial,-0.11385475,-0.031660505,-0.03867375,0.9843831,0.021281537,0.30766368,-0.047917645,0.08030246,0.02331036,-0.030256383,-0.044601284,-0.11406638,0.031680256,0.07423734,-0.029099468,-0.08401861,-0.09484811,0.95451313,-0.0120299,-0.033195935,0.04370712,0.0756943,-0.06584252,-0.08062456,-0.08911134,0.066386946,0.087656066,0.078387775,-0.08014843,-0.037783492,0.9852173,-0.07369523,-0.026939178,-0.026110517,-0.0011976231,0.105122246,0.119689986,-0.08762793,0.22324617,0.08810832,-0.042136535,0.058097195,0.011555688,-0.006420508,0.990235,1.0000002,0.051477585,-0.02007867,-0.042242114,0.97178,0.0774803,0.08710276,-0.04596156,0.0049116653,-0.0932221,-0.10566285,0.118376926,-0.07806295,0.13915712,0.0728488,0.054313324,-0.06373628,-0.042599525,0.0027975235,0.985496,0.19417776,0.028857103,-0.053350125,0.096521124,-0.077847265,-0.024621958,0.25773406,0.036230672,0.27465996,-0.031776823,-0.029284772,0.8915122,-0.03385364,0.043620974,0.56176394,0.027281119,0.041326147,-0.063153215,0.043935977,0.08273983,0.10016806,-0.064235434,-0.027096251,-0.09248121,0.3088128,0.9858713,0.026839597,0.08045568,-0.066308185,-0.021599464,0.22643769,0.0324461,0.05152981,0.08854,0.5524056
@NarasiNewsroom,-0.04500886,0.09977622,-0.07234003,0.071276814,0.30120683,0.2591809,0.17976099,0.101619124,0.088149786,0.61628497,-0.09476325,-0.12959266,0.95809025,0.9570178,0.2549217,-0.0048242193,-0.0070017427,0.086866334,0.1820128,0.34171408,0.056925334,0.13150805,-0.057332397,-0.019109726,-0.019870587,0.15114073,0.5940381,0.20327465,0.05723685,-0.07156163,0.08401284,-0.026806459,-0.07446398,-0.07324498,0.5407038,0.2457679,0.04458775,0.09071233,0.3891778,0.72591186,-0.10172896,0.15575114,-0.046030134,-0.0051031346,0.07100078,0.051477585,0.99999964,-0.09361841,0.09673877,0.09266928,0.91975653,0.12601712,0.1107101,0.37838852,-0.0065029245,0.020878892,0.18412915,0.0720692,0.23415157,0.63742507,0.568457,-0.026437784,0.14486179,0.6573888,0.09453262,0.31714326,0.19332117,0.0035157036,0.70466363,0.07669246,0.17920302,0.4183649,0.09557432,0.3500188,0.09190746,0.11483447,0.13198224,-0.06585291,0.59621143,0.16053161,0.046840616,0.92190427,-0.035743266,0.91906714,0.9400135,0.1040681,0.16187572,0.1910433,-0.02479477,0.3468554,0.076981455,-0.0267701,0.08931229,-0.11569306,-0.09120952,0.34954286,0.9578695,0.9263718,0.92012095,0.11727597
@NexCarlos,0.03572754,0.2633316,0.9823467,-0.030581584,-0.039360162,0.22067633,0.23121066,0.020601002,0.32406634,-0.0154384915,0.9923947,-0.10676961,-0.09163855,-0.0323877,-0.12183158,-0.12274036,-0.032863393,-0.010193961,0.14834309,0.07293321,0.036394697,0.031564735,0.28107476,-0.103089206,-0.057671808,0.07255851,0.11570991,-0.15513903,-0.120242834,-0.057071783,0.010254758,-0.130191,0.98227346,0.9864801,0.1467883,0.1757654,-0.08750529,-0.17093575,0.20241532,0.09874252,0.9806013,0.09026861,0.9143152,-0.010290461,-0.004141383,-0.02007867,-0.09361841,1.0000002,-0.006476475,0.0037990604,-0.13333783,0.0064853886,0.24725483,-0.13570105,-0.11154212,-0.14149201,0.3799092,-0.16187286,0.20939744,0.09970638,0.13597766,-0.123663545,-0.17019978,0.20881806,-0.025202326,0.25478894,0.11669515,-0.107342035,0.027556507,-0.16804141,0.23349075,0.23042002,0.098105505,0.10935111,0.22896364,0.21688347,0.086718425,0.90353644,0.114538535,0.30369467,0.023413116,-0.08781446,0.054093026,-0.09601672,-0.11133,0.015990382,0.76356494,-0.14720303,-0.11409144,0.26757783,0.018634021,0.91134936,0.071429476,-0.04821121,0.9884263,0.19282907,-0.07074225,-0.088626385,-0.09297141,-0.07528926
@OTOMOTIFTV,0.11743386,0.033946924,-0.011603233,-0.035088386,-0.0058715194,0.057298213,0.08044359,0.94273317,0.058808513,0.05413554,0.008795498,-0.069271974,0.15618175,0.15662013,0.092294164,0.4151392,0.43363798,0.04350286,0.040079765,0.039605692,0.11852907,0.95853007,0.23927952,0.37331307,0.40778762,0.8966083,0.0064563397,-0.014340721,0.3767033,-0.06879886,-0.036613267,0.38187766,0.015734227,0.010683369,0.0068956614,0.1109445,-0.08588959,-0.11267111,0.105653934,0.04851189,-0.032429088,0.9160061,0.09888086,-0.0614995,-0.03018563,-0.042242114,0.09673877,-0.006476475,1.0000002,-0.0263896,0.11660331,0.9391677,0.07952836,-0.008456418,0.39388177,-0.12087929,0.082160726,0.004093766,0.052628946,0.045223128,0.009252513,0.36775482,-0.012281252,0.104179755,-0.02484671,0.038357534,0.16910091,0.43423456,0.014680376,-0.100942716,0.11047451,0.66156536,0.94944954,0.033953205,0.03768346,0.029513195,0.0066869217,-0.012332607,0.07548807,-0.007568639,0.9622182,0.13056396,0.19869524,0.11780356,0.16150334,0.9504334,-0.023400027,-0.04196473,0.32481498,0.03469918,-0.018710317,0.04232444,0.93877876,-0.09675804,-0.028731497,0.07534422,0.14286597,0.10905668,0.14380726,0.19493921
@OfficialNoahMusic,-0.056956865,0.01651441,-0.01711443,0.97977674,0.033980362,0.35459748,0.008364385,0.0935626,0.07680794,0.008052403,-0.023056857,-0.08930792,0.06462628,0.11179693,-0.06038059,-0.09552944,-0.10240211,0.9598254,0.037985295,0.013708554,0.09895692,0.100048274,0.006843529,-0.09409484,-0.09457648,0.11171203,0.13726512,0.0727358,-0.08864721,0.00014893524,0.9798131,-0.08646403,-0.0016116044,-0.004793865,0.04028779,0.17963946,0.16513434,-0.13161421,0.27223903,0.12963498,-0.022554401,0.086411305,0.046753585,0.045794517,0.98015916,0.97178,0.09266928,0.0037990604,-0.0263896,1.0000002,0.103930496,0.10091727,0.004196767,-0.014104031,-0.105647996,-0.14574304,0.15402994,-0.114353165,0.1623914,0.11431512,0.09569052,-0.06920749,-0.07695254,0.06008905,0.97958434,0.23192331,0.09968507,-0.06738402,0.14205062,-0.12354557,0.02631631,0.31535196,0.05866521,0.3137642,0.008785009,0.011805415,0.9107188,-0.004126232,0.09441556,0.623108,0.038782276,0.06924106,-0.0050247004,0.07033419,0.11877854,0.12063539,-0.025906328,-0.052971505,-0.10725175,0.35672158,0.98449093,0.054921806,0.10249998,-0.023371918,-0.0016397516,0.260801,0.062949434,0.07785205,0.11571147,0.58853
@OfficialiNews,-0.13244492,-0.03872642,-0.11334163,0.09432945,0.3096244,0.20537646,0.06378262,0.13240558,-0.07347329,0.40198925,-0.120092645,-0.16686195,0.95588243,0.95309234,0.3225447,0.00084366463,-0.012981346,0.12610935,0.025732182,0.20422742,-0.029537309,0.15464428,-0.1970987,-0.01697483,-0.032661453,0.13028,0.3397197,0.26353192,0.054164756,-0.11878315,0.10511952,-0.02753669,-0.108261764,-0.09994866,0.28680065,0.11506146,0.008807659,0.15736312,0.3438921,0.5190577,-0.13871634,0.13736318,-0.10907772,-0.043990184,0.094851516,0.0774803,0.91975653,-0.13333783,0.11660331,0.103930496,1.0,0.15492347,-0.010158895,0.41856194,0.0020601433,0.08592367,0.122195505,0.14970446,0.20121466,0.39442548,0.30505973,-0.030251665,0.22812983,0.4701618,0.11592327,0.25619376,0.06337551,0.009209171,0.5458424,0.14269695,0.050123725,0.36220276,0.08777798,0.31348455,-0.03189242,-0.0055893743,0.15309152,-0.13513452,0.34527546,0.100183144,0.08543524,0.9719043,-0.1191015,0.9721236,0.97873163,0.12792426,0.0314481,0.24160644,-0.024906227,0.25760758,0.090686284,-0.053904578,0.096526384,-0.15995388,-0.121749446,0.30918878,0.9639021,0.97572213,0.98175216,0.13779081
@Otodriver,0.019584453,-0.020834757,0.00032656034,0.08751066,0.016236775,0.05795528,0.024270717,0.99754196,0.019153621,0.056227926,0.020450395,-0.14923514,0.18651968,0.19463597,0.13372183,0.34518513,0.36018032,0.17840692,-0.00014533289,-0.0015891315,0.047424294,0.97456056,0.14993307,0.31589377,0.32832992,0.89885324,0.02808918,0.0063874293,0.3169241,-0.13041334,0.09457945,0.31525764,0.03414045,0.030167274,0.014903077,0.06812869,-0.11682195,-0.09840205,0.10489759,0.08308527,-0.021625083,0.9417689,0.11973274,-0.11923548,0.09886916,0.08710276,0.12601712,0.0064853886,0.9391677,0.10091727,0.15492347,1.0,0.028758079,0.03215596,0.32585815,-0.11490153,0.06314365,0.021974918,0.046696804,0.075761504,0.034270555,0.29465845,0.0175859,0.09293163,0.09949818,0.04494759,0.097949035,0.38517857,0.033316065,-0.08291061,0.07070677,0.7083029,0.96111315,0.04294558,-0.03044463,-0.038806222,0.11418553,-0.0069510792,0.09470908,0.03212671,0.96188235,0.15962687,0.10782072,0.14806974,0.19507855,0.98089075,-0.047693282,-0.009459032,0.25872943,0.060944997,0.11509967,0.09457488,0.9760629,-0.17036915,-0.010207529,0.08159295,0.17550367,0.13942273,0.17207465,0.24570593
@PANJIPETUALANG_REAL,0.25060982,0.95663315,0.2994157,-0.033391282,0.31722325,0.23348677,0.9648336,0.04026876,0.94621456,0.021473918,0.20977086,0.04230544,0.02133913,0.08882889,-0.070644096,-0.16385433,-0.1433546,-0.02299623,0.93088853,0.8475292,0.11200962,0.07612567,0.5140497,-0.16932175,-0.11536254,0.22902237,0.16593005,0.0037001884,-0.18247667,0.08481138,-0.028915012,-0.16480131,0.31159252,0.20170206,0.20858043,0.7952933,0.01841927,-0.082345285,0.1486944,0.09112647,0.19594973,0.21027532,0.398175,0.12539661,-0.04017804,-0.04596156,0.1107101,0.24725483,0.07952836,0.004196767,-0.010158895,0.028758079,0.9999999,-0.0304638,-0.17172131,-0.052415326,0.36045623,-0.07036409,0.16059522,0.11760856,0.1956752,-0.14550439,-0.08708908,0.26261902,-0.03409481,0.19701073,0.43987545,-0.16575703,0.02716067,-0.084110074,0.97999203,0.19583094,0.14716889,0.11709826,0.87494886,0.89400893,-0.006491945,0.47310477,0.1517919,0.22805011,0.054046296,0.04395698,0.24253061,0.02008354,0.036215063,0.04592541,0.26140916,-0.02407469,-0.17391118,0.14824289,-0.00012691598,0.22299232,0.121231616,0.110245645,0.24655345,0.17690247,0.058833376,0.018291438,0.008753506,0.08950532
@PSSITV,-0.09187795,-0.06002728,-0.09744305,-0.0048070643,0.79590344,-0.044767495,0.021971066,0.02718173,-0.07659475,0.15970767,-0.12279691,-0.017113466,0.32583833,0.34329322,0.9183139,-0.23119739,-0.24769291,0.0814938,-0.025870636,0.036371548,-0.17406958,-0.00989167,-0.14387807,-0.22126752,-0.25174898,0.053419843,0.16682965,0.8280002,-0.19536048,-0.056373756,0.009933268,-0.22770852,-0.09360084,-0.10315697,0.08470402,-0.07594307,0.051458463,0.8798764,0.014514307,0.20284322,-0.12361264,0.05310498,-0.074283026,-0.017846491,-0.0032390086,0.0049116653,0.37838852,-0.13570105,-0.008456418,-0.014104031,0.41856194,0.03215596,-0.0304638,1.0000001,-0.22398832,0.8231001,-0.060205113,0.87408173,0.0016702171,0.18287678,0.17573902,-0.2376943,0.9121817,0.1990135,0.009564296,0.09612211,-0.042111486,-0.21770617,0.21979102,0.87091494,0.023037216,0.092063285,-0.025848,0.040097337,-0.08239858,-0.07158306,-0.024397084,-0.07342593,0.15560657,-0.11279558,0.025836274,0.3420146,-0.15785652,0.33349237,0.42017207,-0.038200077,-0.06435102,0.92721593,-0.22453052,-0.030965347,0.010469465,0.0051954105,7.2252005e-06,-0.09729293,-0.117038354,0.042315945,0.37196034,0.36506015,0.35635203,0.13850443
@PricebookIndonesia,0.3127838,-0.17021689,-0.1399331,-0.07619221,-0.30067146,-0.06926006,-0.17209125,0.31076768,-0.17496672,0.2466028,-0.09371321,0.23033807,0.07778113,0.0057718065,-0.16558772,0.9945928,0.98635316,-0.11728482,-0.14781815,-0.12678033,0.43959448,0.35768342,0.17732266,0.9903897,0.9859645,0.27218658,0.04499115,-0.17519134,0.9905287,0.17273343,-0.11230169,0.9910537,-0.1323365,-0.099119276,0.056694772,-0.052990794,0.109479696,-0.17730829,-0.012133575,0.0449121,-0.09335223,0.18684183,-0.15622538,0.114510864,-0.080308825,-0.0932221,-0.0065029245,-0.11154212,0.39388177,-0.105647996,0.0020601433,0.32585815,-0.17172131,-0.22398832,1.0000002,-0.2027798,-0.1312027,-0.1858263,-0.08364418,0.07175465,0.0005342923,0.979679,-0.19028981,0.013417514,-0.088183075,-0.14312145,0.16569395,0.98974526,0.13208464,-0.17775527,-0.1746617,0.13201743,0.27166474,-0.07379661,-0.15667114,-0.14421964,-0.074235134,-0.1818608,0.12745212,-0.10143916,0.30101323,0.0178135,0.37800294,0.028237512,0.012979718,0.38805404,-0.057818916,-0.23689273,0.99212295,-0.008431429,-0.112702675,-0.13791938,0.28131112,0.12760882,-0.11133674,-0.098173276,0.021151427,0.00030718,0.0390286,0.016342778
@RCTISports,-0.020524919,-0.09142837,-0.096974544,-0.12066929,0.7240913,-0.2230058,-0.019978374,-0.10897279,-0.11373993,-0.06811169,-0.11874076,0.12371604,-0.01167075,-0.011692863,0.81999767,-0.21525294,-0.23715924,-0.04692693,-0.08690748,-0.07776125,-0.1795384,-0.15611061,-0.110973254,-0.19568244,-0.23033492,-0.08762546,-0.09611666,0.8133344,-0.20058587,0.052912313,-0.12145991,-0.19731985,-0.09614247,-0.11052254,-0.1419892,-0.17401057,0.069153324,0.9533293,-0.20933945,-0.10974206,-0.11178841,-0.09193284,-0.10390739,0.05036463,-0.120852165,-0.10566285,0.020878892,-0.14149201,-0.12087929,-0.14574304,0.08592367,-0.11490153,-0.052415326,0.8231001,-0.2027798,0.9999999,-0.19895941,0.9567914,-0.16123602,-0.0942886,-0.07853902,-0.20889074,0.91610783,-0.089813575,-0.12480199,-0.1168095,-0.1141229,-0.21233532,-0.08074837,0.95131433,-0.030052934,-0.19329858,-0.15284589,-0.1701453,-0.11193868,-0.106584504,-0.17755672,-0.06468231,-0.09478609,-0.2660752,-0.08794899,0.02827318,-0.11985831,0.019517496,0.07980753,-0.17493019,-0.16825297,0.9079488,-0.18873766,-0.24246554,-0.12034446,-0.022087857,-0.13980642,0.033222497,-0.114800386,-0.16939327,0.027468894,0.04264527,0.023396388,0.031372853
@RansEntertainment,0.06634054,0.5081555,0.32933265,0.115106076,0.1297666,0.887689,0.37320948,0.064037874,0.48542166,0.20312217,0.32351166,-0.0008992031,0.1326747,0.23632555,-0.08664494,-0.09871878,-0.061744172,0.13279352,0.39240086,0.37850845,0.27921024,0.14693993,0.36781693,-0.14050952,-0.060278118,0.15757203,0.3811171,-0.0043820515,-0.12435569,-0.012181915,0.15540297,-0.1297201,0.31787866,0.304287,0.4211229,0.54198134,0.059729192,-0.22681856,0.8661211,0.41957512,0.28124142,0.11022086,0.32018846,0.045017663,0.1184763,0.118376926,0.18412915,0.3799092,0.082160726,0.15402994,0.122195505,0.06314365,0.36045623,-0.060205113,-0.1312027,-0.19895941,1.0000001,-0.18875694,0.9347644,0.36191797,0.3544398,-0.0987606,-0.18005672,0.6224726,0.15689515,0.9298967,0.4893775,-0.11052565,0.4473852,-0.22811306,0.31247675,0.57810926,0.13199,0.83612347,0.5693537,0.5213065,0.3951074,0.2874726,0.29712558,0.7405673,0.13385583,0.12364976,0.23607627,0.11009207,0.11965206,0.13520274,0.6959667,-0.13182712,-0.15212657,0.8034471,0.13959022,0.19108066,0.13945961,0.028234102,0.34469518,0.9008143,0.16067748,0.15217623,0.15542689,0.35706758
@SPOTV.Indonesia,-0.038861573,-0.116135746,-0.11831573,-0.09300797,0.7417944,-0.20617501,-0.03275705,0.025956195,-0.13618387,-0.057025492,-0.13692902,0.089256555,0.045858808,0.048037156,0.8794068,-0.19395487,-0.2190215,0.0037908335,-0.1070627,-0.08664429,-0.19363867,-0.02702521,-0.11799486,-0.1820581,-0.21858966,0.03331978,-0.08761788,0.84012127,-0.1804333,0.026627915,-0.090849444,-0.18254635,-0.11429536,-0.1265319,-0.14270866,-0.17700288,0.059288673,0.9583511,-0.18365932,-0.0851869,-0.13623908,0.030626008,-0.1120723,0.028171381,-0.09157182,-0.07806295,0.0720692,-0.16187286,0.004093766,-0.114353165,0.14970446,0.021974918,-0.07036409,0.87408173,-0.1858263,0.9567914,-0.18875694,1.0000005,-0.1446899,-0.07830947,-0.0697193,-0.19692737,0.9675685,-0.06600259,-0.09136975,-0.095148936,-0.112034835,-0.18917534,-0.058970142,0.95779276,-0.041175127,-0.085359484,-0.033785973,-0.1445123,-0.13744155,-0.13070859,-0.14361958,-0.08936396,-0.08378607,-0.25606114,0.05181079,0.08370285,-0.12237014,0.07393002,0.1465636,-0.04753218,-0.18922809,0.93746734,-0.1817947,-0.2307176,-0.08591543,-0.026715355,-0.01015388,-0.0032185595,-0.13735196,-0.14399734,0.08607155,0.09944205,0.08738745,0.09870198
@SPROSULEPRODUCTIONS,0.0069217198,0.3231064,0.14715531,0.13100612,0.11975506,0.89226496,0.18322915,0.041192885,0.28116363,0.24477084,0.16086933,0.011470102,0.19166106,0.27627984,-0.033106223,-0.048632227,-0.02889216,0.14662394,0.2238634,0.24195783,0.2774942,0.11732238,0.23463881,-0.096983366,-0.03148365,0.09017775,0.38498718,0.054786462,-0.069244474,-0.020207942,0.17173567,-0.083091535,0.13518539,0.13901058,0.414432,0.3969959,0.07730192,-0.17261305,0.91009617,0.45564464,0.11862706,0.041619916,0.11094638,0.02246558,0.13555267,0.13915712,0.23415157,0.20939744,0.052628946,0.1623914,0.20121466,0.046696804,0.16059522,0.0016702171,-0.08364418,-0.16123602,0.9347644,-0.1446899,1.0000001,0.38102892,0.34617543,-0.055195406,-0.12308492,0.614,0.17779052,0.96393335,0.42461827,-0.0648043,0.5271564,-0.17338334,0.11669703,0.54695886,0.075062215,0.91983175,0.3972587,0.34827012,0.4299955,0.073188275,0.29254904,0.7181946,0.10828505,0.17829224,0.20051117,0.17170125,0.17391297,0.120079815,0.5819509,-0.08584277,-0.105438605,0.8279165,0.1442272,0.019576922,0.090049654,0.014803972,0.17336826,0.9556885,0.21258996,0.2230733,0.22329295,0.37946796
@SatuPersenIndonesianLifeschool,0.109513536,0.21395507,0.07320623,0.077406324,0.11197984,0.38895017,0.14057778,0.058044877,0.26029596,0.89307106,0.061685614,-0.016051795,0.5276217,0.5502757,0.077472866,0.08407281,0.119789794,0.058373228,0.2987572,0.34714803,0.27440786,0.097122185,0.21831718,0.08195864,0.11523751,0.13377862,0.9783284,0.03477276,0.14390285,0.0023848522,0.10436807,0.078690246,0.057967346,0.07545029,0.95939183,0.34008217,0.10991727,-0.05455427,0.4835614,0.9718145,0.074044794,0.12168452,0.106499195,0.038162865,0.08388847,0.0728488,0.63742507,0.09970638,0.045223128,0.11431512,0.39442548,0.075761504,0.11760856,0.18287678,0.07175465,-0.0942886,0.36191797,-0.07830947,0.38102892,0.99999976,0.97688603,0.085836716,-0.033719197,0.82727987,0.1052723,0.47454494,0.3672551,0.09905933,0.8574889,-0.06449619,0.15974882,0.49961877,0.11502456,0.43805295,0.21988827,0.20239621,0.16421005,0.054396696,0.9571988,0.3436259,0.015919365,0.39643687,0.14575467,0.3979271,0.431888,0.08482741,0.481025,0.033318717,0.07671894,0.5910878,0.1034931,0.06803086,0.09002441,-0.02882727,0.071651764,0.44117796,0.51923215,0.41647542,0.409769,0.10878508
@SiKutuBuku,0.114514485,0.28734812,0.115566686,0.054720916,0.14160001,0.35515296,0.20320287,0.021498654,0.35058814,0.8541302,0.09375289,-0.024604317,0.4356246,0.46874186,0.072047636,0.010510207,0.051728427,0.034815475,0.3695777,0.38617966,0.2332901,0.053185068,0.2610048,0.014239728,0.04993467,0.11346404,0.97734284,0.02264661,0.06531996,-0.006268791,0.082936905,0.008764785,0.10199413,0.10736784,0.9551991,0.36235613,0.08301844,-0.046095945,0.4255545,0.93166846,0.108474985,0.109747946,0.16575588,0.027543316,0.06236024,0.054313324,0.568457,0.13597766,0.009252513,0.09569052,0.30505973,0.034270555,0.1956752,0.17573902,0.0005342923,-0.07853902,0.3544398,-0.0697193,0.34617543,0.97688603,0.99999994,0.015383819,-0.028667476,0.80399764,0.081021525,0.44364142,0.3583792,0.027263187,0.7894411,-0.054438494,0.2367276,0.4488455,0.094656676,0.3833725,0.27537146,0.25840503,0.12162772,0.123211324,0.9351338,0.32487065,-0.018366018,0.3144886,0.13046214,0.3151055,0.34973028,0.03884879,0.48943633,0.04818698,0.009750523,0.54265994,0.09032904,0.105414435,0.06257564,-0.031440534,0.10695478,0.39448917,0.4385677,0.33065248,0.31836903,0.076179944
@Sobat_HAPE,0.446218,-0.13582006,-0.15449478,-0.040663294,-0.29994118,-0.0068759574,-0.13436271,0.27907926,-0.14070557,0.27070153,-0.110282585,0.36296248,0.041190848,-0.024686497,-0.19536527,0.9839858,0.96707463,-0.086347096,-0.11375518,-0.09775281,0.56975436,0.33985937,0.28298217,0.9751183,0.98358667,0.28651017,0.07635733,-0.13601983,0.97676647,0.30797136,-0.08469934,0.9909314,-0.15160573,-0.115267724,0.07558502,0.02657234,0.25364247,-0.18931207,0.032503974,0.0549666,-0.10291244,0.1639966,-0.16250572,0.25642467,-0.05406423,-0.06373628,-0.026437784,-0.123663545,0.36775482,-0.06920749,-0.030251665,0.29465845,-0.14550439,-0.2376943,0.979679,-0.20889074,-0.0987606,-0.19692737,-0.055195406,0.085836716,0.015383819,0.9999999,-0.20625287,0.043968707,-0.054899987,-0.10968502,0.29182553,0.9661102,0.1726453,-0.19080168,-0.15486419,0.15213841,0.2490173,-0.017670674,-0.116465755,-0.105204195,-0.021816876,-0.19038767,0.14947121,-0.03474539,0.27746975,-0.02114932,0.50843614,-0.010635644,-0.012367798,0.3717447,-0.026982626,-0.2506755,0.9789879,0.04294083,-0.086837634,-0.15580735,0.26369697,0.26076326,-0.12526947,-0.07119806,-0.017189713,-0.03760691,0.006460104,0.11041801
@SportsChannelIndonesia,-0.08485299,-0.13085786,-0.13175333,-0.056603417,0.741034,-0.18689476,-0.051887535,0.019053556,-0.14791942,-0.024981461,-0.14879829,0.045034394,0.11461476,0.118928924,0.90684104,-0.19813046,-0.22591025,0.033269353,-0.1138324,-0.08567616,-0.2059981,-0.033869572,-0.15518636,-0.18723382,-0.2280644,0.0162531,-0.04710684,0.8302487,-0.17962053,-0.008585125,-0.05373499,-0.18823333,-0.1237205,-0.1370058,-0.11333619,-0.18815298,0.043229587,0.94421977,-0.14852777,-0.03230198,-0.15116364,0.019796433,-0.12089856,-0.008128594,-0.055897288,-0.042599525,0.14486179,-0.17019978,-0.012281252,-0.07695254,0.22812983,0.0175859,-0.08708908,0.9121817,-0.19028981,0.91610783,-0.18005672,0.9675685,-0.12308492,-0.033719197,-0.028667476,-0.20625287,0.99999994,-0.023908094,-0.0523184,-0.06409307,-0.12909183,-0.18939921,-0.0028893352,0.94047844,-0.049962524,-0.059928283,-0.045584697,-0.11360738,-0.15663701,-0.14684641,-0.107476026,-0.10571213,-0.049552742,-0.23410577,0.029452797,0.15498707,-0.15674818,0.14642544,0.22090337,-0.05423457,-0.1946981,0.9568526,-0.18669198,-0.20069012,-0.04767565,-0.030319266,-0.02108178,-0.04357109,-0.14860374,-0.1142602,0.15730321,0.1729598,0.16440445,0.09392884
@TirtaPengPengPeng,0.20899297,0.37230617,0.1816703,0.018774673,0.21638432,0.62950337,0.31509978,0.079326645,0.37394333,0.73359704,0.17054299,0.08028315,0.5497978,0.6053306,0.100848556,0.035149,0.06919582,0.02514141,0.36942297,0.43173513,0.38231382,0.15073527,0.36500055,0.007689899,0.06786028,0.21888685,0.84468275,0.12387554,0.07234278,0.08592172,0.042369734,0.014667846,0.17007916,0.17503473,0.8177972,0.5038485,0.19485544,-0.06901138,0.70006937,0.85682404,0.1652944,0.15226912,0.19903195,0.14843592,0.015480842,0.0027975235,0.6573888,0.20881806,0.104179755,0.06008905,0.4701618,0.09293163,0.26261902,0.1990135,0.013417514,-0.089813575,0.6224726,-0.06600259,0.614,0.82727987,0.80399764,0.043968707,-0.023908094,1.0,0.048779152,0.6983361,0.54578197,0.022776075,0.8543128,-0.08008471,0.28022078,0.6098018,0.14547622,0.6489046,0.38945198,0.37274915,0.21768026,0.16006862,0.7935653,0.5105576,0.080409475,0.4648058,0.27992764,0.46107066,0.5080578,0.13027029,0.64018136,0.04205805,-6.86752e-05,0.7053915,0.03505519,0.12998441,0.13020153,0.07410099,0.17762014,0.6447401,0.55697346,0.49074072,0.49808848,0.26100436
@TrinityOptimaProduction,-0.08906772,-0.018039558,-0.045686867,0.9942696,0.027286801,0.36031228,-0.027624404,0.09118532,0.035315745,0.00522661,-0.05119084,-0.09661406,0.0705164,0.11542186,-0.034763794,-0.076546974,-0.089360945,0.9637631,0.0049402025,-0.009253517,0.086599715,0.09575556,-0.037452836,-0.078321576,-0.082694426,0.09209399,0.124015465,0.09180315,-0.072178036,-0.014582171,0.987489,-0.06940798,-0.034548666,-0.031670157,0.027868284,0.14367056,0.15716504,-0.10424035,0.27717984,0.124202766,-0.048757903,0.07302046,0.008960869,0.023436308,0.9906225,0.985496,0.09453262,-0.025202326,-0.02484671,0.97958434,0.11592327,0.09949818,-0.03409481,0.009564296,-0.088183075,-0.12480199,0.15689515,-0.09136975,0.17779052,0.1052723,0.081021525,-0.054899987,-0.0523184,0.048779152,1.0000002,0.23928107,0.078093745,-0.049657807,0.14671962,-0.09431647,-0.012415674,0.3063364,0.047606304,0.32721126,-0.014398233,-0.011883973,0.91700655,-0.041180447,0.077219486,0.61296105,0.040344086,0.07525369,-0.026103808,0.07804161,0.12418668,0.118612766,-0.03765986,-0.035884276,-0.09097718,0.35600936,0.985057,0.024243176,0.09358238,-0.043830547,-0.02827559,0.27227026,0.06789604,0.08640639,0.12742025,0.5849713
@VINDES,0.034073368,0.3514068,0.19904369,0.1923401,0.2166574,0.9003218,0.22804144,0.038541608,0.32378623,0.32086116,0.2026522,0.011377472,0.25227523,0.34723,0.03788073,-0.10993145,-0.085770324,0.21664383,0.26019025,0.28005034,0.29662263,0.117201164,0.27240235,-0.15365322,-0.08708437,0.121346176,0.48597556,0.12929216,-0.118848085,-0.0014019385,0.23413156,-0.14042899,0.18618798,0.188994,0.49320436,0.4410143,0.12832539,-0.12764849,0.9336957,0.54769516,0.16653019,0.065279156,0.18204913,0.06019377,0.19427477,0.19417776,0.31714326,0.25478894,0.038357534,0.23192331,0.25619376,0.04494759,0.19701073,0.09612211,-0.14312145,-0.1168095,0.9298967,-0.095148936,0.96393335,0.47454494,0.44364142,-0.10968502,-0.06409307,0.6983361,0.23928107,1.0,0.47662026,-0.12183076,0.6044625,-0.12976946,0.16739996,0.6100699,0.08038056,0.9282459,0.41543996,0.36627668,0.48509794,0.13486591,0.38662893,0.7715272,0.09759075,0.23074874,0.21345451,0.22304115,0.24282444,0.110707715,0.6366476,-0.008233708,-0.16291225,0.8714404,0.21041778,0.092911884,0.09573306,0.021545036,0.2156876,0.96245813,0.2774015,0.2757334,0.27799818,0.4244024
@WindahBasudara,0.80931556,0.4983838,0.09789742,0.07551085,0.12607858,0.5862996,0.5054112,0.09103447,0.49555546,0.38111824,0.08514148,0.6840787,0.0985674,0.14692406,-0.12398413,0.19951876,0.1904157,0.068985626,0.48004282,0.4659795,0.8624199,0.20545307,0.8451412,0.15084367,0.2520231,0.38967556,0.44652838,0.22904864,0.19147542,0.7176753,0.03899298,0.21283838,0.0827725,0.07877586,0.4097539,0.75139165,0.73266053,-0.14259195,0.550035,0.35739863,0.09584702,0.16208857,0.14954308,0.76706064,0.027362097,0.028857103,0.19332117,0.11669515,0.16910091,0.09968507,0.06337551,0.097949035,0.43987545,-0.042111486,0.16569395,-0.1141229,0.4893775,-0.112034835,0.42461827,0.3672551,0.3583792,0.29182553,-0.12909183,0.54578197,0.078093745,0.47662026,1.0,0.14301875,0.487026,-0.14648324,0.40495434,0.49689382,0.1643115,0.5342709,0.5176812,0.4934851,0.26003712,0.1328033,0.4173652,0.51758504,0.13670099,0.05522649,0.88138485,0.046196274,0.12218497,0.1942716,0.44774312,-0.091797896,0.15765232,0.5627525,0.038673017,0.047534086,0.17522773,0.7088715,0.08962377,0.435597,0.08549737,0.056646027,0.090059,0.54094803
@YoutuberCupu,0.2592312,-0.16240603,-0.13683613,-0.040805504,-0.29545224,-0.05837544,-0.17235029,0.37005115,-0.15990585,0.25583476,-0.092632905,0.16625187,0.086875595,0.022557382,-0.15017438,0.9879236,0.9812707,-0.07933259,-0.13408679,-0.1184684,0.40143675,0.410627,0.15417252,0.989111,0.97764325,0.31248176,0.0650492,-0.18837903,0.98062456,0.11202586,-0.07228767,0.9847347,-0.12604594,-0.095976144,0.08114883,-0.0510549,0.059272125,-0.18633357,0.006520214,0.07373148,-0.09755976,0.23907265,-0.14195299,0.05643604,-0.0406996,-0.053350125,0.0035157036,-0.107342035,0.43423456,-0.06738402,0.009209171,0.38517857,-0.16575703,-0.21770617,0.98974526,-0.21233532,-0.11052565,-0.18917534,-0.0648043,0.09905933,0.027263187,0.9661102,-0.18939921,0.022776075,-0.049657807,-0.12183076,0.14301875,1.0000001,0.14050144,-0.18599981,-0.16277263,0.1868779,0.32415593,-0.059506834,-0.1486424,-0.13837966,-0.041752174,-0.17770198,0.1441831,-0.08031587,0.35094792,0.025047429,0.33572036,0.035605747,0.019927146,0.44278777,-0.062003694,-0.23469877,0.98241,0.01973138,-0.07090063,-0.12587553,0.3369419,0.06224247,-0.10819996,-0.07265027,0.034335285,0.008068863,0.047439955,0.030732222
@ZeniusEducation,0.1984989,0.129822,-0.0038475618,0.12025902,0.13450393,0.56366503,0.09342167,0.007270635,0.1254738,0.82672906,-0.0011128448,0.1404148,0.6123546,0.63806254,0.09408191,0.15560609,0.16027889,0.09988381,0.17936009,0.2823369,0.44764468,0.075555444,0.21219318,0.1277747,0.16475078,0.1068833,0.85877633,0.16486257,0.20832345,0.1513529,0.12611872,0.14235958,-0.022836316,0.0070501016,0.8012166,0.35096157,0.29997563,-0.032781772,0.6750587,0.8915209,0.006728446,0.030900244,-0.008776688,0.2000849,0.10596551,0.096521124,0.70466363,0.027556507,0.014680376,0.14205062,0.5458424,0.033316065,0.02716067,0.21979102,0.13208464,-0.08074837,0.4473852,-0.058970142,0.5271564,0.8574889,0.7894411,0.1726453,-0.0028893352,0.8543128,0.14671962,0.6044625,0.487026,0.14050144,1.0000001,-0.044489786,0.053362686,0.52932656,0.028493412,0.6459274,0.16391514,0.15367092,0.28951174,-0.051450863,0.81193423,0.461364,-0.009514688,0.51027715,0.28286916,0.5138974,0.560146,0.077494524,0.48621124,0.044866186,0.12894657,0.70568436,0.108857945,-0.018295418,0.031519637,0.11542758,0.004456427,0.5933258,0.59684837,0.54317605,0.5571136,0.30224502
@ZonaJuaraSports,-0.058371738,-0.12636483,-0.1237555,-0.09391917,0.69843185,-0.23644303,-0.05021377,-0.08075798,-0.14678119,-0.041525006,-0.14529258,0.08420796,0.04291246,0.0388245,0.8458301,-0.19180416,-0.21583724,-0.020713305,-0.10867387,-0.08560041,-0.20814568,-0.13676827,-0.162482,-0.171529,-0.21384916,-0.0777133,-0.071628734,0.8208858,-0.17112637,0.018371789,-0.09478753,-0.17547964,-0.12321612,-0.13326576,-0.1281373,-0.20191282,0.046866663,0.9936693,-0.21596387,-0.07859415,-0.13728288,-0.074676566,-0.1299218,0.013675596,-0.091404416,-0.077847265,0.07669246,-0.16804141,-0.100942716,-0.12354557,0.14269695,-0.08291061,-0.084110074,0.87091494,-0.17775527,0.95131433,-0.22811306,0.95779276,-0.17338334,-0.06449619,-0.054438494,-0.19080168,0.94047844,-0.08008471,-0.09431647,-0.12976946,-0.14648324,-0.18599981,-0.044489786,1.0000004,-0.052690975,-0.17745438,-0.13734207,-0.16910027,-0.1493209,-0.13844459,-0.16214468,-0.09319052,-0.071186215,-0.28251752,-0.07174051,0.07811705,-0.15384078,0.071799174,0.13411264,-0.15132628,-0.19494106,0.9179716,-0.16493368,-0.25082302,-0.090622574,-0.040988762,-0.11978356,-0.01123577,-0.14067516,-0.1740079,0.0833213,0.0935589,0.07595986,0.031228002
@amarpdchannel,0.21353589,0.92375535,0.29717547,-0.01263791,0.36453617,0.20227933,0.96041083,0.08088863,0.92593366,0.059721615,0.19930436,-0.0013503619,0.08916144,0.15564397,-0.017187584,-0.16740808,-0.14718145,0.0010037469,0.9123147,0.8355181,0.07209537,0.10710324,0.4745409,-0.16991192,-0.12275274,0.26571903,0.20360911,0.02813214,-0.18065919,0.04241711,-0.006651161,-0.16839673,0.30962878,0.19853961,0.22728747,0.7624297,-0.0048005674,-0.05165252,0.1262002,0.13121387,0.18574421,0.2645259,0.4087656,0.08974325,-0.017631786,-0.024621958,0.17920302,0.23349075,0.11047451,0.02631631,0.050123725,0.07070677,0.97999203,0.023037216,-0.1746617,-0.030052934,0.31247675,-0.041175127,0.11669703,0.15974882,0.2367276,-0.15486419,-0.049962524,0.28022078,-0.012415674,0.16739996,0.40495434,-0.16277263,0.053362686,-0.052690975,1.0000001,0.22700486,0.18513721,0.090212345,0.8296331,0.85752213,-0.002510841,0.47818276,0.19737467,0.20777673,0.076066345,0.10687193,0.20235282,0.0816624,0.104810745,0.07686259,0.23720914,0.01704186,-0.17793156,0.12222448,0.025654912,0.24009857,0.15417582,0.055375755,0.23275673,0.15274346,0.12730652,0.07837174,0.07034612,0.09069793
@ariefmuhammaddd,0.15816061,0.23788662,0.19106519,0.27297384,0.1443463,0.61495453,0.22883263,0.7018531,0.28071547,0.3880006,0.20589808,-0.029460978,0.40303895,0.47848213,0.09254338,0.16336776,0.1991281,0.3417948,0.22764894,0.24198397,0.3456847,0.7683759,0.39060855,0.12015715,0.18324886,0.7745349,0.49092442,0.11705062,0.15863872,0.018352423,0.29366785,0.13166535,0.21142095,0.2161799,0.45058152,0.4452194,0.14400691,-0.18559912,0.66995263,0.5445592,0.16431351,0.72067636,0.30132407,0.09159535,0.2711109,0.25773406,0.4183649,0.23042002,0.66156536,0.31535196,0.36220276,0.7083029,0.19583094,0.092063285,0.13201743,-0.19329858,0.57810926,-0.085359484,0.54695886,0.49961877,0.4488455,0.15213841,-0.059928283,0.6098018,0.3063364,0.6100699,0.49689382,0.1868779,0.52932656,-0.17745438,0.22700486,0.9999998,0.7301097,0.6014421,0.24832734,0.22163025,0.46222305,0.16190086,0.4875963,0.5640996,0.69813424,0.34796217,0.31579155,0.33577716,0.41033632,0.745644,0.42996228,-0.033990998,0.07366833,0.6502353,0.2973377,0.23941648,0.7434321,-0.016795758,0.1894689,0.6199115,0.40128663,0.35411814,0.39678687,0.5371312
@carmudiID,0.07686328,0.09827304,0.09012652,0.036222827,0.013330404,0.09714276,0.12961107,0.9666761,0.15075496,0.070658594,0.10414155,-0.13242722,0.14142852,0.16040374,0.064942405,0.2896821,0.3260929,0.11926075,0.10813041,0.08185476,0.0795864,0.96949095,0.26463228,0.25951537,0.29853377,0.9198643,0.07907367,-0.043774955,0.26059264,-0.10565278,0.04687616,0.2608719,0.124064565,0.110484704,0.080046795,0.16315821,-0.11097003,-0.1515804,0.12878564,0.11123039,0.0629805,0.9760996,0.22867568,-0.08980875,0.04725221,0.036230672,0.09557432,0.098105505,0.94944954,0.05866521,0.08777798,0.96111315,0.14716889,-0.025848,0.27166474,-0.15284589,0.13199,-0.033785973,0.075062215,0.11502456,0.094656676,0.2490173,-0.045584697,0.14547622,0.047606304,0.08038056,0.1643115,0.32415593,0.028493412,-0.13734207,0.18513721,0.7301097,1.0000007,0.05355166,0.07888508,0.06727213,0.07533637,0.10189518,0.14262024,0.06945148,0.95640653,0.1108626,0.1600579,0.09475203,0.1408128,0.9606917,0.046850577,-0.05825936,0.20616761,0.089334905,0.07159703,0.16269055,0.9824175,-0.13584788,0.07107888,0.106063366,0.1341484,0.08717636,0.11380944,0.21155939
@corbuzier,0.12195723,0.26021227,0.0527365,0.284948,0.12951209,0.92714924,0.17213184,0.031190641,0.2244094,0.34264338,0.0641623,0.1327355,0.29822928,0.3754619,-0.03588667,-0.03696166,-0.038716722,0.2967267,0.20146094,0.24777353,0.41930857,0.12122521,0.26003167,-0.091187194,-0.026239771,0.12941626,0.45904365,0.14660573,-0.04511007,0.13172756,0.3103009,-0.06149379,0.03819933,0.050044134,0.44031483,0.46045434,0.3014169,-0.16771407,0.9408432,0.52330184,0.035963178,0.034979243,0.028929673,0.20537907,0.2716261,0.27465996,0.3500188,0.10935111,0.033953205,0.3137642,0.31348455,0.04294558,0.11709826,0.040097337,-0.07379661,-0.1701453,0.83612347,-0.1445123,0.91983175,0.43805295,0.3833725,-0.017670674,-0.11360738,0.6489046,0.32721126,0.9282459,0.5342709,-0.059506834,0.6459274,-0.16910027,0.090212345,0.6014421,0.05355166,0.9999999,0.34117088,0.30000514,0.58442885,-0.017105876,0.3613472,0.7729633,0.07867896,0.2740261,0.3059184,0.26891714,0.30080223,0.12779859,0.5097845,-0.07032001,-0.09500218,0.8767749,0.2763519,-0.037799135,0.075779125,0.14923485,0.073750034,0.9512789,0.303042,0.31803584,0.3351229,0.5433676
@deHakims,0.22801939,0.95218444,0.25322297,-0.026548035,0.20017266,0.42514107,0.8772889,-0.020639764,0.89648724,0.112161696,0.17581251,0.056227475,0.0038913675,0.08400007,-0.12487005,-0.13713534,-0.11911601,-0.035181295,0.91740245,0.8840051,0.19229168,0.03458309,0.47864217,-0.15464571,-0.08092668,0.12614304,0.25966808,-0.04062168,-0.16272193,0.07020268,-0.009830115,-0.14262483,0.23838368,0.15671271,0.33906186,0.8401767,0.042551957,-0.14109612,0.3607579,0.20627497,0.15782396,0.1015771,0.2797851,0.11887965,-0.031593088,-0.031776823,0.09190746,0.22896364,0.03768346,0.008785009,-0.03189242,-0.03044463,0.87494886,-0.08239858,-0.15667114,-0.11193868,0.5693537,-0.13744155,0.3972587,0.21988827,0.27537146,-0.116465755,-0.15663701,0.38945198,-0.014398233,0.41543996,0.5176812,-0.1486424,0.16391514,-0.1493209,0.8296331,0.24832734,0.07888508,0.34117088,1.0,0.9856717,0.06535988,0.33963487,0.22332883,0.3551171,0.019503653,0.010232479,0.261761,-0.005539662,-0.009352009,0.013482252,0.3850442,-0.09758063,-0.15753669,0.36379635,0.00048515853,0.09450088,0.06393538,0.11161849,0.21808808,0.40472248,0.041840684,0.0008885097,-0.0071774563,0.10706219
@deHakimsAviaryIrfanHakim,0.22572696,0.9556234,0.24762006,-0.021946669,0.21262649,0.39136672,0.89994943,-0.029651392,0.8959117,0.10387814,0.16669586,0.046035513,0.02788021,0.10488227,-0.11404381,-0.12639281,-0.11019282,-0.033152647,0.9277441,0.9069876,0.17560504,0.023039278,0.45895505,-0.14324483,-0.07188222,0.11766256,0.24485323,-0.040426012,-0.15041636,0.06190229,-0.009341544,-0.13061392,0.23493455,0.14929716,0.31532186,0.8398234,0.030888017,-0.1306077,0.3198505,0.18907315,0.14995214,0.09598127,0.2784525,0.1115606,-0.02726409,-0.029284772,0.11483447,0.21688347,0.029513195,0.011805415,-0.0055893743,-0.038806222,0.89400893,-0.07158306,-0.14421964,-0.106584504,0.5213065,-0.13070859,0.34827012,0.20239621,0.25840503,-0.105204195,-0.14684641,0.37274915,-0.011883973,0.36627668,0.4934851,-0.13837966,0.15367092,-0.13844459,0.85752213,0.22163025,0.06727213,0.30000514,0.9856717,0.9999998,0.05388894,0.34674358,0.2134172,0.33128014,0.0057620015,0.038319133,0.24775149,0.021953791,0.018280027,0.0015526377,0.35317254,-0.08919451,-0.14461128,0.31809902,0.003885544,0.09935415,0.051267676,0.09949281,0.2093729,0.35731024,0.06571079,0.026094342,0.01987635,0.096176825
@dennycaknan6996,0.024195738,0.046109084,0.044100307,0.9060315,0.037946373,0.5981641,0.019472376,0.10521256,0.08110201,0.062330518,0.057459533,0.016628476,0.11024243,0.16984951,-0.0771478,-0.05440763,-0.06109809,0.9060682,0.025317606,0.015331656,0.26319557,0.14587015,0.10531664,-0.07189067,-0.05318421,0.15845302,0.19218087,0.11974962,-0.055589564,0.08813617,0.9130304,-0.055027626,0.057593822,0.06758922,0.10191477,0.26358306,0.28393358,-0.16974756,0.5376854,0.21329169,0.046910003,0.084995516,0.08404274,0.15235022,0.90176094,0.8915122,0.13198224,0.086718425,0.0066869217,0.9107188,0.15309152,0.11418553,-0.006491945,-0.024397084,-0.074235134,-0.17755672,0.3951074,-0.14361958,0.4299955,0.16421005,0.12162772,-0.021816876,-0.107476026,0.21768026,0.91700655,0.48509794,0.26003712,-0.041752174,0.28951174,-0.16214468,-0.002510841,0.46222305,0.07533637,0.58442885,0.06535988,0.05388894,1.0,0.018744888,0.13156267,0.7923695,0.07899946,0.10944855,0.1407836,0.11004378,0.1638161,0.16763327,0.16648908,-0.08755352,-0.08698141,0.582402,0.8919793,0.08255587,0.121993184,0.07190545,0.07284443,0.51523703,0.104142934,0.13158676,0.17615506,0.69030243
@farida.nurhan,0.086357966,0.43151075,0.9461749,-0.037576124,0.11518879,0.13369533,0.45070338,0.009084548,0.514469,-0.055712912,0.8984997,-0.08577686,-0.09603976,-0.03939227,-0.06927064,-0.19313025,-0.11600147,-0.013277365,0.3201191,0.20804842,-0.0133290775,0.00988822,0.3565606,-0.16738072,-0.13108543,0.11923374,0.089815535,-0.09302272,-0.19155905,-0.040551417,-0.010417655,-0.19489253,0.9459604,0.9015931,0.09382925,0.26998478,-0.08953672,-0.0960345,0.06918131,0.031820994,0.9059057,0.13774896,0.95238507,0.008547911,-0.019709695,-0.03385364,-0.06585291,0.90353644,-0.012332607,-0.004126232,-0.13513452,-0.0069510792,0.47310477,-0.07342593,-0.1818608,-0.06468231,0.2874726,-0.08936396,0.073188275,0.054396696,0.123211324,-0.19038767,-0.10571213,0.16006862,-0.041180447,0.13486591,0.1328033,-0.17770198,-0.051450863,-0.09319052,0.47818276,0.16190086,0.10189518,-0.017105876,0.33963487,0.34674358,0.018744888,1.0000001,0.094762415,0.23577666,-0.0012604983,-0.0840686,0.057847552,-0.09707057,-0.094134584,-0.0130898785,0.6531322,-0.064863,-0.17989016,0.11438128,0.016416524,0.90552604,0.067487575,-0.031339347,0.91319,0.065697946,-0.06883447,-0.09721819,-0.10864142,-0.061493084
@felicia.tjiasaka,0.21905044,0.22823201,0.09431731,0.057785198,0.10812004,0.34016675,0.18173918,0.07804853,0.28539905,0.8910554,0.08049175,0.05860451,0.4932115,0.50043184,0.051273696,0.13680768,0.17618132,0.042199492,0.31046838,0.34394377,0.3417435,0.119659215,0.3090132,0.13892333,0.17407745,0.19143584,0.9514775,0.044819303,0.20157321,0.08365649,0.0750797,0.13591342,0.07938153,0.0949516,0.9046428,0.36598736,0.16996488,-0.061617307,0.4128518,0.90437126,0.10095308,0.15455101,0.14827138,0.11399188,0.057888776,0.043620974,0.59621143,0.114538535,0.07548807,0.09441556,0.34527546,0.09470908,0.1517919,0.15560657,0.12745212,-0.09478609,0.29712558,-0.08378607,0.29254904,0.9571988,0.9351338,0.14947121,-0.049552742,0.7935653,0.077219486,0.38662893,0.4173652,0.1441831,0.81193423,-0.071186215,0.19737467,0.4875963,0.14262024,0.3613472,0.22332883,0.2134172,0.13156267,0.094762415,0.9999999,0.30640143,0.028678171,0.3467108,0.22963077,0.34588823,0.39884898,0.10529627,0.46862137,0.021124445,0.13052233,0.5208215,0.079046175,0.101656355,0.112158835,0.043495536,0.0867974,0.3510409,0.46770138,0.35854596,0.36117607,0.12979116
@indomusikgram,0.17795193,0.3385144,0.2488593,0.5902586,0.06686498,0.8422607,0.25259918,0.028543703,0.37671363,0.19863626,0.2527804,0.105414085,0.09279078,0.18101797,-0.18074207,-0.07151456,-0.04604867,0.5829768,0.26385275,0.21980447,0.42996508,0.1065782,0.39879566,-0.10367307,-0.035292625,0.16415729,0.39689374,0.03848679,-0.08258718,0.14037025,0.599915,-0.08605869,0.24875118,0.25175685,0.34402144,0.50115,0.2974635,-0.2867218,0.7832254,0.3847835,0.24058828,0.07238544,0.2911572,0.22100672,0.5791625,0.56176394,0.16053161,0.30369467,-0.007568639,0.623108,0.100183144,0.03212671,0.22805011,-0.11279558,-0.10143916,-0.2660752,0.7405673,-0.25606114,0.7181946,0.3436259,0.32487065,-0.03474539,-0.23410577,0.5105576,0.61296105,0.7715272,0.51758504,-0.08031587,0.461364,-0.28251752,0.20777673,0.5640996,0.06945148,0.7729633,0.3551171,0.33128014,0.7923695,0.23577666,0.30640143,0.9999999,0.041194264,0.06985034,0.3232661,0.06617527,0.11967028,0.11862196,0.55418605,-0.18489009,-0.115284905,0.8136599,0.5871994,0.20509025,0.09078921,0.15640256,0.273072,0.7446603,0.096195325,0.09844323,0.13401443,0.6269413
@iwanbanaranblog,0.054774266,0.01515291,0.010846614,0.025804894,0.030970227,0.09887465,0.04648827,0.96670425,0.040420838,-0.010353733,0.035384692,-0.10481165,0.107426405,0.12483224,0.14148688,0.32417032,0.3404785,0.121160954,0.011666405,0.0036997115,0.07184714,0.97086424,0.19998491,0.28384376,0.314551,0.89261365,-0.02699017,0.027740836,0.28170165,-0.09999049,0.0332816,0.29237345,0.04193779,0.03790788,-0.02244635,0.089532256,-0.10250819,-0.08618407,0.14040968,0.028826075,-0.011699293,0.9217392,0.11737275,-0.09241363,0.03489245,0.027281119,0.046840616,0.023413116,0.9622182,0.038782276,0.08543524,0.96188235,0.054046296,0.025836274,0.30101323,-0.08794899,0.13385583,0.05181079,0.10828505,0.015919365,-0.018366018,0.27746975,0.029452797,0.080409475,0.040344086,0.09759075,0.13670099,0.35094792,-0.009514688,-0.07174051,0.076066345,0.69813424,0.95640653,0.07867896,0.019503653,0.0057620015,0.07899946,-0.0012604983,0.028678171,0.041194264,1.0,0.09164358,0.15561219,0.07913693,0.11821747,0.9647303,-0.0143587105,-0.0003989879,0.23177667,0.07732892,0.049810126,0.07806542,0.9655577,-0.124522895,0.0020212075,0.12781194,0.10379171,0.07643285,0.104818545,0.25352737
@kompastv,-0.13547786,0.009426113,-0.06572717,0.05521967,0.26710275,0.17606074,0.11025491,0.1384001,-0.022945058,0.4002683,-0.07536414,-0.1940507,0.97161055,0.96655625,0.25887617,0.013209784,0.0065492634,0.07816388,0.074343204,0.249567,-0.05323921,0.1608791,-0.18029626,-0.00044579618,-0.012978507,0.13317764,0.33356273,0.17405856,0.06510204,-0.13613412,0.07043909,-0.014131261,-0.0599916,-0.05785834,0.30521858,0.13796328,-0.04092418,0.09176894,0.31752884,0.5205189,-0.0989469,0.16018721,-0.063639626,-0.069982804,0.061224386,0.041326147,0.92190427,-0.08781446,0.13056396,0.06924106,0.9719043,0.15962687,0.04395698,0.3420146,0.0178135,0.02827318,0.12364976,0.08370285,0.17829224,0.39643687,0.3144886,-0.02114932,0.15498707,0.4648058,0.07525369,0.23074874,0.05522649,0.025047429,0.51027715,0.07811705,0.10687193,0.34796217,0.1108626,0.2740261,0.010232479,0.038319133,0.10944855,-0.0840686,0.3467108,0.06985034,0.09164358,1.0000002,-0.12474331,0.9928363,0.97094965,0.13206232,0.05211667,0.17429519,-0.0063463543,0.23877183,0.059094228,-0.021107752,0.11028716,-0.17225635,-0.07906276,0.28784543,0.98259807,0.99189776,0.97817785,0.0576104
@letdahyper,0.90921533,0.26392093,0.027281616,-0.010503857,-0.016712217,0.3561566,0.29667616,0.10232945,0.26952675,0.25213847,0.04181113,0.8409705,-0.08409805,-0.07864998,-0.20056452,0.40281016,0.3855995,-0.024208987,0.23581843,0.19789468,0.9373616,0.21226603,0.8591528,0.36282256,0.44780868,0.38796952,0.22569722,0.17981553,0.38876244,0.8538083,-0.068749376,0.42886096,0.02244701,0.03200725,0.18175942,0.5270988,0.80850947,-0.15402713,0.31480712,0.11253533,0.060279228,0.13540745,0.0749775,0.8507358,-0.06564134,-0.063153215,-0.035743266,0.054093026,0.19869524,-0.0050247004,-0.1191015,0.10782072,0.24253061,-0.15785652,0.37800294,-0.11985831,0.23607627,-0.12237014,0.20051117,0.14575467,0.13046214,0.50843614,-0.15674818,0.27992764,-0.026103808,0.21345451,0.88138485,0.33572036,0.28286916,-0.15384078,0.20235282,0.31579155,0.1600579,0.3059184,0.261761,0.24775149,0.1407836,0.057847552,0.22963077,0.3232661,0.15561219,-0.12474331,1.0000001,-0.12771364,-0.059455454,0.21158941,0.2750945,-0.15254688,0.3755551,0.32100946,-0.06605187,0.0068714106,0.1722593,0.8391727,0.032182388,0.17911744,-0.117396034,-0.13202828,-0.097191334,0.4743861
@liputan6_news,-0.14070521,-0.010161482,-0.075244784,0.058429997,0.2455404,0.16648483,0.08657872,0.1271257,-0.041654225,0.4069144,-0.083054155,-0.19094288,0.9686297,0.961998,0.2482261,0.023565983,0.01542642,0.07759212,0.059559174,0.23534565,-0.051196136,0.148671,-0.1905218,0.011531198,-0.0031323303,0.11492598,0.33488768,0.16570702,0.075507976,-0.13334116,0.07312562,-0.003188163,-0.070633695,-0.065043926,0.3105889,0.121631354,-0.039596166,0.08567977,0.3133008,0.52495396,-0.10445213,0.14064752,-0.07769765,-0.071792446,0.06454845,0.043935977,0.91906714,-0.09601672,0.11780356,0.07033419,0.9721236,0.14806974,0.02008354,0.33349237,0.028237512,0.019517496,0.11009207,0.07393002,0.17170125,0.3979271,0.3151055,-0.010635644,0.14642544,0.46107066,0.07804161,0.22304115,0.046196274,0.035605747,0.5138974,0.071799174,0.0816624,0.33577716,0.09475203,0.26891714,-0.005539662,0.021953791,0.11004378,-0.09707057,0.34588823,0.06617527,0.07913693,0.9928363,-0.12771364,1.0000002,0.9672338,0.12216621,0.04155142,0.16431934,0.005571937,0.24035498,0.060215432,-0.030068392,0.09569405,-0.16986062,-0.08730568,0.28162974,0.9802711,0.9871104,0.9777872,0.05511342
@metrotvnews,-0.06569003,-0.0018810946,-0.0891446,0.10490247,0.32444468,0.21166512,0.11571158,0.17222443,-0.022734212,0.4400486,-0.09919512,-0.13019651,0.9654343,0.95982134,0.31999928,0.010174643,0.0011185333,0.13815784,0.06572291,0.2327438,0.018186856,0.19929153,-0.11758265,-0.005715033,-0.015166607,0.20468633,0.3861367,0.27466276,0.06726183,-0.06911403,0.112468734,-0.014277835,-0.08150472,-0.075852,0.31983632,0.16675496,0.056871302,0.14717616,0.3339001,0.5458504,-0.11561801,0.20159248,-0.058980055,0.009530897,0.103087835,0.08273983,0.9400135,-0.11133,0.16150334,0.11877854,0.97873163,0.19507855,0.036215063,0.42017207,0.012979718,0.07980753,0.11965206,0.1465636,0.17391297,0.431888,0.34973028,-0.012367798,0.22090337,0.5080578,0.12418668,0.24282444,0.12218497,0.019927146,0.560146,0.13411264,0.104810745,0.41033632,0.1408128,0.30080223,-0.009352009,0.018280027,0.1638161,-0.094134584,0.39884898,0.11967028,0.11821747,0.97094965,-0.059455454,0.9672338,1.0000004,0.16983032,0.059980243,0.24140432,-0.0146331815,0.2584837,0.10242006,-0.0126760155,0.14570461,-0.115653865,-0.10388748,0.28872287,0.9667151,0.9647454,0.9762335,0.16938442
@motomobitv,0.09711674,0.011564352,-0.00066847936,0.10757131,-0.028520694,0.14888394,0.045768604,0.980971,0.04848166,0.07155799,0.025357619,-0.078648515,0.16239718,0.17444617,0.05713211,0.41188335,0.42653787,0.18411778,0.02466562,0.018535752,0.16358683,0.9877238,0.23007418,0.37476987,0.4025112,0.91252196,0.04678963,-0.015082478,0.37532985,-0.060398452,0.10778367,0.38163137,0.031918652,0.031804346,0.037711117,0.13653018,-0.042279474,-0.16532215,0.19513774,0.09684193,-0.017316252,0.92561877,0.11567893,-0.047343582,0.111730106,0.10016806,0.1040681,0.015990382,0.9504334,0.12063539,0.12792426,0.98089075,0.04592541,-0.038200077,0.38805404,-0.17493019,0.13520274,-0.04753218,0.120079815,0.08482741,0.03884879,0.3717447,-0.05423457,0.13027029,0.118612766,0.110707715,0.1942716,0.44278777,0.077494524,-0.15132628,0.07686259,0.745644,0.9606917,0.12779859,0.013482252,0.0015526377,0.16763327,-0.0130898785,0.10529627,0.11862196,0.9647303,0.13206232,0.21158941,0.12216621,0.16983032,1.0000002,0.001554478,-0.08005615,0.31901443,0.14786515,0.1240443,0.07528786,0.9722108,-0.09541631,-0.005710727,0.15476859,0.14688611,0.11415572,0.15521225,0.31301314
@nihongomantappu,0.21934816,0.3684566,0.73213315,-0.061080728,0.02793901,0.5971517,0.28999525,-0.046255287,0.39658433,0.37108284,0.7333485,0.08356413,0.10373702,0.16920222,-0.1073136,-0.045750458,0.029132562,-0.05728453,0.26497462,0.23863095,0.3297515,0.015317254,0.4370485,-0.056489512,0.021850735,0.078075334,0.5151988,-0.0654347,-0.03524936,0.07526918,-0.02900928,-0.061836183,0.7019373,0.7360687,0.5216212,0.38735193,0.1233696,-0.19290283,0.58943677,0.4810013,0.7414211,0.028410621,0.68127865,0.15023652,-0.053073805,-0.064235434,0.16187572,0.76356494,-0.023400027,-0.025906328,0.0314481,-0.047693282,0.26140916,-0.06435102,-0.057818916,-0.16825297,0.6959667,-0.18922809,0.5819509,0.481025,0.48943633,-0.026982626,-0.1946981,0.64018136,-0.03765986,0.6366476,0.44774312,-0.062003694,0.48621124,-0.19494106,0.23720914,0.42996228,0.046850577,0.5097845,0.3850442,0.35317254,0.16648908,0.6531322,0.46862137,0.55418605,-0.0143587105,0.05211667,0.2750945,0.04155142,0.059980243,0.001554478,1.0000004,-0.14278528,-0.05967556,0.62299126,-0.03337145,0.6196084,0.026490506,0.09307299,0.7429054,0.55245286,0.111940846,0.07402875,0.07047552,0.116752654
@officialbaliunited,-0.08634605,-0.0642309,-0.102330565,-0.042389378,0.81752574,-0.13576664,0.013661745,-0.009771371,-0.077097535,0.026406892,-0.13002849,0.030422889,0.14102186,0.15256715,0.89105225,-0.2450415,-0.26470613,0.045268603,-0.048284523,-0.020471737,-0.20320222,-0.055446982,-0.119890064,-0.23204733,-0.26784405,0.009249106,0.027506864,0.82838714,-0.22241795,-0.019521894,-0.03391071,-0.23553388,-0.09721584,-0.11758602,-0.044900488,-0.12985706,0.040541388,0.91918993,-0.112538695,0.027403777,-0.13061507,0.014912605,-0.08783614,-0.012536265,-0.040236596,-0.027096251,0.1910433,-0.14720303,-0.04196473,-0.052971505,0.24160644,-0.009459032,-0.02407469,0.92721593,-0.23689273,0.9079488,-0.13182712,0.93746734,-0.08584277,0.033318717,0.04818698,-0.2506755,0.9568526,0.04205805,-0.035884276,-0.008233708,-0.091797896,-0.23469877,0.044866186,0.9179716,0.01704186,-0.033990998,-0.05825936,-0.07032001,-0.09758063,-0.08919451,-0.08755352,-0.064863,0.021124445,-0.18489009,-0.0003989879,0.17429519,-0.15254688,0.16431934,0.24140432,-0.08005615,-0.14278528,0.9999996,-0.23186445,-0.15688321,-0.026163429,-0.014855459,-0.040010065,-0.048837677,-0.12483941,-0.06768799,0.18601607,0.19051763,0.17689313,0.09928553
@projectreview,0.32213682,-0.1707745,-0.14029683,-0.07774526,-0.30424148,-0.091276765,-0.1761009,0.24294189,-0.17505673,0.2582168,-0.0978677,0.25019172,0.054391205,-0.018797282,-0.1716513,0.9865898,0.9753829,-0.12576933,-0.14460029,-0.12616113,0.44073224,0.28688195,0.1699249,0.99280846,0.980744,0.20833686,0.053590514,-0.1796487,0.985946,0.19109531,-0.11377023,0.99144197,-0.13606116,-0.10261905,0.0670262,-0.06339192,0.121587835,-0.16377714,-0.036775142,0.044030774,-0.09229578,0.124262184,-0.16273262,0.12753168,-0.08108319,-0.09248121,-0.02479477,-0.11409144,0.32481498,-0.10725175,-0.024906227,0.25872943,-0.17391118,-0.22453052,0.99212295,-0.18873766,-0.15212657,-0.1817947,-0.105438605,0.07671894,0.009750523,0.9789879,-0.18669198,-6.86752e-05,-0.09097718,-0.16291225,0.15765232,0.98241,0.12894657,-0.16493368,-0.17793156,0.07366833,0.20616761,-0.09500218,-0.15753669,-0.14461128,-0.08698141,-0.17989016,0.13052233,-0.115284905,0.23177667,-0.0063463543,0.3755551,0.005571937,-0.0146331815,0.31901443,-0.05967556,-0.23186445,1.0000004,-0.022060752,-0.11461881,-0.14279288,0.2170338,0.14340453,-0.11171463,-0.12095176,-0.0009639319,-0.023028117,0.011501817,-0.006583188
@radityadika,0.14774935,0.2969731,0.19719821,0.32124293,0.04175118,0.8488893,0.18434168,0.051834244,0.2951089,0.45808142,0.21553482,0.07957971,0.28986454,0.3792202,-0.104505286,0.02443889,0.04970423,0.3004532,0.2696054,0.2880177,0.4520256,0.1415569,0.3251798,-0.010412223,0.05805302,0.15185562,0.60545075,0.028466607,0.029318567,0.11769199,0.34670344,0.0045674676,0.18917963,0.21006687,0.6107249,0.5081291,0.2554517,-0.245745,0.91968143,0.659215,0.19148217,0.06166993,0.18813647,0.18424158,0.31328797,0.3088128,0.3468554,0.26757783,0.03469918,0.35672158,0.25760758,0.060944997,0.14824289,-0.030965347,-0.008431429,-0.24246554,0.8034471,-0.2307176,0.8279165,0.5910878,0.54265994,0.04294083,-0.20069012,0.7053915,0.35600936,0.8714404,0.5627525,0.01973138,0.70568436,-0.25082302,0.12222448,0.6502353,0.089334905,0.8767749,0.36379635,0.31809902,0.582402,0.11438128,0.5208215,0.8136599,0.07732892,0.23877183,0.32100946,0.24035498,0.2584837,0.14786515,0.62299126,-0.15688321,-0.022060752,0.9999999,0.32151526,0.12806848,0.10420362,0.11283447,0.22896609,0.8723315,0.29670846,0.277781,0.2990046,0.4622429
@raisa6690,-0.112825036,0.008702997,0.0015912186,0.98462653,0.04493507,0.31909055,-0.003698322,0.10924727,0.07439766,-0.012519132,-0.008232921,-0.14193645,0.05135822,0.100056514,-0.028744582,-0.10424816,-0.10732413,0.96299696,0.030237734,0.0023198342,0.033077758,0.10323269,-0.03427584,-0.09923077,-0.1044485,0.103469,0.119796276,0.07059929,-0.0988005,-0.057146788,0.9901563,-0.096523404,0.016264843,0.01161675,0.029312069,0.14003076,0.09894357,-0.10095404,0.2329053,0.11526642,-0.0073545277,0.10296118,0.06757099,-0.020667752,0.991061,0.9858713,0.076981455,0.018634021,-0.018710317,0.98449093,0.090686284,0.11509967,-0.00012691598,0.010469465,-0.112702675,-0.12034446,0.13959022,-0.08591543,0.1442272,0.1034931,0.09032904,-0.086837634,-0.04767565,0.03505519,0.985057,0.21041778,0.038673017,-0.07090063,0.108857945,-0.090622574,0.025654912,0.2973377,0.07159703,0.2763519,0.00048515853,0.003885544,0.8919793,0.016416524,0.079046175,0.5871994,0.049810126,0.059094228,-0.06605187,0.060215432,0.10242006,0.1240443,-0.03337145,-0.026163429,-0.11461881,0.32151526,0.9999999,0.07512824,0.11497052,-0.08452004,0.01470915,0.23731488,0.05467013,0.06772131,0.10220801,0.5462024
@riasukmawijaya,0.03213149,0.1738446,0.92395854,0.026061073,0.07472783,0.07838851,0.21598466,0.10875392,0.26504552,-0.032040544,0.9191443,-0.124668926,-0.026896257,0.029715873,0.024586087,-0.15513584,-0.07325409,0.06822362,0.09428539,0.018274523,-0.030477453,0.09565984,0.23664862,-0.12315473,-0.10011822,0.17547296,0.08409685,-0.034731224,-0.141552,-0.05608746,0.05417875,-0.1564363,0.93980783,0.9386577,0.067269936,0.10749109,-0.0675818,-0.046349876,0.05530916,0.063231476,0.9185314,0.19283387,0.938027,0.0028835665,0.046224,0.026839597,-0.0267701,0.91134936,0.04232444,0.054921806,-0.053904578,0.09457488,0.22299232,0.0051954105,-0.13791938,-0.022087857,0.19108066,-0.026715355,0.019576922,0.06803086,0.105414435,-0.15580735,-0.030319266,0.12998441,0.024243176,0.092911884,0.047534086,-0.12587553,-0.018295418,-0.040988762,0.24009857,0.23941648,0.16269055,-0.037799135,0.09450088,0.09935415,0.08255587,0.90552604,0.101656355,0.20509025,0.07806542,-0.021107752,0.0068714106,-0.030068392,-0.0126760155,0.07528786,0.6196084,-0.014855459,-0.14279288,0.12806848,0.07512824,1.0000001,0.14394054,-0.07262048,0.9127772,0.033800166,-0.0060096886,-0.030562826,-0.024728429,-0.02088245
@ridwanhr,0.07866848,0.07838769,0.061042424,0.08224341,0.02609099,0.11476636,0.10874367,0.9793999,0.123893365,0.047388233,0.0763037,-0.1138486,0.1343776,0.15778813,0.095935695,0.30290952,0.32797688,0.1704452,0.08376828,0.06211378,0.09554046,0.9746334,0.25222188,0.27160275,0.30302852,0.9230274,0.054310165,-0.0061900318,0.26894146,-0.09017788,0.0902362,0.27499127,0.09527747,0.08371877,0.04678786,0.15470453,-0.08678433,-0.13590243,0.14606088,0.09042316,0.034818374,0.96606326,0.20053962,-0.075194955,0.09083964,0.08045568,0.08931229,0.071429476,0.93877876,0.10249998,0.096526384,0.9760629,0.121231616,7.2252005e-06,0.28131112,-0.13980642,0.13945961,-0.01015388,0.090049654,0.09002441,0.06257564,0.26369697,-0.02108178,0.13020153,0.09358238,0.09573306,0.17522773,0.3369419,0.031519637,-0.11978356,0.15417582,0.7434321,0.9824175,0.075779125,0.06393538,0.051267676,0.121993184,0.067487575,0.112158835,0.09078921,0.9655577,0.11028716,0.1722593,0.09569405,0.14570461,0.9722108,0.026490506,-0.040010065,0.2170338,0.10420362,0.11497052,0.14394054,1.0000001,-0.12330051,0.0481435,0.11930226,0.13011909,0.08919609,0.11806472,0.2678111
@rrq_lemon,0.8560413,0.10964385,-0.058549494,-0.017957585,-0.0040029027,0.18375045,0.17043999,-0.17511849,0.1006867,0.097617015,-0.04813516,0.9222831,-0.16328517,-0.17548442,-0.17042446,0.14034316,0.10065188,-0.030904863,0.097353846,0.06980577,0.78616476,-0.09962718,0.6663833,0.10871054,0.17243576,0.08288526,0.05374577,0.27219105,0.13670953,0.9630663,-0.07927958,0.1788719,-0.07201778,-0.058345336,0.007426088,0.36390275,0.87149286,-0.008866753,0.100743316,-0.056110233,-0.012550458,-0.14053307,-0.06272569,0.92014694,-0.07641827,-0.066308185,-0.11569306,-0.04821121,-0.09675804,-0.023371918,-0.15995388,-0.17036915,0.110245645,-0.09729293,0.12760882,0.033222497,0.028234102,-0.0032185595,0.014803972,-0.02882727,-0.031440534,0.26076326,-0.04357109,0.07410099,-0.043830547,0.021545036,0.7088715,0.06224247,0.11542758,-0.01123577,0.055375755,-0.016795758,-0.13584788,0.14923485,0.11161849,0.09949281,0.07190545,-0.031339347,0.043495536,0.15640256,-0.124522895,-0.17225635,0.8391727,-0.16986062,-0.115653865,-0.09541631,0.09307299,-0.048837677,0.14340453,0.11283447,-0.08452004,-0.07262048,-0.12330051,1.0,-0.05340208,-0.011814479,-0.19216484,-0.17623073,-0.15503052,0.3816545
@tanboykun,0.025377788,0.2540015,0.98738015,-0.031796217,-0.02414186,0.18764597,0.23488247,0.0028407103,0.31089175,-0.034499336,0.9898653,-0.10853541,-0.086937144,-0.0326926,-0.105450965,-0.12347752,-0.040191766,-0.012058419,0.14226478,0.07009941,0.013744315,0.008299844,0.2518615,-0.101614654,-0.062339973,0.048753127,0.086650774,-0.13766637,-0.1197762,-0.060939394,0.0073471135,-0.13023119,0.9838091,0.9853655,0.11351332,0.1634599,-0.09179547,-0.14235422,0.16387677,0.07030526,0.98431057,0.06775586,0.9037056,-0.013026396,-0.00564201,-0.021599464,-0.09120952,0.9884263,-0.028731497,-0.0016397516,-0.121749446,-0.010207529,0.24655345,-0.117038354,-0.11133674,-0.114800386,0.34469518,-0.13735196,0.17336826,0.071651764,0.10695478,-0.12526947,-0.14860374,0.17762014,-0.02827559,0.2156876,0.08962377,-0.10819996,0.004456427,-0.14067516,0.23275673,0.1894689,0.07107888,0.073750034,0.21808808,0.2093729,0.07284443,0.91319,0.0867974,0.273072,0.0020212075,-0.07906276,0.032182388,-0.08730568,-0.10388748,-0.005710727,0.7429054,-0.12483941,-0.11171463,0.22896609,0.01470915,0.9127772,0.0481435,-0.05340208,1.0000004,0.15615399,-0.065895066,-0.0809468,-0.08642087,-0.09119375
@taulany_tv,-0.014043456,0.32103327,0.14032404,0.22332808,0.15560548,0.9037454,0.21404204,0.07431263,0.28613698,0.29920128,0.14512771,-0.02891714,0.3051312,0.39592326,-0.008087657,-0.06471781,-0.049320184,0.24405977,0.2518611,0.2892133,0.27151996,0.15698653,0.19827186,-0.110649824,-0.04762443,0.13650955,0.4404852,0.081961825,-0.07649009,-0.031369343,0.2666213,-0.097591326,0.12785012,0.13138142,0.45678702,0.44093263,0.099488825,-0.17310421,0.93856454,0.529554,0.103002094,0.0881338,0.11283082,0.029235845,0.2264286,0.22643769,0.34954286,0.19282907,0.07534422,0.260801,0.30918878,0.08159295,0.17690247,0.042315945,-0.098173276,-0.16939327,0.9008143,-0.14399734,0.9556885,0.44117796,0.39448917,-0.07119806,-0.1142602,0.6447401,0.27227026,0.96245813,0.435597,-0.07265027,0.5933258,-0.1740079,0.15274346,0.6199115,0.106063366,0.9512789,0.40472248,0.35731024,0.51523703,0.065697946,0.3510409,0.7446603,0.12781194,0.28784543,0.17911744,0.28162974,0.28872287,0.15476859,0.55245286,-0.06768799,-0.12095176,0.8723315,0.23731488,0.033800166,0.11930226,-0.011814479,0.15615399,0.9999998,0.32560447,0.33068013,0.335599,0.42380112
@tempovideochannel,-0.13056284,0.039427392,-0.050870128,0.04429623,0.28118107,0.2025839,0.123801865,0.15373865,0.015236713,0.50644445,-0.06425463,-0.20522428,0.9876713,0.9872174,0.2777971,0.018554147,0.01871954,0.06706835,0.11495799,0.28647757,-0.035985008,0.1765114,-0.1511572,0.007576816,-0.0018980931,0.15276395,0.4537993,0.17654918,0.075759895,-0.15209126,0.064731054,-0.0084598195,-0.048252214,-0.04485578,0.4297765,0.16760671,-0.048989598,0.09817359,0.3553207,0.6340456,-0.084176384,0.18383881,-0.040508404,-0.08599394,0.05285735,0.0324461,0.9578695,-0.07074225,0.14286597,0.062949434,0.9639021,0.17550367,0.058833376,0.37196034,0.021151427,0.027468894,0.16067748,0.08607155,0.21258996,0.51923215,0.4385677,-0.017189713,0.15730321,0.55697346,0.06789604,0.2774015,0.08549737,0.034335285,0.59684837,0.0833213,0.12730652,0.40128663,0.1341484,0.303042,0.041840684,0.06571079,0.104142934,-0.06883447,0.46770138,0.096195325,0.10379171,0.98259807,-0.117396034,0.9802711,0.9667151,0.14688611,0.111940846,0.18601607,-0.0009639319,0.29670846,0.05467013,-0.0060096886,0.13011909,-0.19216484,-0.065895066,0.32560447,1.0000002,0.9811149,0.9696194,0.05696559
@tribunnews,-0.14827335,-0.004302401,-0.0704216,0.06483477,0.28074867,0.20953314,0.08819473,0.11809904,-0.03936076,0.41346702,-0.07741745,-0.19442877,0.9683747,0.96678877,0.27555972,-0.0024626646,-0.009423371,0.08894484,0.056556866,0.23245609,-0.051897418,0.14100489,-0.19355783,-0.017869778,-0.030236324,0.110412136,0.35229677,0.19560528,0.04913892,-0.14232941,0.081665896,-0.030598108,-0.06655793,-0.06023159,0.32370597,0.12887244,-0.037496153,0.10689494,0.35772264,0.5458832,-0.101027265,0.13398542,-0.07518529,-0.07493215,0.070915334,0.05152981,0.9263718,-0.088626385,0.10905668,0.07785205,0.97572213,0.13942273,0.018291438,0.36506015,0.00030718,0.04264527,0.15217623,0.09944205,0.2230733,0.41647542,0.33065248,-0.03760691,0.1729598,0.49074072,0.08640639,0.2757334,0.056646027,0.008068863,0.54317605,0.0935589,0.07837174,0.35411814,0.08717636,0.31803584,0.0008885097,0.026094342,0.13158676,-0.09721819,0.35854596,0.09844323,0.07643285,0.99189776,-0.13202828,0.9871104,0.9647454,0.11415572,0.07402875,0.19051763,-0.023028117,0.277781,0.06772131,-0.030562826,0.08919609,-0.17623073,-0.0809468,0.33068013,0.9811149,1.0000004,0.9796761,0.07222018
@tvOneNews,-0.124401,-0.015346079,-0.078248255,0.105700955,0.26272073,0.23335671,0.0840123,0.14954038,-0.05034983,0.41374788,-0.08195926,-0.17106865,0.9618332,0.9671227,0.26728797,0.038414117,0.028083801,0.12773564,0.046337295,0.22602998,-0.0036520527,0.18116102,-0.17618331,0.018696249,0.0087169185,0.15262385,0.35356534,0.20560953,0.08878089,-0.11279902,0.117226474,0.009346399,-0.07192488,-0.062480178,0.3120742,0.14571208,0.0043486618,0.089361355,0.3787756,0.5402609,-0.105731264,0.15850693,-0.07565517,-0.043944508,0.10784096,0.08854,0.92012095,-0.09297141,0.14380726,0.11571147,0.98175216,0.17207465,0.008753506,0.35635203,0.0390286,0.023396388,0.15542689,0.08738745,0.22329295,0.409769,0.31836903,0.006460104,0.16440445,0.49808848,0.12742025,0.27799818,0.090059,0.047439955,0.5571136,0.07595986,0.07034612,0.39678687,0.11380944,0.3351229,-0.0071774563,0.01987635,0.17615506,-0.10864142,0.36117607,0.13401443,0.104818545,0.97817785,-0.097191334,0.9777872,0.9762335,0.15521225,0.07047552,0.17689313,0.011501817,0.2990046,0.10220801,-0.024728429,0.11806472,-0.15503052,-0.08642087,0.335599,0.9696194,0.9796761,0.9999998,0.14169878
@ybrap,0.38203257,0.11037412,-0.09811409,0.5846903,0.2506656,0.58256257,0.1516183,0.2379457,0.13733873,0.09076303,-0.092457525,0.379412,0.0670802,0.12068379,0.097668916,0.04985418,0.018955179,0.6202903,0.08132526,0.058975115,0.51949614,0.30419856,0.40226322,0.011828072,0.046992652,0.41327125,0.17632133,0.41748628,0.03072948,0.4053759,0.5450702,0.053622246,-0.08678123,-0.08514504,0.04853092,0.37841725,0.5679563,0.01883113,0.49350613,0.1382451,-0.09524636,0.23765263,-0.002859089,0.46648392,0.5382266,0.5524056,0.11727597,-0.07528926,0.19493921,0.58853,0.13779081,0.24570593,0.08950532,0.13850443,0.016342778,0.031372853,0.35706758,0.09870198,0.37946796,0.10878508,0.076179944,0.11041801,0.09392884,0.26100436,0.5849713,0.4244024,0.54094803,0.030732222,0.30224502,0.031228002,0.09069793,0.5371312,0.21155939,0.5433676,0.10706219,0.096176825,0.69030243,-0.061493084,0.12979116,0.6269413,0.25352737,0.0576104,0.4743861,0.05511342,0.16938442,0.31301314,0.116752654,0.09928553,-0.006583188,0.4622429,0.5462024,-0.02088245,0.2678111,0.3816545,-0.09119375,0.42380112,0.05696559,0.07222018,0.14169878,1.0000002
