,@AfifYulistian,@AlshadAhmad,@Anak.Kuliner,@AquariusMusikindo,@ArisSportTv,@AttaHalilintar,@Audrey-A,@AutonetMagz,@BeemzAryo,@BimbelBrilian,@BoengkoesNetwork,@BrandonKentEverything,@CNBC_ID,@CNNIDOFFICIAL,@CoachJustinl28,@DHIARCOM,@DKIDchannel,@Dewa19,@DuniaBinatangLiar,@Dunia_Alam,@DylandPROS,@FitraEri,@FrontaLGaming,@GadgetGaul,@GadgetIn,@GarasiDrift,@HujanTandaTanya,@IBLTV,@JagatReview,@JessNoLimit,@Judika.Entertainment,@K2G,@KUBILER,@Kenandgrat,@KokBisa,@LuckyHakimChannel,@MILYHYA,@MNCTV_Sports,@MajelisLucu,@MalakaProjectid,@MamankKuliner,@Mas-Wahid,@Melkibajaj,@Miawaug,@MusicaStudios,@NagaswaraOfficial,@NarasiNewsroom,@NexCarlos,@OTOMOTIFTV,@OfficialNoahMusic,@OfficialiNews,@Otodriver,@PANJIPETUALANG_REAL,@PSSITV,@PricebookIndonesia,@RCTISports,@RansEntertainment,@SPOTV.Indonesia,@SPROSULEPRODUCTIONS,@SatuPersenIndonesianLifeschool,@SiKutuBuku,@Sobat_HAPE,@SportsChannelIndonesia,@TirtaPengPengPeng,@TrinityOptimaProduction,@VINDES,@WindahBasudara,@YoutuberCupu,@ZeniusEducation,@ZonaJuaraSports,@amarpdchannel,@ariefmuhammaddd,@carmudiID,@corbuzier,@deHakims,@deHakimsAviaryIrfanHakim,@dennycaknan6996,@farida.nurhan,@felicia.tjiasaka,@indomusikgram,@iwanbanaranblog,@kompastv,@letdahyper,@liputan6_news,@metrotvnews,@motomobitv,@nihongomantappu,@officialbaliunited,@projectreview,@radityadika,@raisa6690,@riasukmawijaya,@ridwanhr,@rrq_lemon,@tanboykun,@taulany_tv,@tempovideochannel,@tribunnews,@tvOneNews,@ybrap
@AfifYulistian,0.9999999,0.15730694,0.16877353,-0.0986076,0.0723981,0.20506842,0.2940089,0.021365382,0.18779582,0.2306087,0.17228967,0.8498367,-0.13699363,-0.16971743,-0.03622801,0.4064945,0.42297548,0.03604835,0.105031334,0.06619137,0.9018048,0.08435879,0.86739075,0.39437312,0.49536675,0.34120706,0.20392743,0.14268571,0.3904559,0.8421569,-0.120838106,0.4371484,0.15878609,0.19456948,0.1801422,0.45580825,0.83850515,-0.010365101,0.03269481,0.15266356,0.22286396,0.06948664,0.1535033,0.8814101,-0.09870325,-0.08259216,-0.12383792,0.1848955,0.09315696,-0.06987761,-0.1768829,0.0023969337,0.15676291,-0.04751661,0.409716,0.05320077,-0.07319282,-0.014814728,-0.040705536,0.1651288,0.17032611,0.50752234,-0.023606215,0.34306654,-0.0970722,0.023906507,0.821461,0.37423128,0.16310364,-0.0051327925,0.19346562,0.30118454,0.085509256,0.0097488705,0.12477052,0.11302842,0.062695265,0.17485353,0.23567444,0.3787587,0.03502847,-0.17466202,0.8963571,-0.1705295,-0.06829944,0.08413009,0.31589866,-0.031193035,0.40246192,0.051066257,-0.11615804,0.14748505,0.08177593,0.844281,0.18853536,-0.07810865,-0.17437674,-0.19489962,-0.17134959,0.33072704
@AlshadAhmad,0.15730694,1.0,0.17131448,-0.094750434,0.15834801,0.15961413,0.9062348,-0.071530774,0.9701409,-0.028044952,0.08964675,0.04904878,-0.08771157,-0.037537258,-0.12988842,-0.09954357,-0.08786461,-0.13281813,0.95367587,0.92784864,0.0890475,-0.040056784,0.31442434,-0.090646505,-0.064377196,0.047899693,0.033189997,-0.06246434,-0.120231286,0.060372125,-0.09767434,-0.094856456,0.13738722,0.06875028,0.14713544,0.8257181,-0.008163133,-0.10549415,0.08030452,0.045687433,0.09153545,-0.02326064,0.10546759,0.03472721,-0.09498054,-0.092344835,-0.063063085,0.10569449,0.010095502,-0.07165392,-0.10402563,-0.075566866,0.9663605,-0.12184525,-0.10639171,-0.05686862,0.12010296,-0.09817694,0.08635369,0.026767606,0.051365238,-0.07851294,-0.11450685,0.11726751,-0.09606511,0.10136452,0.27514532,-0.096953005,-0.032554913,-0.099777706,0.9285124,0.0030748774,-0.022919381,0.009735808,0.946138,0.9532665,-0.101623625,0.15606096,0.029979497,0.13478121,-0.03898988,-0.07541935,0.1357935,-0.082774684,-0.13921243,-0.070098236,0.03715947,-0.09153435,-0.09825383,0.075818956,-0.055274554,0.09657044,-0.022385797,0.04359655,0.11809481,0.07234095,-0.04595785,-0.077762775,-0.10420628,-0.07016029
@Anak.Kuliner,0.16877353,0.17131448,1.0000001,-0.08103956,0.05995467,0.14973158,0.3307535,-0.033267524,0.21071053,0.12680122,0.9821722,-0.062898785,0.026665017,0.05934084,-0.01996293,-0.008611951,0.0853132,-0.052651383,0.060613245,0.053798653,0.012023022,-0.020537116,0.33429396,-0.0017100424,0.019382538,0.085962325,0.18391046,-0.029414188,-0.009552576,-0.0048588607,-0.08349689,-0.020711571,0.98214257,0.97861207,0.1867162,0.18224582,-0.043754898,-0.024073776,0.056276303,0.1694529,0.9818498,0.014949384,0.96618783,-0.019798916,-0.07039679,-0.09332639,0.02325776,0.9814578,0.01559617,-0.07283069,0.03207414,-0.03754039,0.16925976,-0.015393789,-0.0051387884,0.023422584,0.10235348,-0.02676139,0.0060711736,0.17175797,0.19227937,-0.00066145696,-0.02266369,0.25304607,-0.091623105,0.09366533,0.12746224,-0.02576426,0.16333771,-0.021950716,0.16388796,0.22041011,0.01854356,-0.060781665,0.16019543,0.13715078,-0.014917004,0.9750689,0.22568686,0.29149514,-0.0065864064,0.023999553,0.022799462,0.018059973,0.024121473,-0.04643985,0.4354933,-0.0005427068,-0.0012705885,0.11380391,-0.059979483,0.94759613,0.016655937,-0.012362278,0.9829981,-0.05319159,0.045719374,0.022701576,0.04752736,-0.07952829
@AquariusMusikindo,-0.0986076,-0.094750434,-0.08103956,1.0,-0.111541905,0.18953034,-0.12594289,-0.0049498864,-0.044103146,-0.050371908,-0.06377246,-0.064025864,0.004606689,0.016357347,-0.0636585,-0.055201218,-0.08119629,0.9270735,-0.030535283,-0.049971826,-0.04155343,-0.018099258,-0.07914748,-0.044358034,-0.05447808,-0.08936481,-0.010921512,-0.025439657,-0.05299271,-0.03786885,0.98779064,-0.03724455,-0.059177563,-0.06187376,-0.04061841,0.010979015,0.044320032,-0.05766043,-0.022702951,-0.02016937,-0.071396895,-0.030477662,-0.022919785,0.002714375,0.9925487,0.99057597,0.007597517,-0.050350435,-0.14587134,0.9869114,0.008251555,-0.0010248427,-0.07669304,-0.03226094,-0.06250628,-0.0842309,0.024342727,-0.07099983,-0.021002196,-0.021163465,-0.015382393,-0.048710886,-0.050924122,-0.1062122,0.9950503,0.0143496785,-0.09756148,-0.024408113,-0.04665624,-0.05853133,-0.092624865,0.08027828,-0.041251834,0.054422315,-0.09107393,-0.085615516,0.77432156,-0.038134634,-0.038400844,0.3390947,-0.055621766,0.0120578855,-0.07087532,0.011816068,-0.012635348,-0.020423677,-0.12609383,-0.047570936,-0.043945916,0.050216552,0.9853493,0.007029659,-0.01796267,0.0029597247,-0.058170974,0.05023079,-0.0014598137,0.020873694,0.014388526,0.31254715
@ArisSportTv,0.0723981,0.15834801,0.05995467,-0.111541905,1.0000001,0.08622594,0.24860293,0.012343492,0.17771968,-0.02912477,0.0247891,0.13956018,-0.012456829,0.033342782,0.7444997,-0.2192095,-0.22247565,-0.03529196,0.12569678,0.0880545,0.05901955,-0.014330367,0.18757278,-0.20594513,-0.21486658,0.15033779,-0.0015525138,0.8487874,-0.22168145,0.06264745,-0.14123169,-0.21884745,0.05045718,0.010269489,-0.0009383182,0.15002045,0.111825675,0.75076073,0.10729808,0.004080005,0.017871317,0.008979494,0.05752829,0.0645967,-0.13755225,-0.13288975,0.03918593,0.02116357,0.027496014,-0.11508463,0.13869594,0.013815744,0.18961346,0.76945996,-0.21994156,0.7636696,0.10387914,0.77608573,0.10373091,-0.014295583,-0.008848816,-0.21261346,0.7624341,0.1096093,-0.13653527,0.18001175,0.17089647,-0.22740872,0.054706983,0.7580005,0.21314216,0.058369495,-0.03197923,0.09721817,0.16558063,0.1564476,-0.05331689,0.08037728,-0.01881333,0.022056349,0.04616322,0.029447172,0.110512644,0.029121375,0.22252285,-0.019976404,0.006308669,0.80146384,-0.22048238,0.097221375,-0.11413641,0.086902946,-0.002188,0.06561221,0.03403362,0.10739359,0.05312655,0.04781508,0.05740784,0.35941467
@AttaHalilintar,0.20506842,0.15961413,0.14973158,0.18953034,0.08622594,1.0,0.19694999,-0.056326598,0.16674867,0.32821402,0.13118695,0.18705831,-0.024853334,-0.0008195508,-0.044214267,-0.036475323,-0.022214789,0.2762654,0.16840503,0.14872849,0.2589929,-0.015086027,0.2585302,-0.0821096,-0.006028695,0.07905642,0.45069343,0.08048101,-0.07109264,0.12524495,0.19308808,-0.05555662,0.117426865,0.13580877,0.46542162,0.39482903,0.207577,-0.12605764,0.78302354,0.47960687,0.14474909,-0.057244137,0.08325288,0.20054856,0.19230524,0.17551933,-0.046948336,0.1319023,-0.057073966,0.18715852,-0.013462178,-0.045101132,0.08900809,-0.051709644,-0.06653385,-0.060957395,0.83367455,-0.10327261,0.79482603,0.44380856,0.4331561,-0.017062206,-0.082196146,0.6510656,0.20127401,0.8342258,0.5145261,-0.06544554,0.4979235,-0.10714732,0.088459805,0.53157574,-0.025082268,0.7983717,0.16406661,0.13326843,0.5681589,0.09399964,0.3897313,0.81863725,-0.03801699,-0.06935823,0.21332207,-0.09326925,-0.07354249,0.02944753,0.51041037,-0.07232088,-0.07573143,0.7811831,0.17123075,0.07242075,-0.023075651,0.16904145,0.17340288,0.76130986,-0.02575314,-0.040141754,-0.015498757,0.5364508
@Audrey-A,0.2940089,0.9062348,0.3307535,-0.12594289,0.24860293,0.19694999,1.0000001,-0.021967053,0.90321046,0.011015558,0.24965087,0.15912299,0.019883761,0.069661796,-0.11275989,-0.065618806,-0.036600564,-0.12148873,0.84429574,0.8243571,0.21205673,0.01623447,0.4570592,-0.054411627,-0.019318486,0.17666307,0.051224105,0.005763354,-0.07864125,0.19608432,-0.13864627,-0.060328078,0.3026309,0.23864028,0.13150944,0.8611026,0.12977815,-0.08659508,0.07113594,0.05951515,0.24984086,0.05248131,0.27609468,0.17800221,-0.12772462,-0.12863848,0.052505847,0.260467,0.064386345,-0.10028078,0.012368947,-0.027592212,0.91896194,-0.10081286,-0.06395597,-0.0243995,0.088882715,-0.07581281,0.046788506,0.04206147,0.056712322,-0.030797362,-0.092846215,0.18935171,-0.13000816,0.091891184,0.38773268,-0.07062039,0.018297408,-0.07974121,0.9442631,0.12049865,0.03683251,-0.009403955,0.8501085,0.85618424,-0.0896167,0.32721305,0.07646581,0.19106896,0.009299674,0.032187335,0.27045965,0.018798707,-0.0066247024,-0.018680189,0.10104807,-0.06732662,-0.06439738,0.07464059,-0.093454614,0.26902378,0.028214412,0.16362426,0.27456853,0.04279422,0.0565076,0.026323427,0.011136319,-0.018516053
@AutonetMagz,0.021365382,-0.071530774,-0.033267524,-0.0049498864,0.012343492,-0.056326598,-0.021967053,0.99999976,-0.058537688,-0.029561661,-0.028818665,-0.060452607,0.005251468,-0.025265157,0.040910054,0.060019895,0.09617272,0.080343425,-0.09506778,-0.09226076,-0.045552526,0.98531455,0.035401016,0.015336943,0.052033715,0.87509465,-0.08316977,0.005135426,0.07522234,-0.05368706,0.0033286759,0.059111215,-0.016350111,-0.028149813,-0.082742795,-0.0044651274,-0.026325252,-0.036661264,0.0048890887,-0.07038696,-0.049976133,0.9756563,-0.010575958,-0.043684058,0.008790039,0.010124239,-0.02089637,-0.027120098,0.9157952,-0.0007203263,-0.007953383,0.9973456,-0.077799186,-0.022291668,0.06736923,0.0029900689,-0.026208526,0.038082898,0.0078097847,-0.058964416,-0.07200516,0.08261469,-2.7453527e-05,-0.071361184,0.010311375,-0.026780922,-0.047883768,0.06276031,-0.060344007,-0.041834027,-0.012290022,0.6381316,0.9739907,0.020764412,-0.07904851,-0.08578998,0.020243157,-0.037327114,-0.058204554,-0.08052378,0.9784169,-0.008228721,-0.016813705,-0.036964994,0.05073611,0.9822233,-0.14309502,-0.004397938,0.012362825,-0.019670464,0.016232928,-0.025568303,0.9795436,-0.08086553,-0.06743452,0.022830715,-0.024232417,-0.026726779,-0.0012649791,0.116848424
@BeemzAryo,0.18779582,0.9701409,0.21071053,-0.044103146,0.17771968,0.16674867,0.90321046,-0.058537688,1.0000002,-0.06633115,0.13118389,0.06786992,-0.12357898,-0.0713861,-0.1339796,-0.11477588,-0.09923777,-0.08238268,0.9434377,0.8897224,0.11349183,-0.024452709,0.3758179,-0.10226434,-0.07237588,0.071983516,0.0029429551,-0.049572997,-0.13651045,0.090841204,-0.05328639,-0.105038345,0.18338224,0.11018742,0.116457924,0.8460108,0.021387294,-0.109200686,0.06504156,0.014442302,0.13322037,-0.007569334,0.16024739,0.06075973,-0.04754827,-0.04441355,-0.09625371,0.1518426,0.009497055,-0.019199282,-0.13552718,-0.06511744,0.9659693,-0.12964405,-0.1196232,-0.057555467,0.10667639,-0.10106295,0.065175556,-0.0040157177,0.023023557,-0.08568067,-0.1107752,0.084493816,-0.04670263,0.09018704,0.28170666,-0.107841164,-0.07553162,-0.10161389,0.92810184,0.020119552,-0.008749517,-0.0079657445,0.9352211,0.9357127,-0.06627666,0.21081421,0.0057393955,0.17727202,-0.027786631,-0.10809134,0.16265196,-0.11422983,-0.1690077,-0.061051823,0.0049608443,-0.09625229,-0.11039841,0.06831994,0.001821375,0.15232822,-0.006921812,0.073509626,0.16094933,0.057001654,-0.08195398,-0.11077403,-0.13817635,-0.05091224
@BimbelBrilian,0.2306087,-0.028044952,0.12680122,-0.050371908,-0.02912477,0.32821402,0.011015558,-0.029561661,-0.06633115,0.99999994,0.09688811,0.07730386,0.41954803,0.3875679,0.08012747,0.19044867,0.19676295,-0.06146192,0.024051825,0.06697663,0.14313419,-0.035631455,0.09162817,0.15012002,0.18326138,0.07315181,0.9352689,-0.030889444,0.20978168,0.07120039,-0.031155132,0.16325179,0.06849437,0.1347644,0.89362174,0.040646642,0.07377429,0.013119558,0.18588972,0.9198373,0.145253,-0.0005267513,0.070060536,0.1094133,-0.042746678,-0.06488458,0.37989438,0.093771115,0.014327036,-0.05601328,0.2820178,-0.01239345,-0.08749717,0.11477688,0.17406014,0.003926981,0.20892131,-0.011119364,0.15686372,0.9372671,0.9232516,0.18448067,0.0053628674,0.7718296,-0.040615186,0.22772121,0.3857479,0.15961154,0.86173105,0.007595965,-0.027002329,0.43005532,-0.002569122,0.22691922,-0.04774021,-0.05489273,0.03871412,0.081848904,0.93491894,0.24636519,-0.05809401,0.2891691,0.09377331,0.275278,0.35569775,-0.0052746683,0.76930976,0.056554288,0.16518533,0.3344416,-0.05984105,0.04732974,-0.023814702,0.04912653,0.14834253,0.14661786,0.38396463,0.2820887,0.32427603,0.062837765
@BoengkoesNetwork,0.17228967,0.08964675,0.9821722,-0.06377246,0.0247891,0.13118695,0.24965087,-0.028818665,0.13118389,0.09688811,1.0000005,-0.04912614,0.012659551,0.039599735,-0.029389827,0.022213954,0.117754914,-0.024583777,-0.016798273,-0.023133542,0.027966876,-0.013682699,0.32588384,0.029611217,0.04825164,0.08103877,0.14561072,-0.030568875,0.022103898,0.015011201,-0.06699687,0.0125896,0.99266064,0.992061,0.14225236,0.13059966,-0.01816939,-0.033877786,0.05533366,0.13193691,0.9872683,0.014080359,0.97393584,0.0010702219,-0.053305972,-0.07497591,0.006566057,0.9960202,0.00037868603,-0.056742888,0.020314131,-0.035339065,0.09216024,-0.026449777,0.028124575,0.006514743,0.087024115,-0.03777266,0.0048724003,0.13528547,0.15397158,0.032232743,-0.029780112,0.2176789,-0.07501318,0.084914304,0.10517585,0.006806271,0.13500428,-0.030555142,0.08306348,0.21424417,0.021343758,-0.060526256,0.060938526,0.04248624,0.018678434,0.96596533,0.18915945,0.2872435,-0.005529915,0.011771599,0.033460047,0.006981626,0.0119592855,-0.036928713,0.39313167,-0.014712867,0.031135961,0.10625691,-0.048532866,0.9552474,0.02023054,0.009120349,0.98455316,-0.065450296,0.02611843,0.0114763705,0.036212433,-0.060457908
@BrandonKentEverything,0.8498367,0.04904878,-0.062898785,-0.064025864,0.13956018,0.18705831,0.15912299,-0.060452607,0.06786992,0.07730386,-0.04912614,1.0000002,-0.20590311,-0.23591532,0.024878915,0.19859135,0.17915642,0.088130414,0.012270616,-0.037340514,0.9374016,-0.009308526,0.7932793,0.19211435,0.2824654,0.24722129,0.05137455,0.27584997,0.17524004,0.924166,-0.092843235,0.23735519,-0.05818733,-0.03537515,0.029560313,0.37804037,0.93328166,0.060919374,0.048576593,0.014339978,-0.0138153415,-0.033213243,-0.063953385,0.9289327,-0.07497428,-0.046730258,-0.1824531,-0.040082216,-0.03557817,-0.032532904,-0.21447507,-0.074389696,0.048361864,0.018414017,0.20166507,0.119814545,-0.072828606,0.06161257,-0.011142152,0.012430994,0.010611415,0.29773474,0.06274489,0.21006268,-0.05856477,0.040653482,0.7923759,0.16953862,0.034510076,0.07011429,0.07966064,0.17642868,-0.022262733,0.06809552,0.028225692,0.01113749,0.11222887,-0.04558249,0.047661558,0.32818535,-0.05343508,-0.22280438,0.9370043,-0.2130073,-0.099538386,-0.0057226866,0.117349625,0.03885413,0.1983105,0.038355835,-0.09772095,-0.04946533,-0.013981124,0.9463705,-0.047324203,-0.00930324,-0.23941645,-0.23829618,-0.21813571,0.44960093
@CNBC_ID,-0.13699363,-0.08771157,0.026665017,0.004606689,-0.012456829,-0.024853334,0.019883761,0.005251468,-0.12357898,0.41954803,0.012659551,-0.20590311,1.0000005,0.97942877,-0.044198066,0.027909435,0.032150004,-0.0493981,-0.047747247,0.034329373,-0.15631631,-0.023408378,-0.22826621,0.025564738,-0.010253448,-0.04005652,0.32313472,-0.09561269,0.08295931,-0.10287016,0.0023076304,0.0002991855,0.01826849,0.031381745,0.26851934,-0.084842585,-0.15191498,-0.06927577,-0.051886097,0.36568433,0.0074077398,0.03029245,0.025843866,-0.10777669,-0.0030313958,-0.02241841,0.9746257,-0.00049638934,0.0012994666,-0.015786596,0.93091947,0.027373195,-0.04414596,0.01977551,0.045253918,-0.14513013,-0.047068544,-0.102460064,-0.094983004,0.35228056,0.30936712,-0.014101178,-0.080346845,0.25655833,0.0013545942,-0.070296526,-0.049759787,0.026640523,0.4581617,-0.07617745,0.038047433,0.13809094,-0.00469821,-0.045982398,-0.10080607,-0.08416538,-0.058732152,0.019230809,0.3781911,-0.14633626,-0.048269413,0.9733423,-0.17667001,0.9633331,0.90136033,-0.019352745,0.18173295,-0.038927823,0.02882274,0.009604976,-0.012962237,0.028101286,-0.044456538,-0.15656123,0.022860678,-0.036981218,0.9827636,0.9643152,0.9579283,-0.22129105
@CNNIDOFFICIAL,-0.16971743,-0.037537258,0.05934084,0.016357347,0.033342782,-0.0008195508,0.069661796,-0.025265157,-0.0713861,0.3875679,0.039599735,-0.23591532,0.97942877,1.0000002,-0.024044238,-0.03899154,-0.031928625,-0.043374993,0.003724629,0.08517066,-0.18221535,-0.055662185,-0.2261751,-0.03889975,-0.07315628,-0.064065546,0.31518406,-0.06621465,0.010377327,-0.12501517,0.013753833,-0.06573043,0.049878817,0.054940246,0.27026632,-0.0426343,-0.17745844,-0.048429098,-0.01929615,0.36420208,0.029606227,-0.002199032,0.060034428,-0.13521752,0.0075790654,-0.01459345,0.9748343,0.027522406,-0.03362768,-0.0011160899,0.9500419,-0.0024820731,0.007878628,0.045667928,-0.023468269,-0.12097703,-0.005525175,-0.081050694,-0.065525964,0.34103864,0.30430323,-0.080902115,-0.05461449,0.26559204,0.010674151,-0.032021537,-0.052071266,-0.038876645,0.4458304,-0.053712398,0.085911304,0.13436823,-0.0380241,-0.024582641,-0.0496376,-0.03433469,-0.0434135,0.049104735,0.35407373,-0.123908594,-0.0752628,0.9829195,-0.19753462,0.97503567,0.9032024,-0.055737637,0.17693144,-0.012563506,-0.03669772,0.048071213,0.002774339,0.06631012,-0.07209083,-0.18005314,0.051148176,-0.0038529327,0.9940164,0.9763621,0.97123384,-0.21773565
@CoachJustinl28,-0.03622801,-0.12988842,-0.01996293,-0.0636585,0.7444997,-0.044214267,-0.11275989,0.040910054,-0.1339796,0.08012747,-0.029389827,0.024878915,-0.044198066,-0.024044238,0.99999994,-0.12646122,-0.145524,-0.026005324,-0.1289843,-0.13426606,-0.08894458,-0.016453218,-0.0504452,-0.11429061,-0.14638627,0.07117562,0.09860365,0.8684074,-0.12109574,-0.08757429,-0.072947785,-0.13086434,-0.031046044,-0.034439474,0.058839172,-0.19990948,-0.013914714,0.9415124,-0.019969424,0.07215799,-0.029649993,-0.0022678468,-0.0070287995,-0.06915337,-0.08529243,-0.08112594,-0.010894914,-0.03518677,0.043158464,-0.078109905,0.079291865,0.044410698,-0.12780753,0.948634,-0.13006917,0.9073119,0.014670934,0.9501176,0.0046201367,0.0791309,0.093371294,-0.13992158,0.9469949,0.08603235,-0.08546279,0.050938137,-0.013605399,-0.1322575,0.13291317,0.9351444,-0.1257174,-0.008488396,-0.039275475,0.0065306257,-0.11196871,-0.10664965,-0.10186425,-0.0017629825,0.057509452,-0.1223564,0.061385747,-0.026792753,-0.07610114,-0.017948806,0.2302528,-0.005975742,0.0936871,0.9400078,-0.12355942,-0.00084989145,-0.06994166,0.019963533,0.00957519,-0.06899678,-0.01999486,-0.016976656,0.0012324443,-0.0108629,0.01448101,0.34104204
@DHIARCOM,0.4064945,-0.09954357,-0.008611951,-0.055201218,-0.2192095,-0.036475323,-0.065618806,0.060019895,-0.11477588,0.19044867,0.022213954,0.19859135,0.027909435,-0.03899154,-0.12646122,1.0000005,0.98547834,-0.02595459,-0.10727886,-0.07487464,0.24466592,0.09788558,0.09510241,0.98883295,0.98523986,0.048720546,0.068106554,-0.1824905,0.9924375,0.15830517,-0.03870841,0.9946804,-0.011838155,0.039755233,0.016631909,-0.052230418,0.14687939,-0.08207914,-0.05021523,0.018477041,0.04918645,0.056666397,-0.022276763,0.19328591,-0.03343085,-0.038303893,-0.0108951125,0.011944337,0.18993258,-0.07206595,-0.05149066,0.03659805,-0.09738509,-0.12968542,0.9951971,-0.14032109,-0.114211485,-0.11331463,-0.053820703,0.06371499,0.04989618,0.988024,-0.12624787,0.061254542,-0.05053456,-0.119270355,0.12999347,0.9913243,0.12531957,-0.09251135,-0.09410773,0.030972078,0.08288768,-0.05423473,-0.10561181,-0.07018038,-0.025784574,-0.020489529,0.11917988,0.0038967915,0.0542941,-0.016706679,0.1977078,-0.0065795016,-0.0438,0.14681505,0.11691219,-0.13538137,0.9925493,-0.078051254,-0.06883254,-0.044312518,0.04655517,0.13882512,0.016241468,-0.10425523,-0.023732355,-0.019158643,0.007758029,-0.027881827
@DKIDchannel,0.42297548,-0.08786461,0.0853132,-0.08119629,-0.22247565,-0.022214789,-0.036600564,0.09617272,-0.09923777,0.19676295,0.117754914,0.17915642,0.032150004,-0.031928625,-0.145524,0.98547834,0.9999994,-0.04877352,-0.108259134,-0.07498643,0.23757237,0.13868675,0.13276966,0.9707908,0.9803036,0.09898424,0.08521856,-0.19932064,0.98272455,0.14832103,-0.06629426,0.9779103,0.081899494,0.13617207,0.035449613,-0.035944454,0.13001601,-0.10436867,-0.046834722,0.034317456,0.14469656,0.10199263,0.06893186,0.1807664,-0.057858966,-0.06470983,-0.008899154,0.10632101,0.23735067,-0.09642357,-0.048647143,0.072289534,-0.08829886,-0.1476617,0.98659086,-0.15369935,-0.10537509,-0.13195933,-0.05537732,0.08196471,0.06921646,0.9780623,-0.1476093,0.090178944,-0.076486945,-0.11123583,0.14012226,0.97765255,0.13626187,-0.11319855,-0.082252264,0.0837545,0.13142474,-0.06821927,-0.09767354,-0.06682089,-0.046129942,0.07053741,0.14770907,0.027510561,0.0958984,-0.014384319,0.19487733,-0.0077053723,-0.043688044,0.1827707,0.16539533,-0.15119597,0.9768668,-0.072009325,-0.09042174,0.039253116,0.09169793,0.12706801,0.10996301,-0.115762964,-0.019599328,-0.018456357,0.010995899,-0.043018524
@Dewa19,0.03604835,-0.13281813,-0.052651383,0.9270735,-0.03529196,0.2762654,-0.12148873,0.080343425,-0.08238268,-0.06146192,-0.024583777,0.088130414,-0.0493981,-0.043374993,-0.026005324,-0.02595459,-0.04877352,0.99999976,-0.09219252,-0.118642874,0.114860944,0.07669541,0.06217022,-0.024127573,-0.01606386,0.048093736,-0.033102203,0.07733979,-0.029904969,0.098927125,0.91541755,-0.0049803033,-0.022128677,-0.02291711,-0.062315416,0.06325929,0.20926219,-0.028134499,0.10854374,-0.030906877,-0.034681447,0.049228802,0.010030046,0.15675135,0.9266572,0.9241985,-0.048078127,-0.011318777,-0.06696586,0.918212,-0.023436267,0.08121413,-0.117256686,-0.004065088,-0.034079768,-0.03383532,0.11562216,-0.02327362,0.09128549,-0.042521015,-0.044699617,-0.0038652457,-0.007825016,-0.04725154,0.926456,0.1412141,0.049730606,-0.00047383714,-0.037554413,-0.026778305,-0.12693791,0.22757407,0.042562447,0.18318333,-0.13820864,-0.14129642,0.86425996,-0.016622089,-0.062396947,0.47338676,0.040283248,-0.041744888,0.08244132,-0.048363898,-0.031951565,0.08315382,-0.10998419,-0.013448955,-0.024997717,0.16556138,0.8987615,0.045935426,0.072496,0.13784115,-0.026835421,0.16721228,-0.061124444,-0.030477265,-0.027987378,0.47114024
@DuniaBinatangLiar,0.105031334,0.95367587,0.060613245,-0.030535283,0.12569678,0.16840503,0.84429574,-0.09506778,0.9434377,0.024051825,-0.016798273,0.012270616,-0.047747247,0.003724629,-0.1289843,-0.10727886,-0.108259134,-0.09219252,0.9999999,0.97498786,0.05819125,-0.0705605,0.23066095,-0.09904499,-0.076079786,-0.002516877,0.085836306,-0.07475066,-0.12633021,0.03339018,-0.031267453,-0.10207065,0.027857497,-0.030570228,0.21088661,0.817639,-0.025834352,-0.10925616,0.10263762,0.11121535,-0.013515207,-0.05903911,0.0001799122,0.012033329,-0.03421386,-0.03357032,-0.030075628,0.0014118811,-0.03994841,-0.011832352,-0.07986695,-0.097846255,0.94075507,-0.110461585,-0.116539165,-0.08140232,0.13963687,-0.11040514,0.1045451,0.08527857,0.10732721,-0.091090515,-0.11503246,0.1278057,-0.029423568,0.11779085,0.25132304,-0.09782901,0.011867855,-0.102799624,0.90527445,0.0044026715,-0.05753935,0.052804586,0.90612197,0.9203968,-0.05388473,0.04197558,0.07217649,0.1306091,-0.07825813,-0.04476411,0.093006894,-0.049000017,-0.118795216,-0.091809474,0.021777604,-0.09886203,-0.10584538,0.12299072,0.008289362,-0.00043444877,-0.061643485,0.011608818,0.018641578,0.115578905,-0.00611293,-0.04513233,-0.07218243,-0.06471457
@Dunia_Alam,0.06619137,0.92784864,0.053798653,-0.049971826,0.0880545,0.14872849,0.8243571,-0.09226076,0.8897224,0.06697663,-0.023133542,-0.037340514,0.034329373,0.08517066,-0.13426606,-0.07487464,-0.07498643,-0.118642874,0.97498786,1.0000005,0.01158873,-0.07150996,0.15715668,-0.067347795,-0.05222451,-0.019651234,0.11821112,-0.10622358,-0.08811768,-0.01187964,-0.04623003,-0.075269945,0.017829105,-0.0316054,0.23407394,0.76364076,-0.07504744,-0.11752722,0.07891306,0.14236936,-0.019311074,-0.054569617,-0.009649794,-0.029752322,-0.050783988,-0.05411905,0.05157774,-0.007616288,-0.032343317,-0.03396178,-0.005186963,-0.09283613,0.9112903,-0.11355515,-0.08214393,-0.100657366,0.11873217,-0.12219571,0.080484,0.11712877,0.1349056,-0.0686114,-0.13087162,0.14991087,-0.047822826,0.09066126,0.21254253,-0.06751875,0.05691468,-0.11367593,0.8839855,-0.0025690626,-0.05561178,0.031177076,0.8784137,0.90756786,-0.08651103,0.028050438,0.10584086,0.08563156,-0.07958852,0.035090644,0.0418636,0.02827565,-0.04949523,-0.08966781,0.053863034,-0.10926601,-0.07323113,0.10062769,-0.013487156,-0.011890122,-0.06497264,-0.038675953,0.012807848,0.09143737,0.07545173,0.033427022,0.0076675145,-0.11145375
@DylandPROS,0.9018048,0.0890475,0.012023022,-0.04155343,0.05901955,0.2589929,0.21205673,-0.045552526,0.11349183,0.14313419,0.027966876,0.9374016,-0.15631631,-0.18221535,-0.08894458,0.24466592,0.23757237,0.114860944,0.05819125,0.01158873,0.99999976,0.01828617,0.8524816,0.23573187,0.33802563,0.28077483,0.12425671,0.17259699,0.22200978,0.9493875,-0.07053028,0.28417,0.017142262,0.04683745,0.110261455,0.45957398,0.95313615,-0.06545077,0.12463611,0.09717257,0.06589764,-0.011177244,0.007318899,0.96601206,-0.05313789,-0.029446118,-0.13083918,0.04126628,-0.02740311,-0.011274825,-0.17621566,-0.060887754,0.08333081,-0.08754286,0.2476013,-0.007029607,-0.016872605,-0.062073722,0.039530087,0.090023935,0.083587304,0.35072097,-0.04983356,0.2995021,-0.036125727,0.106837824,0.8660389,0.22112,0.109881334,-0.054549813,0.12132063,0.2827744,0.0060016364,0.12971736,0.060856067,0.037480984,0.18091485,0.01707353,0.1251481,0.42633456,-0.04539286,-0.18021864,0.9788475,-0.17511623,-0.07622813,0.022781163,0.18690917,-0.0740483,0.24217677,0.12998028,-0.07592215,0.01990141,0.005574554,0.9489149,0.03475789,0.046243265,-0.19292484,-0.19695857,-0.17270242,0.4344877
@FitraEri,0.08435879,-0.040056784,-0.020537116,-0.018099258,-0.014330367,-0.015086027,0.01623447,0.98531455,-0.024452709,-0.035631455,-0.013682699,-0.009308526,-0.023408378,-0.055662185,-0.016453218,0.09788558,0.13868675,0.07669541,-0.0705605,-0.07150996,0.01828617,1.0000002,0.10314009,0.049624898,0.09979071,0.90276766,-0.08823765,-0.026709387,0.10840556,-0.0006285142,-0.011952091,0.09918426,-0.0014630604,-0.0129880775,-0.0819329,0.055077143,0.024685418,-0.091711015,0.04301564,-0.075234815,-0.03459262,0.97698116,0.00042153033,0.010836719,-0.004129491,-0.001930043,-0.05126444,-0.01085802,0.92756665,-0.010634818,-0.041203193,0.97954226,-0.04923239,-0.080830514,0.105584346,-0.041708283,-0.002438849,-0.018087283,0.035295185,-0.0646171,-0.078142405,0.12853381,-0.05309465,-0.04873651,-0.0015331438,0.0034806607,0.017019648,0.09841646,-0.065887794,-0.09497534,0.015911167,0.6720116,0.9862064,0.049699444,-0.048104968,-0.059114538,0.036840275,-0.02824101,-0.0596904,-0.032754842,0.9765753,-0.03826038,0.048677284,-0.069635205,0.011329507,0.987349,-0.13379435,-0.059604734,0.048546057,0.010293074,0.0020101438,-0.020345097,0.9854711,-0.029637467,-0.05451405,0.050817326,-0.057248946,-0.05835535,-0.031206543,0.1397511
@FrontaLGaming,0.86739075,0.31442434,0.33429396,-0.07914748,0.18757278,0.2585302,0.4570592,0.035401016,0.3758179,0.09162817,0.32588384,0.7932793,-0.22826621,-0.2261751,-0.0504452,0.09510241,0.13276966,0.06217022,0.23066095,0.15715668,0.8524816,0.10314009,1.0,0.09042725,0.19669257,0.4040013,0.11851008,0.1910105,0.0697543,0.81714785,-0.113364145,0.12873954,0.3324759,0.33220664,0.13848293,0.61445034,0.7918589,-0.040655285,0.101688236,0.08961758,0.35882363,0.095262244,0.32291147,0.8060435,-0.08736777,-0.07182184,-0.19622356,0.34473178,0.081937365,-0.039523605,-0.2329565,0.018376973,0.3093894,-0.06516958,0.09964048,0.056479093,0.013252917,-0.021381374,0.020074511,0.082631975,0.09751208,0.20261699,-0.020974306,0.31285173,-0.07849953,0.11412822,0.8282591,0.07083592,0.049236,-0.029801175,0.3374058,0.3526928,0.10730928,0.047170106,0.28418094,0.24506809,0.099512205,0.34653598,0.13345015,0.47426814,0.06696011,-0.23705465,0.8888464,-0.23879465,-0.13943121,0.07739799,0.24394724,-0.029336229,0.093259916,0.1207365,-0.08130994,0.32271898,0.11730152,0.81322694,0.3340391,-0.0023113228,-0.2383948,-0.2566234,-0.23698616,0.35887524
@GadgetGaul,0.39437312,-0.090646505,-0.0017100424,-0.044358034,-0.20594513,-0.0821096,-0.054411627,0.015336943,-0.10226434,0.15012002,0.029611217,0.19211435,0.025564738,-0.03889975,-0.11429061,0.98883295,0.9707908,-0.024127573,-0.09904499,-0.067347795,0.23573187,0.049624898,0.09042725,1.0000001,0.9781021,0.0044181757,0.026703734,-0.16834784,0.9852884,0.16331461,-0.029710406,0.9893188,-0.0012216307,0.045628894,-0.024662258,-0.056484625,0.143646,-0.05913553,-0.096495844,-0.026361383,0.055468075,0.012800833,-0.0087537505,0.18911505,-0.02458974,-0.02923556,-0.007682956,0.020434588,0.13490617,-0.06071943,-0.049203247,-0.009449858,-0.08171876,-0.11445983,0.9901348,-0.121356174,-0.15774617,-0.09476279,-0.10097432,0.01956325,0.007890057,0.97816193,-0.10764366,0.013822226,-0.042324923,-0.16478331,0.1010496,0.98904645,0.08041896,-0.069253966,-0.08196621,-0.03787913,0.034604624,-0.104520455,-0.097083054,-0.059237763,-0.043959327,-0.005090365,0.080366574,-0.029830825,0.006432126,-0.012663407,0.19103277,0.0005067871,-0.040158093,0.09426286,0.075346395,-0.117736004,0.9964534,-0.12206073,-0.056941967,-0.025473032,0.0005696186,0.13971655,0.023664227,-0.14872149,-0.022702605,-0.015954887,0.006173378,-0.05345851
@GadgetIn,0.49536675,-0.064377196,0.019382538,-0.05447808,-0.21486658,-0.006028695,-0.019318486,0.052033715,-0.07237588,0.18326138,0.04825164,0.2824654,-0.010253448,-0.07315628,-0.14638627,0.98523986,0.9803036,-0.01606386,-0.076079786,-0.05222451,0.33802563,0.09979071,0.19669257,0.9781021,0.99999994,0.079458505,0.07279465,-0.17345802,0.9748006,0.25113773,-0.041145578,0.9904025,0.014622917,0.066258326,0.030946936,0.021047505,0.23529896,-0.100197054,-0.031849656,0.02464762,0.07851593,0.053750373,0.0019822735,0.28531444,-0.033524364,-0.035881232,-0.04673461,0.04047675,0.18205504,-0.0666209,-0.0899835,0.026037663,-0.06602348,-0.14950657,0.9862858,-0.14313747,-0.10698022,-0.12884438,-0.046691865,0.06667084,0.054761916,0.9938165,-0.14309639,0.08433984,-0.048758164,-0.10115467,0.22065195,0.9817629,0.11622123,-0.10771716,-0.061211053,0.06391619,0.0845501,-0.042701114,-0.0682852,-0.039708536,-0.007401809,0.0066012554,0.12685555,0.060461447,0.049429227,-0.0534921,0.29442036,-0.04293595,-0.07819766,0.1437622,0.13374443,-0.1506685,0.98425347,-0.05347023,-0.06692064,-0.020117253,0.049119025,0.22884801,0.044778235,-0.0950194,-0.061570995,-0.057872802,-0.032503907,0.0060109003
@GarasiDrift,0.34120706,0.047899693,0.085962325,-0.08936481,0.15033779,0.07905642,0.17666307,0.87509465,0.071983516,0.07315181,0.08103877,0.24722129,-0.04005652,-0.064065546,0.07117562,0.048720546,0.09898424,0.048093736,-0.002516877,-0.019651234,0.28077483,0.90276766,0.4040013,0.0044181757,0.079458505,0.9999999,0.03453902,0.13858753,0.05822273,0.25103447,-0.09846744,0.05709354,0.09697105,0.088224515,0.03257966,0.23438427,0.27128637,-0.005822746,0.069313735,0.035024446,0.07504642,0.90045834,0.10128595,0.26148623,-0.08102757,-0.07530877,-0.0438805,0.086175665,0.8595214,-0.06915222,-0.04747627,0.86942536,0.041275185,0.010814285,0.060018264,0.07844509,0.007341018,0.07186091,0.033083078,0.040303662,0.028990703,0.10911922,0.037521735,0.13253152,-0.07440213,0.054000292,0.31019932,0.038338453,0.029830933,-0.006654322,0.12922075,0.75010574,0.8933396,0.071367145,0.02885862,0.0022607925,0.031732842,0.08442351,0.061435398,0.09552191,0.884766,-0.06346387,0.32446536,-0.09923248,0.059386738,0.88254744,0.019667864,0.03498329,0.0021106633,0.06031934,-0.074203424,0.0872614,0.9005993,0.21328494,0.052951127,0.05453518,-0.07216465,-0.089689344,-0.04997862,0.28426504
@HujanTandaTanya,0.20392743,0.033189997,0.18391046,-0.010921512,-0.0015525138,0.45069343,0.051224105,-0.08316977,0.0029429551,0.9352689,0.14561072,0.05137455,0.32313472,0.31518406,0.09860365,0.068106554,0.08521856,-0.033102203,0.085836306,0.11821112,0.12425671,-0.08823765,0.11851008,0.026703734,0.07279465,0.03453902,0.99999964,-0.0018102136,0.07885731,0.036446422,0.0074784993,0.040705394,0.11889863,0.18157142,0.9611661,0.097678736,0.051108968,0.022773918,0.26850715,0.9746572,0.1954761,-0.054628074,0.11704683,0.081346005,-0.0037192085,-0.02835372,0.29822528,0.14576897,-0.05447481,-0.012442757,0.21345937,-0.06210485,-0.039913308,0.13717224,0.04858745,0.02911824,0.3198095,0.0021066936,0.2500122,0.9898882,0.9903928,0.06716474,0.024219336,0.84693956,-0.00039949807,0.3361341,0.4164165,0.037937604,0.8984624,0.021538815,0.007994946,0.4478079,-0.051475488,0.3035596,0.010918324,-0.00290348,0.095304355,0.13411424,0.96312225,0.365279,-0.10524143,0.20247519,0.07746425,0.18805534,0.2767387,-0.057277955,0.8471547,0.07277147,0.043474734,0.43296307,-0.017036576,0.094921075,-0.06313062,0.032498665,0.2084657,0.22605184,0.30384973,0.19900809,0.24836966,0.12535687
@IBLTV,0.14268571,-0.06246434,-0.029414188,-0.025439657,0.8487874,0.08048101,0.005763354,0.005135426,-0.049572997,-0.030889444,-0.030568875,0.27584997,-0.09561269,-0.06621465,0.8684074,-0.1824905,-0.19932064,0.07733979,-0.07475066,-0.10622358,0.17259699,-0.026709387,0.1910105,-0.16834784,-0.17345802,0.13858753,-0.0018102136,1.0000004,-0.18523127,0.17785078,-0.05419345,-0.173137,-0.023460187,-0.04314436,-0.034131285,0.005240109,0.26356983,0.8844683,0.08847478,-0.0094982125,-0.037327804,-0.026275542,-0.011249155,0.19705206,-0.054394156,-0.043401826,-0.04333482,-0.034210537,-0.008960914,-0.032375447,0.058882788,0.0058676726,-0.04172913,0.8829603,-0.18132102,0.87897396,0.07435794,0.8942522,0.08557968,-0.025866421,-0.021934746,-0.1643925,0.88994384,0.099781185,-0.0470481,0.15571575,0.2208592,-0.18762302,0.0733953,0.8883532,-0.037544448,0.061352674,-0.059796605,0.11250706,-0.050868206,-0.060354285,0.0313191,-0.0033282023,-0.038152736,0.049553033,0.03483271,-0.06439403,0.19884098,-0.05806726,0.20253715,-0.018324971,0.011419587,0.8878082,-0.17970079,0.08506527,-0.043594107,0.028637301,-0.0097956415,0.19466132,-0.028524032,0.08797388,-0.04803418,-0.04845342,-0.02493433,0.52621096
@JagatReview,0.3904559,-0.120231286,-0.009552576,-0.05299271,-0.22168145,-0.07109264,-0.07864125,0.07522234,-0.13651045,0.20978168,0.022103898,0.17524004,0.08295931,0.010377327,-0.12109574,0.9924375,0.98272455,-0.029904969,-0.12633021,-0.08811768,0.22200978,0.10840556,0.0697543,0.9852884,0.9748006,0.05822273,0.07885731,-0.18523127,0.9999999,0.14530227,-0.036250234,0.9864484,-0.0100761,0.041247357,0.017971242,-0.08029407,0.13018142,-0.07534824,-0.09270875,0.02635009,0.047223553,0.07578265,-0.016701452,0.17875512,-0.031882644,-0.03733181,0.042237952,0.01144179,0.20062521,-0.07104828,-0.0034186323,0.05334495,-0.11106989,-0.11861421,0.9944333,-0.1406889,-0.15159878,-0.10941067,-0.09734394,0.07526624,0.058721136,0.97817016,-0.121847615,0.057628013,-0.048588276,-0.15852305,0.105050206,0.9878334,0.13878505,-0.086406305,-0.1018569,0.029996421,0.09633268,-0.09356622,-0.12883429,-0.09197084,-0.04642411,-0.015953109,0.13639599,-0.037636705,0.06351076,0.033509642,0.17472987,0.04204506,0.011501995,0.15518242,0.1150649,-0.12793195,0.9887989,-0.11385479,-0.066807136,-0.038123675,0.056669746,0.12100884,0.0155545175,-0.14349067,0.025740612,0.028611004,0.055542544,-0.054607764
@JessNoLimit,0.8421569,0.060372125,-0.0048588607,-0.03786885,0.06264745,0.12524495,0.19608432,-0.05368706,0.090841204,0.07120039,0.015011201,0.924166,-0.10287016,-0.12501517,-0.08757429,0.15830517,0.14832103,0.098927125,0.03339018,-0.01187964,0.9493875,-0.0006285142,0.81714785,0.16331461,0.25113773,0.25103447,0.036446422,0.17785078,0.14530227,0.9999997,-0.06903057,0.20328364,0.012818471,0.03158645,0.024758339,0.41507748,0.9422109,-0.052313298,0.008426696,0.01723409,0.0435787,-0.01818763,0.009994147,0.9550855,-0.05111204,-0.024135593,-0.068656236,0.028139979,-0.05865725,-0.0065891487,-0.12144761,-0.06735571,0.07868348,-0.08138477,0.16987285,-0.0010723169,-0.12716368,-0.053950056,-0.07620979,0.0064779706,0.0008669356,0.26343608,-0.048966143,0.18551403,-0.033941485,-0.014587861,0.7905497,0.13930087,0.024899185,-0.04183874,0.11974248,0.19151166,-0.010711355,0.014489325,0.028493067,0.009981494,0.112809315,0.01584268,0.04940007,0.29359782,-0.058655176,-0.112628564,0.9544331,-0.10409714,-0.020742388,-0.007596731,0.07728532,-0.066042215,0.16838369,0.017534913,-0.06584261,0.029082568,-0.008926954,0.9670297,0.013460541,-0.0571339,-0.1334687,-0.13190514,-0.118671834,0.35358393
@Judika.Entertainment,-0.120838106,-0.09767434,-0.08349689,0.98779064,-0.14123169,0.19308808,-0.13864627,0.0033286759,-0.05328639,-0.031155132,-0.06699687,-0.092843235,0.0023076304,0.013753833,-0.072947785,-0.03870841,-0.06629426,0.91541755,-0.031267453,-0.04623003,-0.07053028,-0.011952091,-0.113364145,-0.029710406,-0.041145578,-0.09846744,0.0074784993,-0.05419345,-0.036250234,-0.06903057,1.0000005,-0.022444442,-0.06374548,-0.06328696,-0.0191556,-0.00494859,0.010643164,-0.07151274,-0.003377146,-0.00031540793,-0.075660184,-0.025745407,-0.029721865,-0.028155934,0.9907986,0.98416054,-0.0009799206,-0.053957667,-0.13771677,0.98124444,-0.0010486579,0.0071088024,-0.083420984,-0.043361202,-0.04773837,-0.10091796,0.045876395,-0.08688625,0.00088161137,0.00011153647,0.0056887018,-0.036889452,-0.0674979,-0.09324862,0.9876566,0.03142161,-0.11592138,-0.0075516477,-0.0279764,-0.07239442,-0.10059845,0.086110726,-0.034824707,0.07555283,-0.09225058,-0.08644232,0.7765156,-0.046592746,-0.021574853,0.33585638,-0.047268096,0.0067965053,-0.1018288,0.008159706,-0.024888426,-0.010146602,-0.11054325,-0.06348315,-0.02806452,0.07191138,0.98315716,0.0002234662,-0.012626647,-0.029940221,-0.060759984,0.07166474,-0.0035046549,0.017257612,0.011696627,0.28462496
@K2G,0.4371484,-0.094856456,-0.020711571,-0.03724455,-0.21884745,-0.05555662,-0.060328078,0.059111215,-0.105038345,0.16325179,0.0125896,0.23735519,0.0002991855,-0.06573043,-0.13086434,0.9946804,0.9779103,-0.0049803033,-0.10207065,-0.075269945,0.28417,0.09918426,0.12873954,0.9893188,0.9904025,0.05709354,0.040705394,-0.173137,0.9864484,0.20328364,-0.022444442,1.0000002,-0.020085182,0.029330362,-0.0072017163,-0.0342777,0.19209401,-0.081214935,-0.07028453,-0.0087542515,0.03915482,0.05617343,-0.02883831,0.23668437,-0.016726661,-0.018548498,-0.034862656,0.004429115,0.1812982,-0.052519158,-0.07956341,0.033419218,-0.09004625,-0.1339359,0.9934765,-0.13648373,-0.13975166,-0.112547934,-0.076126724,0.035451725,0.023085032,0.9933576,-0.12541394,0.034515347,-0.032749463,-0.13973504,0.14811178,0.99270463,0.089864746,-0.09095351,-0.0864304,0.02078977,0.082440384,-0.071638376,-0.10153872,-0.06664892,-0.014966564,-0.027629472,0.09148078,0.0021946859,0.052066896,-0.04058966,0.23903596,-0.029294979,-0.06421613,0.14551228,0.08461605,-0.13589294,0.99355996,-0.0972893,-0.050600633,-0.04914326,0.047490284,0.1821223,0.0045334715,-0.12366694,-0.051081017,-0.044687055,-0.0218462,-0.015605967
@KUBILER,0.15878609,0.13738722,0.98214257,-0.059177563,0.05045718,0.117426865,0.3026309,-0.016350111,0.18338224,0.06849437,0.99266064,-0.05818733,0.01826849,0.049878817,-0.031046044,-0.011838155,0.081899494,-0.022128677,0.027857497,0.017829105,0.017142262,-0.0014630604,0.3324759,-0.0012216307,0.014622917,0.09697105,0.11889863,-0.023460187,-0.0100761,0.012818471,-0.06374548,-0.020085182,0.99999976,0.9813408,0.121000916,0.16894747,-0.025421865,-0.034565717,0.04393019,0.10864374,0.9733193,0.030481052,0.98126715,-0.006742224,-0.04939136,-0.07084584,0.016330289,0.9921812,0.007548148,-0.049496606,0.030133812,-0.022184609,0.14610028,-0.029031405,-0.004115505,0.010724799,0.07745202,-0.0367932,-0.008549735,0.1097825,0.1288773,-0.0011364035,-0.029920215,0.19441909,-0.07131751,0.074013226,0.0976533,-0.024029234,0.107978344,-0.030708818,0.13918966,0.21114671,0.033533398,-0.074779354,0.105627425,0.08674915,0.014278142,0.9768504,0.16403793,0.273243,0.0071078115,0.02309682,0.030184155,0.016358571,0.019111939,-0.02877358,0.35304987,-0.012983538,-0.0018210765,0.09534145,-0.04031038,0.96773523,0.03323199,0.0037930869,0.97857225,-0.07271995,0.03500027,0.021614522,0.043080904,-0.070017815
@Kenandgrat,0.19456948,0.06875028,0.97861207,-0.06187376,0.010269489,0.13580877,0.23864028,-0.028149813,0.11018742,0.1347644,0.992061,-0.03537515,0.031381745,0.054940246,-0.034439474,0.039755233,0.13617207,-0.02291711,-0.030570228,-0.0316054,0.04683745,-0.0129880775,0.33220664,0.045628894,0.066258326,0.088224515,0.18157142,-0.04314436,0.041247357,0.03158645,-0.06328696,0.029330362,0.9813408,0.9999998,0.17054817,0.11956625,-0.0030177804,-0.041360904,0.0354328,0.16298155,0.9911499,0.018420499,0.96654534,0.018703308,-0.049861804,-0.07279887,0.024862481,0.98916984,0.0023218456,-0.054537736,0.030008528,-0.034136612,0.071533985,-0.031234432,0.045752328,8.479413e-05,0.06721725,-0.047243893,-0.018551499,0.16943878,0.18670061,0.050790884,-0.039198384,0.24544632,-0.07139416,0.066779435,0.12400884,0.02223406,0.1660065,-0.03900333,0.07095366,0.23272994,0.024360454,-0.075510815,0.040464617,0.02300333,0.0120192,0.9593089,0.22590058,0.28932518,-0.008565825,0.024091937,0.04945633,0.018376436,0.02902195,-0.0359876,0.43984735,-0.021326581,0.048491392,0.09644343,-0.046062727,0.9483105,0.02213404,0.02297708,0.9846196,-0.08404057,0.040819027,0.02239402,0.04998663,-0.062245205
@KokBisa,0.1801422,0.14713544,0.1867162,-0.04061841,-0.0009383182,0.46542162,0.13150944,-0.082742795,0.116457924,0.89362174,0.14225236,0.029560313,0.26851934,0.27026632,0.058839172,0.016631909,0.035449613,-0.062315416,0.21088661,0.23407394,0.110261455,-0.0819329,0.13848293,-0.024662258,0.030946936,0.03257966,0.9611661,-0.034131285,0.017971242,0.024758339,-0.0191556,-0.0072017163,0.121000916,0.17054817,1.0000004,0.19984402,0.02896462,-0.018369459,0.34300095,0.97531736,0.18548259,-0.05759123,0.1088236,0.05784834,-0.032856815,-0.055285644,0.23438874,0.14522904,-0.05197183,-0.038179185,0.1503877,-0.06389651,0.058251973,0.09164632,-0.006067792,-0.006715789,0.3859781,-0.036510605,0.32137644,0.97014,0.9729135,0.018136807,-0.013218659,0.8186531,-0.0280271,0.40206832,0.43237153,-0.008068789,0.84289086,-0.015709031,0.092232235,0.44776565,-0.04672409,0.3617826,0.12831949,0.105531365,0.09019591,0.12588891,0.92087543,0.38796827,-0.09732437,0.15362439,0.07180599,0.14045344,0.19358256,-0.053354234,0.7867855,0.034169376,-0.008977216,0.5092483,-0.037425585,0.08597041,-0.059579387,0.014090805,0.20155999,0.30114824,0.25903106,0.1527306,0.19099903,0.10566434
@LuckyHakimChannel,0.45580825,0.8257181,0.18224582,0.010979015,0.15002045,0.39482903,0.8611026,-0.0044651274,0.8460108,0.040646642,0.13059966,0.37804037,-0.084842585,-0.0426343,-0.19990948,-0.052230418,-0.035944454,0.06325929,0.817639,0.76364076,0.45957398,0.055077143,0.61445034,-0.056484625,0.021047505,0.23438427,0.097678736,0.005240109,-0.08029407,0.41507748,-0.00494859,-0.0342777,0.16894747,0.11956625,0.19984402,0.99999994,0.38176638,-0.19548216,0.2835356,0.12593947,0.13467549,0.042361602,0.12926915,0.41805005,0.005816336,0.011205673,-0.066947855,0.14742304,0.026758417,0.04207144,-0.10315944,-0.014422813,0.815482,-0.1921911,-0.05787663,-0.11503931,0.25811696,-0.17556441,0.23583955,0.09012261,0.09800205,0.013380397,-0.17810279,0.2833072,0.015490913,0.2850172,0.6115104,-0.05504205,0.053633377,-0.18285286,0.8107461,0.29113954,0.053125158,0.22508946,0.7746111,0.7630996,0.16885424,0.16320382,0.09817669,0.43724945,0.016194936,-0.087838605,0.49385202,-0.09984873,-0.123415954,0.033695526,0.1043167,-0.16931969,-0.06119746,0.2976599,0.027612196,0.13562888,0.052885734,0.38989136,0.15658909,0.25572738,-0.06583308,-0.08846854,-0.100740395,0.2079751
@MILYHYA,0.83850515,-0.008163133,-0.043754898,0.044320032,0.111825675,0.207577,0.12977815,-0.026325252,0.021387294,0.07377429,-0.01816939,0.93328166,-0.15191498,-0.17745844,-0.013914714,0.14687939,0.13001601,0.20926219,-0.025834352,-0.07504744,0.95313615,0.024685418,0.7918589,0.143646,0.23529896,0.27128637,0.051108968,0.26356983,0.13018142,0.9422109,0.010643164,0.19209401,-0.025421865,-0.0030177804,0.02896462,0.38176638,1.0000004,0.010577793,0.09228477,0.033965603,0.0109808585,-0.0026572738,-0.028302277,0.98090136,0.025623541,0.053480536,-0.1262378,-0.0070938896,-0.05282188,0.07093355,-0.16006455,-0.039886333,0.007088909,-0.013322714,0.15282847,0.060433928,-0.049245246,0.013139191,0.008972153,0.02278343,0.012119193,0.25309598,0.028155643,0.20677081,0.04731699,0.07721336,0.7954438,0.12810853,0.049271792,0.022033677,0.051300317,0.2598031,0.007936195,0.11878309,-0.041665398,-0.060815483,0.24019235,-0.023167208,0.051919565,0.3874819,-0.034994256,-0.16877407,0.94778204,-0.16266647,-0.04578583,0.028571703,0.08934593,-0.0015255995,0.14934942,0.096706495,6.585952e-05,-0.003944045,0.013745366,0.9517379,-0.019481093,0.027869925,-0.18839231,-0.18320915,-0.16573994,0.48920423
@MNCTV_Sports,-0.010365101,-0.10549415,-0.024073776,-0.05766043,0.75076073,-0.12605764,-0.08659508,-0.036661264,-0.109200686,0.013119558,-0.033877786,0.060919374,-0.06927577,-0.048429098,0.9415124,-0.08207914,-0.10436867,-0.028134499,-0.10925616,-0.11752722,-0.06545077,-0.091711015,-0.040655285,-0.05913553,-0.100197054,-0.005822746,0.022773918,0.8844683,-0.07534824,-0.052313298,-0.07151274,-0.081214935,-0.034565717,-0.041360904,-0.018369459,-0.19548216,0.010577793,1.0,-0.10861643,-0.010347571,-0.031922862,-0.07329807,-0.00902519,-0.039305307,-0.07608655,-0.0691728,-0.028093852,-0.040152796,-0.022693278,-0.07111802,0.051901326,-0.0360573,-0.08912231,0.95987725,-0.08147171,0.94119513,-0.08065905,0.97459185,-0.08466612,-0.002512128,0.014752414,-0.095597565,0.96079874,0.005813428,-0.08170602,-0.0449062,-0.028838925,-0.083275095,0.05443825,0.99423385,-0.09451334,-0.12971139,-0.11208063,-0.084604144,-0.087577514,-0.076684706,-0.13973758,0.0027674697,-0.013363271,-0.17752725,-0.016433548,-0.04398207,-0.050694052,-0.029153546,0.20176044,-0.08494093,0.031055484,0.9645735,-0.06907928,-0.09718372,-0.06046131,0.020078499,-0.066547096,-0.03542855,-0.024972932,-0.10680102,-0.019782368,-0.030331716,-0.013507862,0.2960929
@MajelisLucu,0.03269481,0.08030452,0.056276303,-0.022702951,0.10729808,0.78302354,0.07113594,0.0048890887,0.06504156,0.18588972,0.05533366,0.048576593,-0.051886097,-0.01929615,-0.019969424,-0.05021523,-0.046834722,0.10854374,0.10263762,0.07891306,0.12463611,0.04301564,0.101688236,-0.096495844,-0.031849656,0.069313735,0.26850715,0.08847478,-0.09270875,0.008426696,-0.003377146,-0.07028453,0.04393019,0.0354328,0.34300095,0.2835356,0.09228477,-0.10861643,0.99999976,0.36547214,0.03763486,-0.031227864,-0.013410104,0.07260144,-0.017404951,-0.036827095,-0.09016071,0.049946085,0.00655042,-0.029552031,-0.011115925,0.011280058,0.005987919,-0.033048358,-0.08509551,-0.06922539,0.93570924,-0.07777414,0.958884,0.2967441,0.27501297,-0.048588734,-0.05630119,0.47868222,-0.011442149,0.96415794,0.38066155,-0.06820351,0.3982466,-0.090215504,-0.013367705,0.5022548,0.015301231,0.9570873,0.09623991,0.054165013,0.49770814,-0.0316346,0.20535257,0.6846743,0.03768252,-0.06924684,0.095416315,-0.087683715,-0.116597086,0.10410404,0.28781024,-0.057191405,-0.096185304,0.94676065,-0.043756463,-0.019991886,0.016695954,0.020669479,0.06802528,0.9502106,-0.033734564,-0.023340877,-0.014737922,0.4434723
@MalakaProjectid,0.15266356,0.045687433,0.1694529,-0.02016937,0.004080005,0.47960687,0.05951515,-0.07038696,0.014442302,0.9198373,0.13193691,0.014339978,0.36568433,0.36420208,0.07215799,0.018477041,0.034317456,-0.030906877,0.11121535,0.14236936,0.09717257,-0.075234815,0.08961758,-0.026361383,0.02464762,0.035024446,0.9746572,-0.0094982125,0.02635009,0.01723409,-0.00031540793,-0.0087542515,0.10864374,0.16298155,0.97531736,0.12593947,0.033965603,-0.010347571,0.36547214,1.0000006,0.17203245,-0.049051795,0.098668516,0.059748136,-0.014243338,-0.038610682,0.33192158,0.13097166,-0.05284985,-0.02323962,0.25243333,-0.048718996,-0.0283621,0.11354335,-0.0023482125,-0.0036939587,0.40365034,-0.027606035,0.3399139,0.9874645,0.97713375,0.015006544,-0.0021496355,0.84006023,-0.008113773,0.42417008,0.41338122,-0.0077546407,0.90497494,-0.0090106735,0.01714771,0.48668203,-0.04284162,0.39458892,0.023871534,0.0034511704,0.13102017,0.110357046,0.9388232,0.39389282,-0.09129578,0.24649695,0.05213084,0.23145577,0.29384735,-0.039442513,0.80046266,0.046992447,-0.010163061,0.53127784,-0.027195245,0.081711926,-0.05593542,0.0044508055,0.19064772,0.326964,0.35214728,0.24965632,0.28998673,0.13096982
@MamankKuliner,0.22286396,0.09153545,0.9818498,-0.071396895,0.017871317,0.14474909,0.24984086,-0.049976133,0.13322037,0.145253,0.9872683,-0.0138153415,0.0074077398,0.029606227,-0.029649993,0.04918645,0.14469656,-0.034681447,-0.013515207,-0.019311074,0.06589764,-0.03459262,0.35882363,0.055468075,0.07851593,0.07504642,0.1954761,-0.037327804,0.047223553,0.0435787,-0.075660184,0.03915482,0.9733193,0.9911499,0.18548259,0.13467549,0.0109808585,-0.031922862,0.03763486,0.17203245,0.9999999,-0.00346998,0.9556276,0.032862112,-0.06088385,-0.08197084,0.0017942721,0.98473597,-0.009936815,-0.06502813,0.0043153157,-0.056058135,0.0888869,-0.024816569,0.053120237,0.010568411,0.07151928,-0.03833119,-0.0129590295,0.17992532,0.19920644,0.062070135,-0.030632066,0.2617749,-0.08181103,0.07091497,0.14653747,0.029251622,0.16812834,-0.030014135,0.08113661,0.21505326,0.0047440813,-0.07424734,0.06536742,0.046073522,0.0015457142,0.9620466,0.23972821,0.30431187,-0.027096875,-0.0022361744,0.06735889,-0.005792385,0.006727473,-0.057067797,0.46045816,-0.013333444,0.05845372,0.09514188,-0.056579705,0.93453485,0.0029249704,0.039779402,0.9861359,-0.087103024,0.01792104,-0.004383391,0.023529526,-0.05680218
@Mas-Wahid,0.06948664,-0.02326064,0.014949384,-0.030477662,0.008979494,-0.057244137,0.05248131,0.9756563,-0.007569334,-0.0005267513,0.014080359,-0.033213243,0.03029245,-0.002199032,-0.0022678468,0.056666397,0.10199263,0.049228802,-0.05903911,-0.054569617,-0.011177244,0.97698116,0.095262244,0.012800833,0.053750373,0.90045834,-0.054628074,-0.026275542,0.07578265,-0.01818763,-0.025745407,0.05617343,0.030481052,0.018420499,-0.05759123,0.042361602,-0.0026572738,-0.07329807,-0.031227864,-0.049051795,-0.00346998,1.0000004,0.0397468,-0.014229998,-0.016301803,-0.014133873,0.0100616915,0.01611851,0.9236227,-0.022924269,0.0028192955,0.9733443,-0.02610372,-0.06060029,0.06621736,-0.02506823,-0.059761733,-0.0034260657,-0.03173022,-0.033005595,-0.045693595,0.084197335,-0.038507238,-0.04178926,-0.014714031,-0.05595419,-0.0056405514,0.055692665,-0.044541255,-0.07712181,0.0587228,0.64841425,0.9867883,-0.018144585,-0.03704989,-0.04572135,-0.01621056,0.014484709,-0.01858363,-0.08266422,0.964482,0.011915226,0.02319509,-0.021716334,0.07039491,0.9632224,-0.10917269,-0.036441714,0.011117106,-0.052501753,-0.0040360563,0.01553132,0.97766036,-0.051492162,-0.028024655,-0.018535791,-0.003178522,-0.01284699,0.013022134,0.08833315
@Melkibajaj,0.1535033,0.10546759,0.96618783,-0.022919785,0.05752829,0.08325288,0.27609468,-0.010575958,0.16024739,0.070060536,0.97393584,-0.063953385,0.025843866,0.060034428,-0.0070287995,-0.022276763,0.06893186,0.010030046,0.0001799122,-0.009649794,0.007318899,0.00042153033,0.32291147,-0.0087537505,0.0019822735,0.10128595,0.11704683,-0.011249155,-0.016701452,0.009994147,-0.029721865,-0.02883831,0.98126715,0.96654534,0.1088236,0.12926915,-0.028302277,-0.00902519,-0.013410104,0.098668516,0.9556276,0.0397468,1.0000001,-0.010903219,-0.0139916595,-0.035639863,0.030317789,0.97854084,0.008751705,-0.013052968,0.04205181,-0.01602171,0.124524,-0.0023432914,-0.013593781,0.031730108,0.025777427,-0.013795404,-0.065340094,0.104657106,0.12623449,-0.010267613,-0.005169932,0.1678448,-0.03624051,0.021642681,0.07499286,-0.03212845,0.09744675,-0.005693894,0.12246331,0.19670731,0.036735184,-0.12449477,0.076722175,0.061341014,0.01279939,0.9771143,0.16332993,0.24361613,0.007874837,0.03408586,0.021334214,0.027980482,0.0429591,-0.03347574,0.34388956,0.011058191,-0.009730076,0.048045725,0.00034588668,0.980126,0.03965251,0.0006981492,0.958961,-0.12482959,0.044382714,0.028446265,0.05337121,-0.07883605
@Miawaug,0.8814101,0.03472721,-0.019798916,0.002714375,0.0645967,0.20054856,0.17800221,-0.043684058,0.06075973,0.1094133,0.0010702219,0.9289327,-0.10777669,-0.13521752,-0.06915337,0.19328591,0.1807664,0.15675135,0.012033329,-0.029752322,0.96601206,0.010836719,0.8060435,0.18911505,0.28531444,0.26148623,0.081346005,0.19705206,0.17875512,0.9550855,-0.028155934,0.23668437,-0.006742224,0.018703308,0.05784834,0.41805005,0.98090136,-0.039305307,0.07260144,0.059748136,0.032862112,-0.014229998,-0.010903219,1.0,-0.010880686,0.014994858,-0.08392764,0.011639567,-0.05493813,0.031475846,-0.12763014,-0.057167325,0.05085169,-0.06504046,0.20179385,0.01679294,-0.06671784,-0.038402524,-0.014248401,0.05122813,0.042557437,0.30009395,-0.03329375,0.23183739,0.0054990156,0.04904273,0.81781346,0.17251335,0.07761791,-0.028515093,0.09796645,0.24725409,-0.0030435398,0.08602794,0.0007247394,-0.014708863,0.19202603,-0.0031137448,0.08934838,0.37465018,-0.052677967,-0.12857331,0.95713973,-0.12297171,-0.019772258,0.012617759,0.12779441,-0.053039767,0.19671261,0.07888952,-0.03720195,0.008725984,-0.0009631105,0.9565636,0.0039414447,-0.0010052109,-0.14629081,-0.1450008,-0.12970401,0.4274574
@MusicaStudios,-0.09870325,-0.09498054,-0.07039679,0.9925487,-0.13755225,0.19230524,-0.12772462,0.008790039,-0.04754827,-0.042746678,-0.053305972,-0.07497428,-0.0030313958,0.0075790654,-0.08529243,-0.03343085,-0.057858966,0.9266572,-0.03421386,-0.050783988,-0.05313789,-0.004129491,-0.08736777,-0.02458974,-0.033524364,-0.08102757,-0.0037192085,-0.054394156,-0.031882644,-0.05111204,0.9907986,-0.016726661,-0.04939136,-0.049861804,-0.032856815,0.005816336,0.025623541,-0.07608655,-0.017404951,-0.014243338,-0.06088385,-0.016301803,-0.0139916595,-0.010880686,1.0000004,0.9928091,-0.0032753812,-0.040111627,-0.12799445,0.98612565,-0.003559235,0.012472393,-0.07964437,-0.053151473,-0.041858803,-0.09894876,0.031377953,-0.09018216,-0.011927198,-0.013346223,-0.0069380575,-0.028068872,-0.07417594,-0.09942579,0.9924841,0.017605036,-0.1045443,-0.0033880393,-0.041146293,-0.076590374,-0.095555864,0.09038574,-0.026466075,0.05914627,-0.09184556,-0.086652815,0.7783305,-0.030868156,-0.0308607,0.34598297,-0.04005646,0.0023376537,-0.082053766,0.0015197973,-0.02963676,-0.0045512337,-0.11283393,-0.0669164,-0.023419889,0.054874428,0.98680377,0.014616273,-0.0038937815,-0.013600126,-0.048233893,0.055954527,-0.010481665,0.011953484,0.005122052,0.29077202
@NagaswaraOfficial,-0.08259216,-0.092344835,-0.09332639,0.99057597,-0.13288975,0.17551933,-0.12863848,0.010124239,-0.04441355,-0.06488458,-0.07497591,-0.046730258,-0.02241841,-0.01459345,-0.08112594,-0.038303893,-0.06470983,0.9241985,-0.03357032,-0.05411905,-0.029446118,-0.001930043,-0.07182184,-0.02923556,-0.035881232,-0.07530877,-0.02835372,-0.043401826,-0.03733181,-0.024135593,0.98416054,-0.018548498,-0.07084584,-0.07279887,-0.055285644,0.011205673,0.053480536,-0.0691728,-0.036827095,-0.038610682,-0.08197084,-0.014133873,-0.035639863,0.014994858,0.9928091,0.9999998,-0.021819688,-0.0614875,-0.12703034,0.9832883,-0.025480276,0.012779066,-0.0769331,-0.051284354,-0.046157222,-0.093979865,0.010233661,-0.0840195,-0.027299933,-0.037207294,-0.030451728,-0.028855298,-0.068381764,-0.12512663,0.9906834,-0.0026816875,-0.09672171,-0.007855311,-0.06946997,-0.07007117,-0.09266077,0.075150184,-0.023732198,0.04439387,-0.092056565,-0.08679049,0.7649931,-0.050574422,-0.05402072,0.324362,-0.038511306,-0.01623666,-0.058389336,-0.017167795,-0.042395838,-0.002828784,-0.1382535,-0.06407929,-0.027702887,0.029773332,0.9818225,-0.006876679,-0.0014368354,0.01570384,-0.07181823,0.03911124,-0.031649884,-0.009231996,-0.016539881,0.30373228
@NarasiNewsroom,-0.12383792,-0.063063085,0.02325776,0.007597517,0.03918593,-0.046948336,0.052505847,-0.02089637,-0.09625371,0.37989438,0.006566057,-0.1824531,0.9746257,0.9748343,-0.010894914,-0.0108951125,-0.008899154,-0.048078127,-0.030075628,0.05157774,-0.13083918,-0.05126444,-0.19622356,-0.007682956,-0.04673461,-0.0438805,0.29822528,-0.04333482,0.042237952,-0.068656236,-0.0009799206,-0.034862656,0.016330289,0.024862481,0.23438874,-0.066947855,-0.1262378,-0.028093852,-0.09016071,0.33192158,0.0017942721,0.0100616915,0.030317789,-0.08392764,-0.0032753812,-0.021819688,1.0,-0.0046533896,-0.024254873,-0.00973745,0.94204795,0.0017890176,-0.011287273,0.058753014,0.0070940005,-0.09935832,-0.0854309,-0.059545677,-0.13442385,0.31717587,0.2774871,-0.048761673,-0.03580971,0.24347824,0.0014990154,-0.10168235,-0.035058938,-0.012501854,0.42928243,-0.03472574,0.07220547,0.100680485,-0.032443453,-0.08518657,-0.07560318,-0.05940126,-0.074116185,0.024392629,0.34034657,-0.16213371,-0.072758645,0.970928,-0.14777686,0.9627068,0.92499584,-0.053336106,0.15791576,0.006279993,-0.0065956833,-0.028905995,-0.00903549,0.039661933,-0.06826922,-0.12696777,0.015979312,-0.07231797,0.97494966,0.9602634,0.9564749,-0.22047852
@NexCarlos,0.1848955,0.10569449,0.9814578,-0.050350435,0.02116357,0.1319023,0.260467,-0.027120098,0.1518426,0.093771115,0.9960202,-0.040082216,-0.00049638934,0.027522406,-0.03518677,0.011944337,0.10632101,-0.011318777,0.0014118811,-0.007616288,0.04126628,-0.01085802,0.34473178,0.020434588,0.04047675,0.086175665,0.14576897,-0.034210537,0.01144179,0.028139979,-0.053957667,0.004429115,0.9921812,0.98916984,0.14522904,0.14742304,-0.0070938896,-0.040152796,0.049946085,0.13097166,0.98473597,0.01611851,0.97854084,0.011639567,-0.040111627,-0.0614875,-0.0046533896,0.99999964,-0.0020002208,-0.04113168,0.0053356923,-0.033981908,0.10842062,-0.03272638,0.01760851,0.0019096937,0.08183436,-0.043599416,-0.0037326887,0.13452697,0.1541299,0.02492969,-0.034554318,0.21789473,-0.061382517,0.081483215,0.117125124,-0.0026217625,0.12816438,-0.03653876,0.096736416,0.2191495,0.024103194,-0.06603412,0.07706583,0.05790068,0.02677644,0.96800506,0.1900879,0.29662806,-0.003959071,-0.0011063963,0.047361292,-0.0055474252,-0.00030162837,-0.036756523,0.39000672,-0.021169687,0.02171201,0.10590489,-0.03274952,0.96079934,0.024644366,0.022619128,0.98348916,-0.07172802,0.012982171,-0.002975896,0.022051975,-0.05497951
@OTOMOTIFTV,0.09315696,0.010095502,0.01559617,-0.14587134,0.027496014,-0.057073966,0.064386345,0.9157952,0.009497055,0.014327036,0.00037868603,-0.03557817,0.0012994666,-0.03362768,0.043158464,0.18993258,0.23735067,-0.06696586,-0.03994841,-0.032343317,-0.02740311,0.92756665,0.081937365,0.13490617,0.18205504,0.8595214,-0.05447481,-0.008960914,0.20062521,-0.05865725,-0.13771677,0.1812982,0.007548148,0.0023218456,-0.05197183,0.026758417,-0.05282188,-0.022693278,0.00655042,-0.05284985,-0.009936815,0.9236227,0.008751705,-0.05493813,-0.12799445,-0.12703034,-0.024254873,-0.0020002208,0.9999999,-0.14216284,-0.017578792,0.9095551,-0.0060872734,-0.023325302,0.19442214,0.021144629,-0.024471432,0.04549232,0.0127832,-0.03456705,-0.04562498,0.20551544,0.0024738088,-0.014431981,-0.1294331,-0.024316859,0.004598351,0.18123479,-0.022381272,-0.028163632,0.06052199,0.5919932,0.9292251,0.0060788016,0.033881526,0.021089492,-0.10916652,-0.009880101,-0.021478457,-0.1124077,0.9438034,-0.014282394,0.004347697,-0.042288914,0.04332462,0.92215073,-0.05985677,0.0002074549,0.13641775,-0.04089935,-0.11978237,-0.02577333,0.9145318,-0.09191021,-0.03918912,0.016441261,-0.026529007,-0.035071082,-0.00044317567,0.06421022
@OfficialNoahMusic,-0.06987761,-0.07165392,-0.07283069,0.9869114,-0.11508463,0.18715852,-0.10028078,-0.0007203263,-0.019199282,-0.05601328,-0.056742888,-0.032532904,-0.015786596,-0.0011160899,-0.078109905,-0.07206595,-0.09642357,0.918212,-0.011832352,-0.03396178,-0.011274825,-0.010634818,-0.039523605,-0.06071943,-0.0666209,-0.06915222,-0.012442757,-0.032375447,-0.07104828,-0.0065891487,0.98124444,-0.052519158,-0.049496606,-0.054537736,-0.038179185,0.04207144,0.07093355,-0.07111802,-0.029552031,-0.02323962,-0.06502813,-0.022924269,-0.013052968,0.031475846,0.98612565,0.9832883,-0.00973745,-0.04113168,-0.14216284,1.0000002,-0.012391782,0.0032183626,-0.05222971,-0.048925146,-0.07961363,-0.08790835,0.015983416,-0.08231518,-0.028904999,-0.023393624,-0.01675868,-0.060922325,-0.06533692,-0.10037288,0.9855428,0.009113533,-0.069380976,-0.041870117,-0.057756986,-0.07186587,-0.06697045,0.09126547,-0.03322892,0.044248022,-0.07039322,-0.06667526,0.76431346,-0.028673932,-0.039316386,0.34537977,-0.047077484,-0.0072013936,-0.03616112,-0.008263798,-0.031840343,-0.017422196,-0.12569416,-0.06016284,-0.060647525,0.045681473,0.9833089,0.016739918,-0.008082784,0.034713227,-0.050949555,0.042966392,-0.020945244,0.00022013346,-0.007973202,0.30877185
@OfficialiNews,-0.1768829,-0.10402563,0.03207414,0.008251555,0.13869594,-0.013462178,0.012368947,-0.007953383,-0.13552718,0.2820178,0.020314131,-0.21447507,0.93091947,0.9500419,0.079291865,-0.05149066,-0.048647143,-0.023436267,-0.07986695,-0.005186963,-0.17621566,-0.041203193,-0.2329565,-0.049203247,-0.0899835,-0.04747627,0.21345937,0.058882788,-0.0034186323,-0.12144761,-0.0010486579,-0.07956341,0.030133812,0.030008528,0.1503877,-0.10315944,-0.16006455,0.051901326,-0.011115925,0.25243333,0.0043153157,0.0028192955,0.04205181,-0.12763014,-0.003559235,-0.025480276,0.94204795,0.0053356923,-0.017578792,-0.012391782,0.99999976,0.015243251,-0.05551132,0.14268361,-0.035597272,-0.023313237,-0.013836781,0.029973198,-0.057311628,0.23226616,0.19427687,-0.09347676,0.06305233,0.20360556,-0.00087608607,-0.023683138,-0.07854205,-0.05345232,0.390181,0.046227105,0.014216255,0.10773471,-0.03334052,-0.018296994,-0.10446964,-0.09064419,-0.034273166,0.025222065,0.24674377,-0.13384801,-0.052923463,0.95976853,-0.1925808,0.9515956,0.9306133,-0.041456796,0.11259696,0.09093867,-0.050172016,0.0260728,-0.013524972,0.051636156,-0.060905922,-0.17434517,0.026197908,0.0010958128,0.9504292,0.96191347,0.9707873,-0.14208332
@Otodriver,0.0023969337,-0.075566866,-0.03754039,-0.0010248427,0.013815744,-0.045101132,-0.027592212,0.9973456,-0.06511744,-0.01239345,-0.035339065,-0.074389696,0.027373195,-0.0024820731,0.044410698,0.03659805,0.072289534,0.08121413,-0.097846255,-0.09283613,-0.060887754,0.97954226,0.018376973,-0.009449858,0.026037663,0.86942536,-0.06210485,0.0058676726,0.05334495,-0.06735571,0.0071088024,0.033419218,-0.022184609,-0.034136612,-0.06389651,-0.014422813,-0.039886333,-0.0360573,0.011280058,-0.048718996,-0.056058135,0.9733443,-0.01602171,-0.057167325,0.012472393,0.012779066,0.0017890176,-0.033981908,0.9095551,0.0032183626,0.015243251,0.99999964,-0.08233416,-0.01657604,0.0434457,0.002604628,-0.015949598,0.03846967,0.015355219,-0.037532613,-0.051181313,0.056487627,0.0022286922,-0.056687757,0.014573285,-0.017694423,-0.052994967,0.03829042,-0.03776413,-0.041099764,-0.015099108,0.6436953,0.96956384,0.02936603,-0.08510166,-0.0920533,0.023033142,-0.041949518,-0.039613828,-0.079955086,0.97435975,0.012715406,-0.03234724,-0.01801568,0.072807744,0.97707915,-0.13004911,0.00028674863,-0.011762223,-0.010112284,0.019636061,-0.031231057,0.9769577,-0.09347749,-0.071778715,0.031183975,-0.0022094678,-0.0055968845,0.019804835,0.11629539
@PANJIPETUALANG_REAL,0.15676291,0.9663605,0.16925976,-0.07669304,0.18961346,0.08900809,0.91896194,-0.077799186,0.9659693,-0.08749717,0.09216024,0.048361864,-0.04414596,0.007878628,-0.12780753,-0.09738509,-0.08829886,-0.117256686,0.94075507,0.9112903,0.08333081,-0.04923239,0.3093894,-0.08171876,-0.06602348,0.041275185,-0.039913308,-0.04172913,-0.11106989,0.07868348,-0.083420984,-0.09004625,0.14610028,0.071533985,0.058251973,0.815482,0.007088909,-0.08912231,0.005987919,-0.0283621,0.0888869,-0.02610372,0.124524,0.05085169,-0.07964437,-0.0769331,-0.011287273,0.10842062,-0.0060872734,-0.05222971,-0.05551132,-0.08233416,1.0000002,-0.111263774,-0.09863829,-0.046507884,0.047448777,-0.083816975,0.0074047074,-0.046823386,-0.024514297,-0.077264756,-0.099596255,0.040909965,-0.0808516,0.023882879,0.23545578,-0.09098469,-0.09232625,-0.08152769,0.9693055,-0.04616051,-0.033731226,-0.061978884,0.9107437,0.926839,-0.11772643,0.17363876,-0.03391828,0.07803559,-0.049714863,-0.021222062,0.13530406,-0.028295485,-0.08845128,-0.08475727,-0.039179824,-0.08043865,-0.089854136,0.0012161497,-0.037188336,0.12290167,-0.036826823,0.05817807,0.11900674,0.005724131,-0.0011824681,-0.025570264,-0.05664036,-0.1008922
@PSSITV,-0.04751661,-0.12184525,-0.015393789,-0.03226094,0.76945996,-0.051709644,-0.10081286,-0.022291668,-0.12964405,0.11477688,-0.026449777,0.018414017,0.01977551,0.045667928,0.948634,-0.12968542,-0.1476617,-0.004065088,-0.110461585,-0.11355515,-0.08754286,-0.080830514,-0.06516958,-0.11445983,-0.14950657,0.010814285,0.13717224,0.8829603,-0.11861421,-0.08138477,-0.043361202,-0.1339359,-0.029031405,-0.031234432,0.09164632,-0.1921911,-0.013322714,0.95987725,-0.033048358,0.11354335,-0.024816569,-0.06060029,-0.0023432914,-0.06504046,-0.053151473,-0.051284354,0.058753014,-0.03272638,-0.023325302,-0.048925146,0.14268361,-0.01657604,-0.111263774,1.0,-0.13090557,0.9032815,-0.0012746183,0.9502709,-0.01591409,0.116315976,0.12878439,-0.14648691,0.9550985,0.110160224,-0.054455984,0.04288784,-0.0013053133,-0.13062873,0.17613155,0.9556771,-0.10886061,-0.036977857,-0.101619914,-0.006646864,-0.11248609,-0.105756655,-0.086933106,0.0036261696,0.09095781,-0.11996278,-0.008853711,0.036253236,-0.07570333,0.048911043,0.2926337,-0.069793075,0.1073288,0.9692479,-0.12220479,0.004084341,-0.037464853,0.02927675,-0.0556413,-0.07056119,-0.012884061,-0.0302672,0.07288587,0.052034527,0.07898769,0.31205714
@PricebookIndonesia,0.409716,-0.10639171,-0.0051387884,-0.06250628,-0.21994156,-0.06653385,-0.06395597,0.06736923,-0.1196232,0.17406014,0.028124575,0.20166507,0.045253918,-0.023468269,-0.13006917,0.9951971,0.98659086,-0.034079768,-0.116539165,-0.08214393,0.2476013,0.105584346,0.09964048,0.9901348,0.9862858,0.060018264,0.04858745,-0.18132102,0.9944333,0.16987285,-0.04773837,0.9934765,-0.004115505,0.045752328,-0.006067792,-0.05787663,0.15282847,-0.08147171,-0.08509551,-0.0023482125,0.053120237,0.06621736,-0.013593781,0.20179385,-0.041858803,-0.046157222,0.0070940005,0.01760851,0.19442214,-0.07961363,-0.035597272,0.0434457,-0.09863829,-0.13090557,0.99999946,-0.13949956,-0.14928648,-0.11334704,-0.09182381,0.043953322,0.029404862,0.98665696,-0.12779556,0.042624578,-0.059063807,-0.15458463,0.12055366,0.9927648,0.10549252,-0.09157134,-0.09258634,0.019412994,0.0901007,-0.09215995,-0.114641786,-0.078835264,-0.046442896,-0.011518573,0.1055724,-0.023762792,0.059345283,0.0020954367,0.20268264,0.011428188,-0.02391114,0.15084036,0.09806697,-0.13569584,0.9939152,-0.11301202,-0.076514825,-0.035022356,0.05292441,0.14756392,0.020688493,-0.14036582,-0.008654096,-0.0024145145,0.022432592,-0.045311578
@RCTISports,0.05320077,-0.05686862,0.023422584,-0.0842309,0.7636696,-0.060957395,-0.0243995,0.0029900689,-0.057555467,0.003926981,0.006514743,0.119814545,-0.14513013,-0.12097703,0.9073119,-0.14032109,-0.15369935,-0.03383532,-0.08140232,-0.100657366,-0.007029607,-0.041708283,0.056479093,-0.121356174,-0.14313747,0.07844509,0.02911824,0.87897396,-0.1406889,-0.0010723169,-0.10091796,-0.13648373,0.010724799,8.479413e-05,-0.006715789,-0.11503931,0.060433928,0.94119513,-0.06922539,-0.0036939587,0.010568411,-0.02506823,0.031730108,0.01679294,-0.09894876,-0.093979865,-0.09935832,0.0019096937,0.021144629,-0.08790835,-0.023313237,0.002604628,-0.046507884,0.9032815,-0.13949956,1.0000002,-0.040545996,0.9537887,-0.048169553,0.00077471556,0.018317115,-0.13984853,0.9151044,0.046015315,-0.10570164,0.0012815166,0.05092328,-0.14354588,0.048125133,0.93914485,-0.0513287,-0.054185975,-0.061754026,-0.054273263,-0.03800943,-0.037914246,-0.125783,0.045328878,-0.008570319,-0.10127351,0.033328,-0.12356329,0.015828326,-0.115598485,0.12520117,-0.041687664,0.074207835,0.9366441,-0.13133754,-0.053096022,-0.083740935,0.060429446,-0.00978867,0.018093262,0.01841152,-0.07243123,-0.10005702,-0.113030374,-0.09606586,0.33673692
@RansEntertainment,-0.07319282,0.12010296,0.10235348,0.024342727,0.10387914,0.83367455,0.088882715,-0.026208526,0.10667639,0.20892131,0.087024115,-0.072828606,-0.047068544,-0.005525175,0.014670934,-0.114211485,-0.10537509,0.11562216,0.13963687,0.11873217,-0.016872605,-0.002438849,0.013252917,-0.15774617,-0.10698022,0.007341018,0.3198095,0.07435794,-0.15159878,-0.12716368,0.045876395,-0.13975166,0.07745202,0.06721725,0.3859781,0.25811696,-0.049245246,-0.08065905,0.93570924,0.40365034,0.07151928,-0.059761733,0.025777427,-0.06671784,0.031377953,0.010233661,-0.0854309,0.08183436,-0.024471432,0.015983416,-0.013836781,-0.015949598,0.047448777,-0.0012746183,-0.14928648,-0.040545996,1.0000002,-0.050128363,0.9570345,0.3430671,0.33152258,-0.1270933,-0.03388396,0.50071955,0.0352133,0.95824856,0.28082415,-0.13092087,0.4092849,-0.063039094,0.014372228,0.4556729,-0.019356703,0.9122095,0.1422067,0.105266124,0.47270602,0.01882385,0.24444507,0.6716862,0.008361735,-0.06551053,-0.044736695,-0.08558497,-0.11468184,0.05476325,0.3573272,-0.023997635,-0.15577191,0.90490115,0.012851296,0.015097622,-0.014358238,-0.10489422,0.11580534,0.922025,-0.02065929,-0.022043617,-0.016559094,0.40121883
@SPOTV.Indonesia,-0.014814728,-0.09817694,-0.02676139,-0.07099983,0.77608573,-0.10327261,-0.07581281,0.038082898,-0.10106295,-0.011119364,-0.03777266,0.06161257,-0.102460064,-0.081050694,0.9501176,-0.11331463,-0.13195933,-0.02327362,-0.11040514,-0.12219571,-0.062073722,-0.018087283,-0.021381374,-0.09476279,-0.12884438,0.07186091,0.0021066936,0.8942522,-0.10941067,-0.053950056,-0.08688625,-0.112547934,-0.0367932,-0.047243893,-0.036510605,-0.17556441,0.013139191,0.97459185,-0.07777414,-0.027606035,-0.03833119,-0.0034260657,-0.013795404,-0.038402524,-0.09018216,-0.0840195,-0.059545677,-0.043599416,0.04549232,-0.08231518,0.029973198,0.03846967,-0.083816975,0.9502709,-0.11334704,0.9537887,-0.050128363,1.0000002,-0.051437404,-0.023282671,-0.0067738355,-0.122741155,0.970222,0.005638953,-0.093615964,-0.012918928,-0.02015063,-0.115670174,0.03443845,0.9671979,-0.08790349,-0.07128088,-0.044740193,-0.05410034,-0.07823205,-0.06965879,-0.12839119,-0.0034588277,-0.03831823,-0.15575856,0.0634058,-0.076326534,-0.042403817,-0.066049725,0.18459046,-0.01170561,0.012821406,0.9685147,-0.10641772,-0.07127319,-0.07392621,0.015890498,0.0054506576,-0.036900707,-0.0318285,-0.070286036,-0.054144047,-0.063698865,-0.039864887,0.33366072
@SPROSULEPRODUCTIONS,-0.040705536,0.08635369,0.0060711736,-0.021002196,0.10373091,0.79482603,0.046788506,0.0078097847,0.065175556,0.15686372,0.0048724003,-0.011142152,-0.094983004,-0.065525964,0.0046201367,-0.053820703,-0.05537732,0.09128549,0.1045451,0.080484,0.039530087,0.035295185,0.020074511,-0.10097432,-0.046691865,0.033083078,0.2500122,0.08557968,-0.09734394,-0.07620979,0.00088161137,-0.076126724,-0.008549735,-0.018551499,0.32137644,0.23583955,0.008972153,-0.08466612,0.958884,0.3399139,-0.0129590295,-0.03173022,-0.065340094,-0.014248401,-0.011927198,-0.027299933,-0.13442385,-0.0037326887,0.0127832,-0.028904999,-0.057311628,0.015355219,0.0074047074,-0.01591409,-0.09182381,-0.048169553,0.9570345,-0.051437404,1.0,0.27832326,0.2609392,-0.06150727,-0.034296725,0.43868786,-0.008397052,0.95920527,0.29322916,-0.071605206,0.3615772,-0.06676942,-0.022024985,0.4450541,0.012211548,0.9550853,0.100315094,0.064758435,0.4689241,-0.07658776,0.17763796,0.6420336,0.04465227,-0.112752914,0.01104555,-0.13126364,-0.15884787,0.1018415,0.27040088,-0.034138635,-0.10029322,0.897949,-0.03754443,-0.07452821,0.012577467,-0.057521842,0.018659726,0.9480767,-0.07566634,-0.06552873,-0.06295778,0.4324007
@SatuPersenIndonesianLifeschool,0.1651288,0.026767606,0.17175797,-0.021163465,-0.014295583,0.44380856,0.04206147,-0.058964416,-0.0040157177,0.9372671,0.13528547,0.012430994,0.35228056,0.34103864,0.0791309,0.06371499,0.08196471,-0.042521015,0.08527857,0.11712877,0.090023935,-0.0646171,0.082631975,0.01956325,0.06667084,0.040303662,0.9898882,-0.025866421,0.07526624,0.0064779706,0.00011153647,0.035451725,0.1097825,0.16943878,0.97014,0.09012261,0.02278343,-0.002512128,0.2967441,0.9874645,0.17992532,-0.033005595,0.104657106,0.05122813,-0.013346223,-0.037207294,0.31717587,0.13452697,-0.03456705,-0.023393624,0.23226616,-0.037532613,-0.046823386,0.116315976,0.043953322,0.00077471556,0.3430671,-0.023282671,0.27832326,1.0000002,0.99136984,0.05949676,0.0010188827,0.827547,-0.00915754,0.35762978,0.390359,0.03662331,0.9024711,-0.0030490386,0.0028771413,0.4657448,-0.02774692,0.33044064,0.0023315242,-0.0128498245,0.09578106,0.118376225,0.96766424,0.3527453,-0.08275178,0.22731808,0.044666052,0.21190545,0.28326207,-0.031623144,0.8193618,0.051353477,0.03652221,0.4609673,-0.026254486,0.08139488,-0.043367445,-0.002254013,0.1943904,0.2564096,0.33040398,0.22593269,0.27001858,0.10396738
@SiKutuBuku,0.17032611,0.051365238,0.19227937,-0.015382393,-0.008848816,0.4331561,0.056712322,-0.07200516,0.023023557,0.9232516,0.15397158,0.010611415,0.30936712,0.30430323,0.093371294,0.04989618,0.06921646,-0.044699617,0.10732721,0.1349056,0.083587304,-0.078142405,0.09751208,0.007890057,0.054761916,0.028990703,0.9903928,-0.021934746,0.058721136,0.0008669356,0.0056887018,0.023085032,0.1288773,0.18670061,0.9729135,0.09800205,0.012119193,0.014752414,0.27501297,0.97713375,0.19920644,-0.045693595,0.12623449,0.042557437,-0.0069380575,-0.030451728,0.2774871,0.1541299,-0.04562498,-0.01675868,0.19427687,-0.051181313,-0.024514297,0.12878439,0.029404862,0.018317115,0.33152258,-0.0067738355,0.2609392,0.99136984,0.9999999,0.04699382,0.01698692,0.8201382,-0.0046375603,0.34161067,0.3842478,0.022541177,0.87628937,0.014458708,0.018936493,0.4397937,-0.03964052,0.3036736,0.026790932,0.011799964,0.08368075,0.14163968,0.9575319,0.3490922,-0.092192896,0.19036308,0.041183732,0.1773575,0.25053975,-0.04868894,0.82317483,0.06789805,0.02514308,0.44280636,-0.016483063,0.10173072,-0.052174035,-0.003947217,0.21477991,0.23251146,0.29321077,0.18802434,0.23206875,0.09601212
@Sobat_HAPE,0.50752234,-0.07851294,-0.00066145696,-0.048710886,-0.21261346,-0.017062206,-0.030797362,0.08261469,-0.08568067,0.18448067,0.032232743,0.29773474,-0.014101178,-0.080902115,-0.13992158,0.988024,0.9780623,-0.0038652457,-0.091090515,-0.0686114,0.35072097,0.12853381,0.20261699,0.97816193,0.9938165,0.10911922,0.06716474,-0.1643925,0.97817016,0.26343608,-0.036889452,0.9933576,-0.0011364035,0.050790884,0.018136807,0.013380397,0.25309598,-0.095597565,-0.048588734,0.015006544,0.062070135,0.084197335,-0.010267613,0.30009395,-0.028068872,-0.028855298,-0.048761673,0.02492969,0.20551544,-0.060922325,-0.09347676,0.056487627,-0.077264756,-0.14648691,0.98665696,-0.13984853,-0.1270933,-0.122741155,-0.06150727,0.05949676,0.04699382,1.0000004,-0.1370746,0.07901673,-0.043260917,-0.11842793,0.21907029,0.9802271,0.11309077,-0.10470134,-0.06926961,0.076591566,0.112816066,-0.05295524,-0.08820419,-0.05688864,-0.0036686044,-0.008440111,0.1217116,0.05021182,0.07682707,-0.059206877,0.30752122,-0.0496822,-0.07328376,0.17287463,0.12230776,-0.14693478,0.9831821,-0.07455219,-0.06245656,-0.033231787,0.07848737,0.24287036,0.026037868,-0.112057015,-0.068107784,-0.06476657,-0.038270734,0.02227323
@SportsChannelIndonesia,-0.023606215,-0.11450685,-0.02266369,-0.050924122,0.7624341,-0.082196146,-0.092846215,-2.7453527e-05,-0.1107752,0.0053628674,-0.029780112,0.06274489,-0.080346845,-0.05461449,0.9469949,-0.12624787,-0.1476093,-0.007825016,-0.11503246,-0.13087162,-0.04983356,-0.05309465,-0.020974306,-0.10764366,-0.14309639,0.037521735,0.024219336,0.88994384,-0.121847615,-0.048966143,-0.0674979,-0.12541394,-0.029920215,-0.039198384,-0.013218659,-0.17810279,0.028155643,0.96079874,-0.05630119,-0.0021496355,-0.030632066,-0.038507238,-0.005169932,-0.03329375,-0.07417594,-0.068381764,-0.03580971,-0.034554318,0.0024738088,-0.06533692,0.06305233,0.0022286922,-0.099596255,0.9550985,-0.12779556,0.9151044,-0.03388396,0.970222,-0.034296725,0.0010188827,0.01698692,-0.1370746,1.0000002,0.029654965,-0.07425004,0.011349162,-0.010350192,-0.12701812,0.058085047,0.9548199,-0.10414684,-0.070478186,-0.07754038,-0.032250315,-0.09621375,-0.089274004,-0.09827142,-0.0004016254,-0.021078069,-0.13143349,0.017241322,-0.051803626,-0.0385961,-0.038382627,0.21542065,-0.046340015,0.02241289,0.96208006,-0.118476525,-0.043843914,-0.057305735,0.026057791,-0.030218393,-0.02976247,-0.022494838,-0.0533828,-0.029946614,-0.03701003,-0.0052442774,0.33731067
@TirtaPengPengPeng,0.34306654,0.11726751,0.25304607,-0.1062122,0.1096093,0.6510656,0.18935171,-0.071361184,0.084493816,0.7718296,0.2176789,0.21006268,0.25655833,0.26559204,0.08603235,0.061254542,0.090178944,-0.04725154,0.1278057,0.14991087,0.2995021,-0.04873651,0.31285173,0.013822226,0.08433984,0.13253152,0.84693956,0.099781185,0.057628013,0.18551403,-0.09324862,0.034515347,0.19441909,0.24544632,0.8186531,0.2833072,0.20677081,0.005813428,0.47868222,0.84006023,0.2617749,-0.04178926,0.1678448,0.23183739,-0.09942579,-0.12512663,0.24347824,0.21789473,-0.014431981,-0.10037288,0.20360556,-0.056687757,0.040909965,0.110160224,0.042624578,0.046015315,0.50071955,0.005638953,0.43868786,0.827547,0.8201382,0.07901673,0.029654965,1.0,-0.09840339,0.5433767,0.59730244,0.019219918,0.8282195,0.005445486,0.0791543,0.5477613,-0.028239321,0.4776383,0.10198426,0.07860653,0.17237945,0.18700054,0.81206715,0.55374634,-0.06855712,0.16441682,0.25566494,0.14682055,0.24140388,-0.0149300415,0.82797563,0.06229143,0.02821594,0.5727687,-0.11747932,0.14773628,-0.033891335,0.18442318,0.27562338,0.3995229,0.25261766,0.17067531,0.22428943,0.29720584
@TrinityOptimaProduction,-0.0970722,-0.09606511,-0.091623105,0.9950503,-0.13653527,0.20127401,-0.13000816,0.010311375,-0.04670263,-0.040615186,-0.07501318,-0.05856477,0.0013545942,0.010674151,-0.08546279,-0.05053456,-0.076486945,0.926456,-0.029423568,-0.047822826,-0.036125727,-0.0015331438,-0.07849953,-0.042324923,-0.048758164,-0.07440213,-0.00039949807,-0.0470481,-0.048588276,-0.033941485,0.9876566,-0.032749463,-0.07131751,-0.07139416,-0.0280271,0.015490913,0.04731699,-0.08170602,-0.011442149,-0.008113773,-0.08181103,-0.014714031,-0.03624051,0.0054990156,0.9924841,0.9906834,0.0014990154,-0.061382517,-0.1294331,0.9855428,-0.00087608607,0.014573285,-0.0808516,-0.054455984,-0.059063807,-0.10570164,0.0352133,-0.093615964,-0.008397052,-0.00915754,-0.0046375603,-0.043260917,-0.07425004,-0.09840339,1.0000005,0.02461707,-0.087111704,-0.019591477,-0.040479425,-0.08202153,-0.09564892,0.10301831,-0.024258781,0.06907044,-0.09146566,-0.087659754,0.77488375,-0.05267516,-0.029504705,0.34882316,-0.040095232,0.003879389,-0.0651102,0.0027114213,-0.0228418,-0.0028642314,-0.11958431,-0.07161134,-0.040934045,0.06309809,0.9840406,-0.007188524,-0.0017965448,0.0036250083,-0.06913154,0.06700846,-0.008324796,0.012308566,0.00807939,0.31205207
@VINDES,0.023906507,0.10136452,0.09366533,0.0143496785,0.18001175,0.8342258,0.091891184,-0.026780922,0.09018704,0.22772121,0.084914304,0.040653482,-0.070296526,-0.032021537,0.050938137,-0.119270355,-0.11123583,0.1412141,0.11779085,0.09066126,0.106837824,0.0034806607,0.11412822,-0.16478331,-0.10115467,0.054000292,0.3361341,0.15571575,-0.15852305,-0.014587861,0.03142161,-0.13973504,0.074013226,0.066779435,0.40206832,0.2850172,0.07721336,-0.0449062,0.96415794,0.42417008,0.07091497,-0.05595419,0.021642681,0.04904273,0.017605036,-0.0026816875,-0.10168235,0.081483215,-0.024316859,0.009113533,-0.023683138,-0.017694423,0.023882879,0.04288784,-0.15458463,0.0012815166,0.95824856,-0.012918928,0.95920527,0.35762978,0.34161067,-0.11842793,0.011349162,0.5433767,0.02461707,1.0,0.39472997,-0.13785583,0.4361121,-0.024239974,0.0015428727,0.5083977,-0.015335895,0.9500551,0.11805913,0.0742123,0.5114988,0.008677931,0.26132208,0.7302237,0.011793028,-0.09006419,0.07924719,-0.10901067,-0.113838464,0.06170391,0.36299807,0.017827934,-0.16302757,0.9410492,-0.003922669,0.0155591555,-0.009334859,0.0066745337,0.10638142,0.94148165,-0.045951117,-0.045448653,-0.03559345,0.48893592
@WindahBasudara,0.821461,0.27514532,0.12746224,-0.09756148,0.17089647,0.5145261,0.38773268,-0.047883768,0.28170666,0.3857479,0.10517585,0.7923759,-0.049759787,-0.052071266,-0.013605399,0.12999347,0.14012226,0.049730606,0.25132304,0.21254253,0.8660389,0.017019648,0.8282591,0.1010496,0.22065195,0.31019932,0.4164165,0.2208592,0.105050206,0.7905497,-0.11592138,0.14811178,0.0976533,0.12400884,0.43237153,0.6115104,0.7954438,-0.028838925,0.38066155,0.41338122,0.14653747,-0.0056405514,0.07499286,0.81781346,-0.1045443,-0.09672171,-0.035058938,0.117125124,0.004598351,-0.069380976,-0.07854205,-0.052994967,0.23545578,-0.0013053133,0.12055366,0.05092328,0.28082415,-0.02015063,0.29322916,0.390359,0.3842478,0.21907029,-0.010350192,0.59730244,-0.087111704,0.39472997,1.0000007,0.0962788,0.39988175,-0.014178111,0.27642757,0.48123276,0.0116690025,0.3645001,0.25528353,0.21369985,0.20581359,0.09470906,0.39884204,0.5995662,-0.02760231,-0.096846506,0.8647132,-0.104126304,7.295702e-05,0.030705597,0.46940374,-0.0058607883,0.10960759,0.42771292,-0.12435365,0.07784974,0.013941135,0.7791182,0.13840011,0.29459286,-0.06796716,-0.10482006,-0.07346145,0.47310913
@YoutuberCupu,0.37423128,-0.096953005,-0.02576426,-0.024408113,-0.22740872,-0.06544554,-0.07062039,0.06276031,-0.107841164,0.15961154,0.006806271,0.16953862,0.026640523,-0.038876645,-0.1322575,0.9913243,0.97765255,-0.00047383714,-0.09782901,-0.06751875,0.22112,0.09841646,0.07083592,0.98904645,0.9817629,0.038338453,0.037937604,-0.18762302,0.9878334,0.13930087,-0.0075516477,0.99270463,-0.024029234,0.02223406,-0.008068789,-0.05504205,0.12810853,-0.083275095,-0.06820351,-0.0077546407,0.029251622,0.055692665,-0.03212845,0.17251335,-0.0033880393,-0.007855311,-0.012501854,-0.0026217625,0.18123479,-0.041870117,-0.05345232,0.03829042,-0.09098469,-0.13062873,0.9927648,-0.14354588,-0.13092087,-0.115670174,-0.071605206,0.03662331,0.022541177,0.9802271,-0.12701812,0.019219918,-0.019591477,-0.13785583,0.0962788,1.0,0.0922855,-0.09252733,-0.089687325,0.012820484,0.08008178,-0.07080882,-0.10252571,-0.067289695,-0.014261944,-0.03234419,0.087120794,-0.013653293,0.052337706,-0.015315596,0.17340037,-0.004826274,-0.04685404,0.14610083,0.07011456,-0.13700525,0.9916258,-0.09226247,-0.037028756,-0.04965596,0.0449759,0.116498195,-0.000471564,-0.1150116,-0.02460466,-0.018257074,0.005509981,-0.0423745
@ZeniusEducation,0.16310364,-0.032554913,0.16333771,-0.04665624,0.054706983,0.4979235,0.018297408,-0.060344007,-0.07553162,0.86173105,0.13500428,0.034510076,0.4581617,0.4458304,0.13291317,0.12531957,0.13626187,-0.037554413,0.011867855,0.05691468,0.109881334,-0.065887794,0.049236,0.08041896,0.11622123,0.029830933,0.8984624,0.0733953,0.13878505,0.024899185,-0.0279764,0.089864746,0.107978344,0.1660065,0.84289086,0.053633377,0.049271792,0.05443825,0.3982466,0.90497494,0.16812834,-0.044541255,0.09744675,0.07761791,-0.041146293,-0.06946997,0.42928243,0.12816438,-0.022381272,-0.057756986,0.390181,-0.03776413,-0.09232625,0.17613155,0.10549252,0.048125133,0.4092849,0.03443845,0.3615772,0.9024711,0.87628937,0.11309077,0.058085047,0.8282195,-0.040479425,0.4361121,0.39988175,0.0922855,1.0000002,0.055857047,-0.03881143,0.47979033,-0.041558906,0.42565563,-0.058469895,-0.06903836,0.14479849,0.10125767,0.8703551,0.38134342,-0.08022709,0.3518148,0.056365058,0.33681178,0.41204846,-0.01571798,0.79440725,0.105080634,0.0936516,0.5241411,-0.06714642,0.07720111,-0.058452282,0.012760643,0.18599692,0.35112813,0.4411503,0.36407506,0.4098409,0.16309027
@ZonaJuaraSports,-0.0051327925,-0.099777706,-0.021950716,-0.05853133,0.7580005,-0.10714732,-0.07974121,-0.041834027,-0.10161389,0.007595965,-0.030555142,0.07011429,-0.07617745,-0.053712398,0.9351444,-0.09251135,-0.11319855,-0.026778305,-0.102799624,-0.11367593,-0.054549813,-0.09497534,-0.029801175,-0.069253966,-0.10771716,-0.006654322,0.021538815,0.8883532,-0.086406305,-0.04183874,-0.07239442,-0.09095351,-0.030708818,-0.03900333,-0.015709031,-0.18285286,0.022033677,0.99423385,-0.090215504,-0.0090106735,-0.030014135,-0.07712181,-0.005693894,-0.028515093,-0.076590374,-0.07007117,-0.03472574,-0.03653876,-0.028163632,-0.07186587,0.046227105,-0.041099764,-0.08152769,0.9556771,-0.09157134,0.93914485,-0.063039094,0.9671979,-0.06676942,-0.0030490386,0.014458708,-0.10470134,0.9548199,0.005445486,-0.08202153,-0.024239974,-0.014178111,-0.09252733,0.055857047,0.99999994,-0.087155744,-0.12353361,-0.11448275,-0.064971514,-0.08305004,-0.07377182,-0.12788294,0.0053884313,-0.017195977,-0.1621933,-0.019035667,-0.049609363,-0.039223164,-0.03464733,0.19113727,-0.08776729,0.028884739,0.9608112,-0.07899688,-0.07728882,-0.061684124,0.02421635,-0.0707446,-0.024076302,-0.023327274,-0.08687096,-0.025253277,-0.034983486,-0.020004287,0.30270407
@amarpdchannel,0.19346562,0.9285124,0.16388796,-0.092624865,0.21314216,0.088459805,0.9442631,-0.012290022,0.92810184,-0.027002329,0.08306348,0.07966064,0.038047433,0.085911304,-0.1257174,-0.09410773,-0.082252264,-0.12693791,0.90527445,0.8839855,0.12132063,0.015911167,0.3374058,-0.08196621,-0.061211053,0.12922075,0.007994946,-0.037544448,-0.1018569,0.11974248,-0.10059845,-0.0864304,0.13918966,0.07095366,0.092232235,0.8107461,0.051300317,-0.09451334,-0.013367705,0.01714771,0.08113661,0.0587228,0.12246331,0.09796645,-0.095555864,-0.09266077,0.07220547,0.096736416,0.06052199,-0.06697045,0.014216255,-0.015099108,0.9693055,-0.10886061,-0.09258634,-0.0513287,0.014372228,-0.08790349,-0.022024985,0.0028771413,0.018936493,-0.06926961,-0.10414684,0.0791543,-0.09564892,0.0015428727,0.27642757,-0.089687325,-0.03881143,-0.087155744,1.0,0.03281705,0.03891577,-0.07001423,0.8676666,0.88349485,-0.12723938,0.16757008,0.023973988,0.06191939,0.008564485,0.054481015,0.17947084,0.041259732,-0.0013845125,-0.021049343,-0.014117273,-0.07974494,-0.089781106,-0.013471914,-0.054483198,0.116331175,0.026457384,0.091320306,0.10498282,-0.010525058,0.074552365,0.04486687,0.01800419,-0.08833096
@ariefmuhammaddd,0.30118454,0.0030748774,0.22041011,0.08027828,0.058369495,0.53157574,0.12049865,0.6381316,0.020119552,0.43005532,0.21424417,0.17642868,0.13809094,0.13436823,-0.008488396,0.030972078,0.0837545,0.22757407,0.0044026715,-0.0025690626,0.2827744,0.6720116,0.3526928,-0.03787913,0.06391619,0.75010574,0.4478079,0.061352674,0.029996421,0.19151166,0.086110726,0.02078977,0.21114671,0.23272994,0.44776565,0.29113954,0.2598031,-0.12971139,0.5022548,0.48668203,0.21505326,0.64841425,0.19670731,0.24725409,0.09038574,0.075150184,0.100680485,0.2191495,0.5919932,0.09126547,0.10773471,0.6436953,-0.04616051,-0.036977857,0.019412994,-0.054185975,0.4556729,-0.07128088,0.4450541,0.4657448,0.4397937,0.076591566,-0.070478186,0.5477613,0.10301831,0.5083977,0.48123276,0.012820484,0.47979033,-0.12353361,0.03281705,1.0000002,0.66741097,0.512526,-0.017153967,-0.058178872,0.38144484,0.16378352,0.4443987,0.53235453,0.63185036,0.07392661,0.27730948,0.03519642,0.1428467,0.68803906,0.41199964,-0.056610424,-0.030048229,0.5606348,0.07611695,0.17838055,0.66790915,0.16472168,0.21832022,0.4679898,0.108758986,0.073025,0.124340594,0.45153925
@carmudiID,0.085509256,-0.022919381,0.01854356,-0.041251834,-0.03197923,-0.025082268,0.03683251,0.9739907,-0.008749517,-0.002569122,0.021343758,-0.022262733,-0.00469821,-0.0380241,-0.039275475,0.08288768,0.13142474,0.042562447,-0.05753935,-0.05561178,0.0060016364,0.9862064,0.10730928,0.034604624,0.0845501,0.8933396,-0.051475488,-0.059796605,0.09633268,-0.010711355,-0.034824707,0.082440384,0.033533398,0.024360454,-0.04672409,0.053125158,0.007936195,-0.11208063,0.015301231,-0.04284162,0.0047440813,0.9867883,0.036735184,-0.0030435398,-0.026466075,-0.023732198,-0.032443453,0.024103194,0.9292251,-0.03322892,-0.03334052,0.96956384,-0.033731226,-0.101619914,0.0901007,-0.061754026,-0.019356703,-0.044740193,0.012211548,-0.02774692,-0.03964052,0.112816066,-0.07754038,-0.028239321,-0.024258781,-0.015335895,0.0116690025,0.08008178,-0.041558906,-0.11448275,0.03891577,0.66741097,1.0,0.02211781,-0.03542367,-0.04615031,-0.0005881055,0.009658221,-0.015340885,-0.04523752,0.968156,-0.0232146,0.03585483,-0.056374937,0.017740319,0.97337186,-0.09241466,-0.07703914,0.03519659,-0.010921119,-0.016827814,0.0071846596,0.98377943,-0.039800026,-0.020942219,0.019230034,-0.0400121,-0.045791566,-0.021637408,0.0965566
@corbuzier,0.0097488705,0.009735808,-0.060781665,0.054422315,0.09721817,0.7983717,-0.009403955,0.020764412,-0.0079657445,0.22691922,-0.060526256,0.06809552,-0.045982398,-0.024582641,0.0065306257,-0.05423473,-0.06821927,0.18318333,0.052804586,0.031177076,0.12971736,0.049699444,0.047170106,-0.104520455,-0.042701114,0.071367145,0.3035596,0.11250706,-0.09356622,0.014489325,0.07555283,-0.071638376,-0.074779354,-0.075510815,0.3617826,0.22508946,0.11878309,-0.084604144,0.9570873,0.39458892,-0.07424734,-0.018144585,-0.12449477,0.08602794,0.05914627,0.04439387,-0.08518657,-0.06603412,0.0060788016,0.044248022,-0.018296994,0.02936603,-0.061978884,-0.006646864,-0.09215995,-0.054273263,0.9122095,-0.05410034,0.9550853,0.33044064,0.3036736,-0.05295524,-0.032250315,0.4776383,0.06907044,0.9500551,0.3645001,-0.07080882,0.42565563,-0.064971514,-0.07001423,0.512526,0.02211781,1.0000002,0.0283319,-0.010055153,0.5608638,-0.14359745,0.22882193,0.6647837,0.043780297,-0.07468389,0.090038225,-0.094375476,-0.101756066,0.11968531,0.26806492,-0.032417905,-0.102839455,0.9222019,0.028489627,-0.123663396,0.020489307,0.030991893,-0.049053196,0.9673513,-0.039246432,-0.031627126,-0.020423159,0.51431745
@deHakims,0.12477052,0.946138,0.16019543,-0.09107393,0.16558063,0.16406661,0.8501085,-0.07904851,0.9352211,-0.04774021,0.060938526,0.028225692,-0.10080607,-0.0496376,-0.11196871,-0.10561181,-0.09767354,-0.13820864,0.90612197,0.8784137,0.060856067,-0.048104968,0.28418094,-0.097083054,-0.0682852,0.02885862,0.010918324,-0.050868206,-0.12883429,0.028493067,-0.09225058,-0.10153872,0.105627425,0.040464617,0.12831949,0.7746111,-0.041665398,-0.087577514,0.09623991,0.023871534,0.06536742,-0.03704989,0.076722175,0.0007247394,-0.09184556,-0.092056565,-0.07560318,0.07706583,0.033881526,-0.07039322,-0.10446964,-0.08510166,0.9107437,-0.11248609,-0.114641786,-0.03800943,0.1422067,-0.07823205,0.100315094,0.0023315242,0.026790932,-0.08820419,-0.09621375,0.10198426,-0.09146566,0.11805913,0.25528353,-0.10252571,-0.058469895,-0.08305004,0.8676666,-0.017153967,-0.03542367,0.0283319,1.0,0.98597723,-0.10378884,0.12483625,0.0047677914,0.1338771,-0.039831486,-0.08448257,0.1074259,-0.087942675,-0.14699794,-0.07950081,0.024018735,-0.07921594,-0.104383215,0.08571176,-0.049467973,0.06434697,-0.036140338,0.014763014,0.089860946,0.11026654,-0.056655683,-0.08426248,-0.11056914,-0.08562629
@deHakimsAviaryIrfanHakim,0.11302842,0.9532665,0.13715078,-0.085615516,0.1564476,0.13326843,0.85618424,-0.08578998,0.9357127,-0.05489273,0.04248624,0.01113749,-0.08416538,-0.03433469,-0.10664965,-0.07018038,-0.06682089,-0.14129642,0.9203968,0.90756786,0.037480984,-0.059114538,0.24506809,-0.059237763,-0.039708536,0.0022607925,-0.00290348,-0.060354285,-0.09197084,0.009981494,-0.08644232,-0.06664892,0.08674915,0.02300333,0.105531365,0.7630996,-0.060815483,-0.076684706,0.054165013,0.0034511704,0.046073522,-0.04572135,0.061341014,-0.014708863,-0.086652815,-0.08679049,-0.05940126,0.05790068,0.021089492,-0.06667526,-0.09064419,-0.0920533,0.926839,-0.105756655,-0.078835264,-0.037914246,0.105266124,-0.06965879,0.064758435,-0.0128498245,0.011799964,-0.05688864,-0.089274004,0.07860653,-0.087659754,0.0742123,0.21369985,-0.067289695,-0.06903836,-0.07377182,0.88349485,-0.058178872,-0.04615031,-0.010055153,0.98597723,0.99999976,-0.12260716,0.10819258,-0.005913336,0.09243511,-0.051278412,-0.06728223,0.082821175,-0.06957132,-0.133353,-0.08898912,0.003915429,-0.073362425,-0.06690098,0.039534364,-0.043835785,0.04956483,-0.048838068,-0.00228634,0.07087411,0.066991925,-0.03972343,-0.0677279,-0.09279193,-0.10929771
@dennycaknan6996,0.062695265,-0.101623625,-0.014917004,0.77432156,-0.05331689,0.5681589,-0.0896167,0.020243157,-0.06627666,0.03871412,0.018678434,0.11222887,-0.058732152,-0.0434135,-0.10186425,-0.025784574,-0.046129942,0.86425996,-0.05388473,-0.08651103,0.18091485,0.036840275,0.099512205,-0.043959327,-0.007401809,0.031732842,0.095304355,0.0313191,-0.04642411,0.112809315,0.7765156,-0.014966564,0.014278142,0.0120192,0.09019591,0.16885424,0.24019235,-0.13973758,0.49770814,0.13102017,0.0015457142,-0.01621056,0.01279939,0.19202603,0.7783305,0.7649931,-0.074116185,0.02677644,-0.10916652,0.76431346,-0.034273166,0.023033142,-0.11772643,-0.086933106,-0.046442896,-0.125783,0.47270602,-0.12839119,0.4689241,0.09578106,0.08368075,-0.0036686044,-0.09827142,0.17237945,0.77488375,0.5114988,0.20581359,-0.014261944,0.14479849,-0.12788294,-0.12723938,0.38144484,-0.0005881055,0.5608638,-0.10378884,-0.12260716,0.9999999,-0.020389002,0.050737392,0.69803643,-0.008117685,-0.06283927,0.13273472,-0.0755487,-0.09151007,0.071284264,0.03559122,-0.104974836,-0.042367894,0.5284623,0.7376826,0.037272412,0.01784121,0.15392096,0.021093803,0.52858436,-0.06857228,-0.036370944,-0.029140478,0.5537878
@farida.nurhan,0.17485353,0.15606096,0.9750689,-0.038134634,0.08037728,0.09399964,0.32721305,-0.037327114,0.21081421,0.081848904,0.96596533,-0.04558249,0.019230809,0.049104735,-0.0017629825,-0.020489529,0.07053741,-0.016622089,0.04197558,0.028050438,0.01707353,-0.02824101,0.34653598,-0.005090365,0.0066012554,0.08442351,0.13411424,-0.0033282023,-0.015953109,0.01584268,-0.046592746,-0.027629472,0.9768504,0.9593089,0.12588891,0.16320382,-0.023167208,0.0027674697,-0.0316346,0.110357046,0.9620466,0.014484709,0.9771143,-0.0031137448,-0.030868156,-0.050574422,0.024392629,0.96800506,-0.009880101,-0.028673932,0.025222065,-0.041949518,0.17363876,0.0036261696,-0.011518573,0.045328878,0.01882385,-0.0034588277,-0.07658776,0.118376225,0.14163968,-0.008440111,-0.0004016254,0.18700054,-0.05267516,0.008677931,0.09470906,-0.03234419,0.10125767,0.0053884313,0.16757008,0.16378352,0.009658221,-0.14359745,0.12483625,0.10819258,-0.020389002,1.0,0.18011701,0.24931322,-0.016628912,0.021067139,0.031736217,0.016437145,0.03381787,-0.060938597,0.37057474,0.02101361,-0.0061733034,0.025848987,-0.016010089,0.96634704,0.010787851,0.012972085,0.96771306,-0.14362535,0.03614977,0.01495547,0.03763313,-0.07858087
@felicia.tjiasaka,0.23567444,0.029979497,0.22568686,-0.038400844,-0.01881333,0.3897313,0.07646581,-0.058204554,0.0057393955,0.93491894,0.18915945,0.047661558,0.3781911,0.35407373,0.057509452,0.11917988,0.14770907,-0.062396947,0.07217649,0.10584086,0.1251481,-0.0596904,0.13345015,0.080366574,0.12685555,0.061435398,0.96312225,-0.038152736,0.13639599,0.04940007,-0.021574853,0.09148078,0.16403793,0.22590058,0.92087543,0.09817669,0.051919565,-0.013363271,0.20535257,0.9388232,0.23972821,-0.01858363,0.16332993,0.08934838,-0.0308607,-0.05402072,0.34034657,0.1900879,-0.021478457,-0.039316386,0.24674377,-0.039613828,-0.03391828,0.09095781,0.1055724,-0.008570319,0.24444507,-0.03831823,0.17763796,0.96766424,0.9575319,0.1217116,-0.021078069,0.81206715,-0.029504705,0.26132208,0.39884204,0.087120794,0.8703551,-0.017195977,0.023973988,0.4443987,-0.015340885,0.22882193,0.0047677914,-0.005913336,0.050737392,0.18011701,0.99999964,0.31136203,-0.081756495,0.24648282,0.08431904,0.23052251,0.30276412,-0.034870464,0.8234476,0.033281133,0.09653745,0.3625902,-0.040630307,0.13305052,-0.036838926,0.037054356,0.24648172,0.15252672,0.34448683,0.23901778,0.28218788,0.0687328
@indomusikgram,0.3787587,0.13478121,0.29149514,0.3390947,0.022056349,0.81863725,0.19106896,-0.08052378,0.17727202,0.24636519,0.2872435,0.32818535,-0.14633626,-0.123908594,-0.1223564,0.0038967915,0.027510561,0.47338676,0.1306091,0.08563156,0.42633456,-0.032754842,0.47426814,-0.029830825,0.060461447,0.09552191,0.365279,0.049553033,-0.037636705,0.29359782,0.33585638,0.0021946859,0.273243,0.28932518,0.38796827,0.43724945,0.3874819,-0.17752725,0.6846743,0.39389282,0.30431187,-0.08266422,0.24361613,0.37465018,0.34598297,0.324362,-0.16213371,0.29662806,-0.1124077,0.34537977,-0.13384801,-0.079955086,0.07803559,-0.11996278,-0.023762792,-0.10127351,0.6716862,-0.15575856,0.6420336,0.3527453,0.3490922,0.05021182,-0.13143349,0.55374634,0.34882316,0.7302237,0.5995662,-0.013653293,0.38134342,-0.1621933,0.06191939,0.53235453,-0.04523752,0.6647837,0.1338771,0.09243511,0.69803643,0.24931322,0.31136203,1.0,-0.06968333,-0.18171743,0.38907647,-0.19571707,-0.17421097,0.0010338703,0.46120185,-0.12876041,-0.024522904,0.7240398,0.31061202,0.24670476,-0.032035027,0.336222,0.32695335,0.61755764,-0.14940813,-0.15907341,-0.12480952,0.57512146
@iwanbanaranblog,0.03502847,-0.03898988,-0.0065864064,-0.055621766,0.04616322,-0.03801699,0.009299674,0.9784169,-0.027786631,-0.05809401,-0.005529915,-0.05343508,-0.048269413,-0.0752628,0.061385747,0.0542941,0.0958984,0.040283248,-0.07825813,-0.07958852,-0.04539286,0.9765753,0.06696011,0.006432126,0.049429227,0.884766,-0.10524143,0.03483271,0.06351076,-0.058655176,-0.047268096,0.052066896,0.0071078115,-0.008565825,-0.09732437,0.016194936,-0.034994256,-0.016433548,0.03768252,-0.09129578,-0.027096875,0.964482,0.007874837,-0.052677967,-0.04005646,-0.038511306,-0.072758645,-0.003959071,0.9438034,-0.047077484,-0.052923463,0.97435975,-0.049714863,-0.008853711,0.059345283,0.033328,0.008361735,0.0634058,0.04465227,-0.08275178,-0.092192896,0.07682707,0.017241322,-0.06855712,-0.040095232,0.011793028,-0.02760231,0.052337706,-0.08022709,-0.019035667,0.008564485,0.63185036,0.968156,0.043780297,-0.039831486,-0.051278412,-0.008117685,-0.016628912,-0.081756495,-0.06968333,1.0,-0.054852925,-0.006928915,-0.08492249,0.0024229344,0.96949047,-0.1352993,0.014704071,0.004836996,0.0002073138,-0.030953938,-0.011156536,0.97324765,-0.08445137,-0.047777787,0.051888485,-0.07220377,-0.072052345,-0.049160175,0.13158917
@kompastv,-0.17466202,-0.07541935,0.023999553,0.0120578855,0.029447172,-0.06935823,0.032187335,-0.008228721,-0.10809134,0.2891691,0.011771599,-0.22280438,0.9733423,0.9829195,-0.026792753,-0.016706679,-0.014384319,-0.041744888,-0.04476411,0.035090644,-0.18021864,-0.03826038,-0.23705465,-0.012663407,-0.0534921,-0.06346387,0.20247519,-0.06439403,0.033509642,-0.112628564,0.0067965053,-0.04058966,0.02309682,0.024091937,0.15362439,-0.087838605,-0.16877407,-0.04398207,-0.06924684,0.24649695,-0.0022361744,0.011915226,0.03408586,-0.12857331,0.0023376537,-0.01623666,0.970928,-0.0011063963,-0.014282394,-0.0072013936,0.95976853,0.012715406,-0.021222062,0.036253236,0.0020954367,-0.12356329,-0.06551053,-0.076326534,-0.112752914,0.22731808,0.19036308,-0.059206877,-0.051803626,0.16441682,0.003879389,-0.09006419,-0.096846506,-0.015315596,0.3518148,-0.049609363,0.054481015,0.07392661,-0.0232146,-0.07468389,-0.08448257,-0.06728223,-0.06283927,0.021067139,0.24648282,-0.18171743,-0.054852925,0.9999999,-0.19227448,0.9913546,0.9085096,-0.040236995,0.085320495,-0.014792552,-0.010965631,-0.02639991,-0.004995748,0.040496442,-0.059580438,-0.16681947,0.0143639315,-0.05185407,0.9853687,0.99127614,0.97648364,-0.23696586
@letdahyper,0.8963571,0.1357935,0.022799462,-0.07087532,0.110512644,0.21332207,0.27045965,-0.016813705,0.16265196,0.09377331,0.033460047,0.9370043,-0.17667001,-0.19753462,-0.07610114,0.1977078,0.19487733,0.08244132,0.093006894,0.0418636,0.9788475,0.048677284,0.8888464,0.19103277,0.29442036,0.32446536,0.07746425,0.19884098,0.17472987,0.9544331,-0.1018288,0.23903596,0.030184155,0.04945633,0.07180599,0.49385202,0.94778204,-0.050694052,0.095416315,0.05213084,0.06735889,0.02319509,0.021334214,0.95713973,-0.082053766,-0.058389336,-0.14777686,0.047361292,0.004347697,-0.03616112,-0.1925808,-0.03234724,0.13530406,-0.07570333,0.20268264,0.015828326,-0.044736695,-0.042403817,0.01104555,0.044666052,0.041183732,0.30752122,-0.0385961,0.25566494,-0.0651102,0.07924719,0.8647132,0.17340037,0.056365058,-0.039223164,0.17947084,0.27730948,0.03585483,0.090038225,0.1074259,0.082821175,0.13273472,0.031736217,0.08431904,0.38907647,-0.006928915,-0.19227448,1.0,-0.18864158,-0.08963865,0.045409083,0.14566927,-0.05568242,0.19620916,0.096403465,-0.09810316,0.03316492,0.039627317,0.94682395,0.036575265,0.019894993,-0.20671976,-0.20992708,-0.1947505,0.40838158
@liputan6_news,-0.1705295,-0.082774684,0.018059973,0.011816068,0.029121375,-0.09326925,0.018798707,-0.036964994,-0.11422983,0.275278,0.006981626,-0.2130073,0.9633331,0.97503567,-0.017948806,-0.0065795016,-0.0077053723,-0.048363898,-0.049000017,0.02827565,-0.17511623,-0.069635205,-0.23879465,0.0005067871,-0.04293595,-0.09923248,0.18805534,-0.05806726,0.04204506,-0.10409714,0.008159706,-0.029294979,0.016358571,0.018376436,0.14045344,-0.09984873,-0.16266647,-0.029153546,-0.087683715,0.23145577,-0.005792385,-0.021716334,0.027980482,-0.12297171,0.0015197973,-0.017167795,0.9627068,-0.0055474252,-0.042288914,-0.008263798,0.9515956,-0.01801568,-0.028295485,0.048911043,0.011428188,-0.115598485,-0.08558497,-0.066049725,-0.13126364,0.21190545,0.1773575,-0.0496822,-0.038382627,0.14682055,0.0027114213,-0.10901067,-0.104126304,-0.004826274,0.33681178,-0.03464733,0.041259732,0.03519642,-0.056374937,-0.094375476,-0.087942675,-0.06957132,-0.0755487,0.016437145,0.23052251,-0.19571707,-0.08492249,0.9913546,-0.18864158,1.0,0.90384305,-0.06969621,0.07124954,-0.0046882303,0.0018781852,-0.041565634,-0.0050330264,0.036899295,-0.091338925,-0.15787424,0.009370868,-0.07190606,0.9806695,0.98481005,0.97392476,-0.24698114
@metrotvnews,-0.06829944,-0.13921243,0.024121473,-0.012635348,0.22252285,-0.07354249,-0.0066247024,0.05073611,-0.1690077,0.35569775,0.0119592855,-0.099538386,0.90136033,0.9032024,0.2302528,-0.0438,-0.043688044,-0.031951565,-0.118795216,-0.04949523,-0.07622813,0.011329507,-0.13943121,-0.040158093,-0.07819766,0.059386738,0.2767387,0.20253715,0.011501995,-0.020742388,-0.024888426,-0.06421613,0.019111939,0.02902195,0.19358256,-0.123415954,-0.04578583,0.20176044,-0.116597086,0.29384735,0.006727473,0.07039491,0.0429591,-0.019772258,-0.02963676,-0.042395838,0.92499584,-0.00030162837,0.04332462,-0.031840343,0.9306133,0.072807744,-0.08845128,0.2926337,-0.02391114,0.12520117,-0.11468184,0.18459046,-0.15884787,0.28326207,0.25053975,-0.07328376,0.21542065,0.24140388,-0.0228418,-0.113838464,7.295702e-05,-0.04685404,0.41204846,0.19113727,-0.0013845125,0.1428467,0.017740319,-0.101756066,-0.14699794,-0.133353,-0.09151007,0.03381787,0.30276412,-0.17421097,0.0024229344,0.9085096,-0.08963865,0.90384305,1.0000007,0.008642623,0.16070312,0.2376824,-0.039978713,-0.06012286,-0.036516655,0.058526218,0.001310268,-0.06932739,0.018353887,-0.109229475,0.90854895,0.89216673,0.92621994,-0.08057673
@motomobitv,0.08413009,-0.070098236,-0.04643985,-0.020423677,-0.019976404,0.02944753,-0.018680189,0.9822233,-0.061051823,-0.0052746683,-0.036928713,-0.0057226866,-0.019352745,-0.055737637,-0.005975742,0.14681505,0.1827707,0.08315382,-0.091809474,-0.08966781,0.022781163,0.987349,0.07739799,0.09426286,0.1437622,0.88254744,-0.057277955,-0.018324971,0.15518242,-0.007596731,-0.010146602,0.14551228,-0.02877358,-0.0359876,-0.053354234,0.033695526,0.028571703,-0.08494093,0.10410404,-0.039442513,-0.057067797,0.9632224,-0.03347574,0.012617759,-0.0045512337,-0.002828784,-0.053336106,-0.036756523,0.92215073,-0.017422196,-0.041456796,0.97707915,-0.08475727,-0.069793075,0.15084036,-0.041687664,0.05476325,-0.01170561,0.1018415,-0.031623144,-0.04868894,0.17287463,-0.046340015,-0.0149300415,-0.0028642314,0.06170391,0.030705597,0.14610083,-0.01571798,-0.08776729,-0.021049343,0.68803906,0.97337186,0.11968531,-0.07950081,-0.08898912,0.071284264,-0.060938597,-0.034870464,0.0010338703,0.96949047,-0.040236995,0.045409083,-0.06969621,0.008642623,1.0,-0.10417062,-0.053706884,0.09261158,0.06817682,-0.006190446,-0.051629797,0.9702127,-0.03361757,-0.07531369,0.11085314,-0.055655643,-0.05482797,-0.02578399,0.1727267
@nihongomantappu,0.31589866,0.03715947,0.4354933,-0.12609383,0.006308669,0.51041037,0.10104807,-0.14309502,0.0049608443,0.76930976,0.39313167,0.117349625,0.18173295,0.17693144,0.0936871,0.11691219,0.16539533,-0.10998419,0.021777604,0.053863034,0.18690917,-0.13379435,0.24394724,0.075346395,0.13374443,0.019667864,0.8471547,0.011419587,0.1150649,0.07728532,-0.11054325,0.08461605,0.35304987,0.43984735,0.7867855,0.1043167,0.08934593,0.031055484,0.28781024,0.80046266,0.46045816,-0.10917269,0.34388956,0.12779441,-0.11283393,-0.1382535,0.15791576,0.39000672,-0.05985677,-0.12569416,0.11259696,-0.13004911,-0.039179824,0.1073288,0.09806697,0.074207835,0.3573272,0.012821406,0.27040088,0.8193618,0.82317483,0.12230776,0.02241289,0.82797563,-0.11958431,0.36299807,0.46940374,0.07011456,0.79440725,0.028884739,-0.014117273,0.41199964,-0.09241466,0.26806492,0.024018735,0.003915429,0.03559122,0.37057474,0.8234476,0.46120185,-0.1352993,0.085320495,0.14566927,0.07124954,0.16070312,-0.10417062,1.0000004,0.0646834,0.094024055,0.40269148,-0.13509282,0.30639398,-0.10031502,0.087109916,0.47114718,0.19433641,0.16656509,0.085620284,0.13670307,0.13085073
@officialbaliunited,-0.031193035,-0.09153435,-0.0005427068,-0.047570936,0.80146384,-0.07232088,-0.06732662,-0.004397938,-0.09625229,0.056554288,-0.014712867,0.03885413,-0.038927823,-0.012563506,0.9400078,-0.13538137,-0.15119597,-0.013448955,-0.09886203,-0.10926601,-0.0740483,-0.059604734,-0.029336229,-0.117736004,-0.1506685,0.03498329,0.07277147,0.8878082,-0.12793195,-0.066042215,-0.06348315,-0.13589294,-0.012983538,-0.021326581,0.034169376,-0.16931969,-0.0015255995,0.9645735,-0.057191405,0.046992447,-0.013333444,-0.036441714,0.011058191,-0.053039767,-0.0669164,-0.06407929,0.006279993,-0.021169687,0.0002074549,-0.06016284,0.09093867,0.00028674863,-0.08043865,0.9692479,-0.13569584,0.9366441,-0.023997635,0.9685147,-0.034138635,0.051353477,0.06789805,-0.14693478,0.96208006,0.06229143,-0.07161134,0.017827934,-0.0058607883,-0.13700525,0.105080634,0.9608112,-0.07974494,-0.056610424,-0.07703914,-0.032417905,-0.07921594,-0.073362425,-0.104974836,0.02101361,0.033281133,-0.12876041,0.014704071,-0.014792552,-0.05568242,-0.0046882303,0.2376824,-0.053706884,0.0646834,1.0,-0.12649636,-0.03502406,-0.048856035,0.038458824,-0.03381772,-0.053064734,-0.0028450638,-0.052784167,0.013644483,-0.00081621157,0.019811045,0.31500292
@projectreview,0.40246192,-0.09825383,-0.0012705885,-0.043945916,-0.22048238,-0.07573143,-0.06439738,0.012362825,-0.11039841,0.16518533,0.031135961,0.1983105,0.02882274,-0.03669772,-0.12355942,0.9925493,0.9768668,-0.024997717,-0.10584538,-0.07323113,0.24217677,0.048546057,0.093259916,0.9964534,0.98425347,0.0021106633,0.043474734,-0.17970079,0.9887989,0.16838369,-0.02806452,0.99355996,-0.0018210765,0.048491392,-0.008977216,-0.06119746,0.14934942,-0.06907928,-0.096185304,-0.010163061,0.05845372,0.011117106,-0.009730076,0.19671261,-0.023419889,-0.027702887,-0.0065956833,0.02171201,0.13641775,-0.060647525,-0.050172016,-0.011762223,-0.089854136,-0.12220479,0.9939152,-0.13133754,-0.15577191,-0.10641772,-0.10029322,0.03652221,0.02514308,0.9831821,-0.118476525,0.02821594,-0.040934045,-0.16302757,0.10960759,0.9916258,0.0936516,-0.07899688,-0.089781106,-0.030048229,0.03519659,-0.102839455,-0.104383215,-0.06690098,-0.042367894,-0.0061733034,0.09653745,-0.024522904,0.004836996,-0.010965631,0.19620916,0.0018781852,-0.039978713,0.09261158,0.094024055,-0.12649636,1.0,-0.12008746,-0.056674797,-0.03010725,0.0001353643,0.14719509,0.025982643,-0.15053762,-0.020859884,-0.0147439055,0.0079340115,-0.057699997
@radityadika,0.051066257,0.075818956,0.11380391,0.050216552,0.097221375,0.7811831,0.07464059,-0.019670464,0.06831994,0.3344416,0.10625691,0.038355835,0.009604976,0.048071213,-0.00084989145,-0.078051254,-0.072009325,0.16556138,0.12299072,0.10062769,0.12998028,0.010293074,0.1207365,-0.12206073,-0.05347023,0.06031934,0.43296307,0.08506527,-0.11385479,0.017534913,0.07191138,-0.0972893,0.09534145,0.09644343,0.5092483,0.2976599,0.096706495,-0.09718372,0.94676065,0.53127784,0.09514188,-0.052501753,0.048045725,0.07888952,0.054874428,0.029773332,-0.028905995,0.10590489,-0.04089935,0.045681473,0.0260728,-0.010112284,0.0012161497,0.004084341,-0.11301202,-0.053096022,0.90490115,-0.07127319,0.897949,0.4609673,0.44280636,-0.07455219,-0.043843914,0.5727687,0.06309809,0.9410492,0.42771292,-0.09226247,0.5241411,-0.07728882,-0.013471914,0.5606348,-0.010921119,0.9222019,0.08571176,0.039534364,0.5284623,0.025848987,0.3625902,0.7240398,0.0002073138,-0.02639991,0.096403465,-0.041565634,-0.06012286,0.06817682,0.40269148,-0.03502406,-0.12008746,1.0000002,0.03159409,0.050707832,-0.0070208,0.019833637,0.13238546,0.91208375,0.027168028,0.015110081,0.034154605,0.4238648
@raisa6690,-0.11615804,-0.055274554,-0.059979483,0.9853493,-0.11413641,0.17123075,-0.093454614,0.016232928,0.001821375,-0.05984105,-0.048532866,-0.09772095,-0.012962237,0.002774339,-0.06994166,-0.06883254,-0.09042174,0.8987615,0.008289362,-0.013487156,-0.07592215,0.0020101438,-0.08130994,-0.056941967,-0.06692064,-0.074203424,-0.017036576,-0.043594107,-0.066807136,-0.06584261,0.98315716,-0.050600633,-0.04031038,-0.046062727,-0.037425585,0.027612196,6.585952e-05,-0.06046131,-0.043756463,-0.027195245,-0.056579705,-0.0040360563,0.00034588668,-0.03720195,0.98680377,0.9818225,-0.00903549,-0.03274952,-0.11978237,0.9833089,-0.013524972,0.019636061,-0.037188336,-0.037464853,-0.076514825,-0.083740935,0.012851296,-0.07392621,-0.03754443,-0.026254486,-0.016483063,-0.06245656,-0.057305735,-0.11747932,0.9840406,-0.003922669,-0.12435365,-0.037028756,-0.06714642,-0.061684124,-0.054483198,0.07611695,-0.016827814,0.028489627,-0.049467973,-0.043835785,0.7376826,-0.016010089,-0.040630307,0.31061202,-0.030953938,-0.004995748,-0.09810316,-0.0050330264,-0.036516655,-0.006190446,-0.13509282,-0.048856035,-0.056674797,0.03159409,1.0000002,0.026750268,0.007288345,-0.032082006,-0.043167047,0.03214529,-0.015757004,0.0026218984,-0.0073437453,0.26675406
@riasukmawijaya,0.14748505,0.09657044,0.94759613,0.007029659,0.086902946,0.07242075,0.26902378,-0.025568303,0.15232822,0.04732974,0.9552474,-0.04946533,0.028101286,0.06631012,0.019963533,-0.044312518,0.039253116,0.045935426,-0.00043444877,-0.011890122,0.01990141,-0.020345097,0.32271898,-0.025473032,-0.020117253,0.0872614,0.094921075,0.028637301,-0.038123675,0.029082568,0.0002234662,-0.04914326,0.96773523,0.9483105,0.08597041,0.13562888,-0.003944045,0.020078499,-0.019991886,0.081711926,0.93453485,0.01553132,0.980126,0.008725984,0.014616273,-0.006876679,0.039661933,0.96079934,-0.02577333,0.016739918,0.051636156,-0.031231057,0.12290167,0.02927675,-0.035022356,0.060429446,0.015097622,0.015890498,-0.07452821,0.08139488,0.10173072,-0.033231787,0.026057791,0.14773628,-0.007188524,0.0155591555,0.07784974,-0.04965596,0.07720111,0.02421635,0.116331175,0.17838055,0.0071846596,-0.123663396,0.06434697,0.04956483,0.037272412,0.96634704,0.13305052,0.24670476,-0.011156536,0.040496442,0.03316492,0.036899295,0.058526218,-0.051629797,0.30639398,0.038458824,-0.03010725,0.050707832,0.026750268,1.0,0.015528681,0.018856086,0.94399285,-0.122649714,0.04948379,0.03579887,0.06148959,-0.053429954
@ridwanhr,0.08177593,-0.022385797,0.016655937,-0.01796267,-0.002188,-0.023075651,0.028214412,0.9795436,-0.006921812,-0.023814702,0.02023054,-0.013981124,-0.044456538,-0.07209083,0.00957519,0.04655517,0.09169793,0.072496,-0.061643485,-0.06497264,0.005574554,0.9854711,0.11730152,0.0005696186,0.049119025,0.9005993,-0.06313062,-0.0097956415,0.056669746,-0.008926954,-0.012626647,0.047490284,0.03323199,0.02213404,-0.059579387,0.052885734,0.013745366,-0.066547096,0.016695954,-0.05593542,0.0029249704,0.97766036,0.03965251,-0.0009631105,-0.0038937815,-0.0014368354,-0.06826922,0.024644366,0.9145318,-0.008082784,-0.060905922,0.9769577,-0.036826823,-0.0556413,0.05292441,-0.00978867,-0.014358238,0.0054506576,0.012577467,-0.043367445,-0.052174035,0.07848737,-0.030218393,-0.033891335,-0.0017965448,-0.009334859,0.013941135,0.0449759,-0.058452282,-0.0707446,0.026457384,0.66790915,0.98377943,0.020489307,-0.036140338,-0.048838068,0.01784121,0.010787851,-0.036838926,-0.032035027,0.97324765,-0.059580438,0.039627317,-0.091338925,0.001310268,0.9702127,-0.10031502,-0.03381772,0.0001353643,-0.0070208,0.007288345,0.015528681,1.0000002,-0.03437523,-0.01820105,0.018034203,-0.07415362,-0.081036344,-0.055153254,0.13560626
@rrq_lemon,0.844281,0.04359655,-0.012362278,0.0029597247,0.06561221,0.16904145,0.16362426,-0.08086553,0.073509626,0.04912653,0.009120349,0.9463705,-0.15656123,-0.18005314,-0.06899678,0.13882512,0.12706801,0.13784115,0.011608818,-0.038675953,0.9489149,-0.029637467,0.81322694,0.13971655,0.22884801,0.21328494,0.032498665,0.19466132,0.12100884,0.9670297,-0.029940221,0.1821223,0.0037930869,0.02297708,0.014090805,0.38989136,0.9517379,-0.03542855,0.020669479,0.0044508055,0.039779402,-0.051492162,0.0006981492,0.9565636,-0.013600126,0.01570384,-0.12696777,0.022619128,-0.09191021,0.034713227,-0.17434517,-0.09347749,0.05817807,-0.07056119,0.14756392,0.018093262,-0.10489422,-0.036900707,-0.057521842,-0.002254013,-0.003947217,0.24287036,-0.02976247,0.18442318,0.0036250083,0.0066745337,0.7791182,0.116498195,0.012760643,-0.024076302,0.091320306,0.16472168,-0.039800026,0.030991893,0.014763014,-0.00228634,0.15392096,0.012972085,0.037054356,0.336222,-0.08445137,-0.16681947,0.94682395,-0.15787424,-0.06932739,-0.03361757,0.087109916,-0.053064734,0.14719509,0.019833637,-0.032082006,0.018856086,-0.03437523,1.0,0.008892658,-0.04902243,-0.18798487,-0.18461373,-0.17077708,0.3996463
@tanboykun,0.18853536,0.11809481,0.9829981,-0.058170974,0.03403362,0.17340288,0.27456853,-0.06743452,0.16094933,0.14834253,0.98455316,-0.047324203,0.022860678,0.051148176,-0.01999486,0.016241468,0.10996301,-0.026835421,0.018641578,0.012807848,0.03475789,-0.05451405,0.3340391,0.023664227,0.044778235,0.052951127,0.2084657,-0.028524032,0.0155545175,0.013460541,-0.060759984,0.0045334715,0.97857225,0.9846196,0.20155999,0.15658909,-0.019481093,-0.024972932,0.06802528,0.19064772,0.9861359,-0.028024655,0.958961,0.0039414447,-0.048233893,-0.07181823,0.015979312,0.98348916,-0.03918912,-0.050949555,0.026197908,-0.071778715,0.11900674,-0.012884061,0.020688493,0.01841152,0.11580534,-0.0318285,0.018659726,0.1943904,0.21477991,0.026037868,-0.022494838,0.27562338,-0.06913154,0.10638142,0.13840011,-0.000471564,0.18599692,-0.023327274,0.10498282,0.21832022,-0.020942219,-0.049053196,0.089860946,0.07087411,0.021093803,0.96771306,0.24648172,0.32695335,-0.047777787,0.0143639315,0.036575265,0.009370868,0.018353887,-0.07531369,0.47114718,-0.0028450638,0.025982643,0.13238546,-0.043167047,0.94399285,-0.01820105,0.008892658,0.9999998,-0.055814065,0.03754036,0.014697084,0.043129086,-0.05191824
@taulany_tv,-0.07810865,0.07234095,-0.05319159,0.05023079,0.10739359,0.76130986,0.04279422,0.022830715,0.057001654,0.14661786,-0.065450296,-0.00930324,-0.036981218,-0.0038529327,-0.016976656,-0.10425523,-0.115762964,0.16721228,0.115578905,0.09143737,0.046243265,0.050817326,-0.0023113228,-0.14872149,-0.0950194,0.05453518,0.22605184,0.08797388,-0.14349067,-0.0571339,0.07166474,-0.12366694,-0.07271995,-0.08404057,0.30114824,0.25572738,0.027869925,-0.10680102,0.9502106,0.326964,-0.087103024,-0.018535791,-0.12482959,-0.0010052109,0.055954527,0.03911124,-0.07231797,-0.07172802,0.016441261,0.042966392,0.0010958128,0.031183975,0.005724131,-0.0302672,-0.14036582,-0.07243123,0.922025,-0.070286036,0.9480767,0.2564096,0.23251146,-0.112057015,-0.0533828,0.3995229,0.06700846,0.94148165,0.29459286,-0.1150116,0.35112813,-0.08687096,-0.010525058,0.4679898,0.019230034,0.9673513,0.11026654,0.066991925,0.52858436,-0.14362535,0.15252672,0.61755764,0.051888485,-0.05185407,0.019894993,-0.07190606,-0.109229475,0.11085314,0.19433641,-0.052784167,-0.15053762,0.91208375,0.03214529,-0.122649714,0.018034203,-0.04902243,-0.055814065,0.9999999,-0.019227821,-0.0053307684,-0.006298117,0.4377056
@tempovideochannel,-0.17437674,-0.04595785,0.045719374,-0.0014598137,0.05312655,-0.02575314,0.0565076,-0.024232417,-0.08195398,0.38396463,0.02611843,-0.23941645,0.9827636,0.9940164,0.0012324443,-0.023732355,-0.019599328,-0.061124444,-0.00611293,0.07545173,-0.19292484,-0.057248946,-0.2383948,-0.022702605,-0.061570995,-0.07216465,0.30384973,-0.04803418,0.025740612,-0.1334687,-0.0035046549,-0.051081017,0.03500027,0.040819027,0.25903106,-0.06583308,-0.18839231,-0.019782368,-0.033734564,0.35214728,0.01792104,-0.003178522,0.044382714,-0.14629081,-0.010481665,-0.031649884,0.97494966,0.012982171,-0.026529007,-0.020945244,0.9504292,-0.0022094678,-0.0011824681,0.07288587,-0.008654096,-0.10005702,-0.02065929,-0.054144047,-0.07566634,0.33040398,0.29321077,-0.068107784,-0.029946614,0.25261766,-0.008324796,-0.045951117,-0.06796716,-0.02460466,0.4411503,-0.025253277,0.074552365,0.108758986,-0.0400121,-0.039246432,-0.056655683,-0.03972343,-0.06857228,0.03614977,0.34448683,-0.14940813,-0.07220377,0.9853687,-0.20671976,0.9806695,0.90854895,-0.055655643,0.16656509,0.013644483,-0.020859884,0.027168028,-0.015757004,0.04948379,-0.07415362,-0.18798487,0.03754036,-0.019227821,1.0000002,0.9800422,0.97258246,-0.2312862
@tribunnews,-0.19489962,-0.077762775,0.022701576,0.020873694,0.04781508,-0.040141754,0.026323427,-0.026726779,-0.11077403,0.2820887,0.0114763705,-0.23829618,0.9643152,0.9763621,-0.0108629,-0.019158643,-0.018456357,-0.030477265,-0.04513233,0.033427022,-0.19695857,-0.05835535,-0.2566234,-0.015954887,-0.057872802,-0.089689344,0.19900809,-0.04845342,0.028611004,-0.13190514,0.017257612,-0.044687055,0.021614522,0.02239402,0.1527306,-0.08846854,-0.18320915,-0.030331716,-0.023340877,0.24965632,-0.004383391,-0.01284699,0.028446265,-0.1450008,0.011953484,-0.009231996,0.9602634,-0.002975896,-0.035071082,0.00022013346,0.96191347,-0.0055968845,-0.025570264,0.052034527,-0.0024145145,-0.113030374,-0.022043617,-0.063698865,-0.06552873,0.22593269,0.18802434,-0.06476657,-0.03701003,0.17067531,0.012308566,-0.045448653,-0.10482006,-0.018257074,0.36407506,-0.034983486,0.04486687,0.073025,-0.045791566,-0.031627126,-0.08426248,-0.0677279,-0.036370944,0.01495547,0.23901778,-0.15907341,-0.072052345,0.99127614,-0.20992708,0.98481005,0.89216673,-0.05482797,0.085620284,-0.00081621157,-0.0147439055,0.015110081,0.0026218984,0.03579887,-0.081036344,-0.18461373,0.014697084,-0.0053307684,0.9800422,0.9999998,0.97325027,-0.22129893
@tvOneNews,-0.17134959,-0.10420628,0.04752736,0.014388526,0.05740784,-0.015498757,0.011136319,-0.0012649791,-0.13817635,0.32427603,0.036212433,-0.21813571,0.9579283,0.97123384,0.01448101,0.007758029,0.010995899,-0.027987378,-0.07218243,0.0076675145,-0.17270242,-0.031206543,-0.23698616,0.006173378,-0.032503907,-0.04997862,0.24836966,-0.02493433,0.055542544,-0.118671834,0.011696627,-0.0218462,0.043080904,0.04998663,0.19099903,-0.100740395,-0.16573994,-0.013507862,-0.014737922,0.28998673,0.023529526,0.013022134,0.05337121,-0.12970401,0.005122052,-0.016539881,0.9564749,0.022051975,-0.00044317567,-0.007973202,0.9707873,0.019804835,-0.05664036,0.07898769,0.022432592,-0.09606586,-0.016559094,-0.039864887,-0.06295778,0.27001858,0.23206875,-0.038270734,-0.0052442774,0.22428943,0.00807939,-0.03559345,-0.07346145,0.005509981,0.4098409,-0.020004287,0.01800419,0.124340594,-0.021637408,-0.020423159,-0.11056914,-0.09279193,-0.029140478,0.03763313,0.28218788,-0.12480952,-0.049160175,0.97648364,-0.1947505,0.97392476,0.92621994,-0.02578399,0.13670307,0.019811045,0.0079340115,0.034154605,-0.0073437453,0.06148959,-0.055153254,-0.17077708,0.043129086,-0.006298117,0.97258246,0.97325027,0.9999999,-0.18042003
@ybrap,0.33072704,-0.07016029,-0.07952829,0.31254715,0.35941467,0.5364508,-0.018516053,0.116848424,-0.05091224,0.062837765,-0.060457908,0.44960093,-0.22129105,-0.21773565,0.34104204,-0.027881827,-0.043018524,0.47114024,-0.06471457,-0.11145375,0.4344877,0.1397511,0.35887524,-0.05345851,0.0060109003,0.28426504,0.12535687,0.52621096,-0.054607764,0.35358393,0.28462496,-0.015605967,-0.070017815,-0.062245205,0.10566434,0.2079751,0.48920423,0.2960929,0.4434723,0.13096982,-0.05680218,0.08833315,-0.07883605,0.4274574,0.29077202,0.30373228,-0.22047852,-0.05497951,0.06421022,0.30877185,-0.14208332,0.11629539,-0.1008922,0.31205714,-0.045311578,0.33673692,0.40121883,0.33366072,0.4324007,0.10396738,0.09601212,0.02227323,0.33731067,0.29720584,0.31205207,0.48893592,0.47310913,-0.0423745,0.16309027,0.30270407,-0.08833096,0.45153925,0.0965566,0.51431745,-0.08562629,-0.10929771,0.5537878,-0.07858087,0.0687328,0.57512146,0.13158917,-0.23696586,0.40838158,-0.24698114,-0.08057673,0.1727267,0.13085073,0.31500292,-0.057699997,0.4238648,0.26675406,-0.053429954,0.13560626,0.3996463,-0.05191824,0.4377056,-0.2312862,-0.22129893,-0.18042003,1.0000005
