,@AfifYulistian,@AlshadAhmad,@Anak.Kuliner,@AquariusMusikindo,@ArisSportTv,@AttaHalilintar,@Audrey-A,@AutonetMagz,@BeemzAryo,@BimbelBrilian,@BoengkoesNetwork,@BrandonKentEverything,@CNBC_ID,@CNNIDOFFICIAL,@CoachJustinl28,@DHIARCOM,@DKIDchannel,@Dewa19,@DuniaBinatangLiar,@Dunia_Alam,@DylandPROS,@FitraEri,@FrontaLGaming,@GadgetGaul,@GadgetIn,@GarasiDrift,@HujanTandaTanya,@IBLTV,@JagatReview,@JessNoLimit,@Judika.Entertainment,@K2G,@KUBILER,@Kenandgrat,@KokBisa,@LuckyHakimChannel,@MILYHYA,@MNCTV_Sports,@MajelisLucu,@MalakaProjectid,@MamankKuliner,@Mas-Wahid,@Melkibajaj,@Miawaug,@MusicaStudios,@NagaswaraOfficial,@NarasiNewsroom,@NexCarlos,@OTOMOTIFTV,@OfficialNoahMusic,@OfficialiNews,@Otodriver,@PANJIPETUALANG_REAL,@PSSITV,@PricebookIndonesia,@RCTISports,@RansEntertainment,@SPOTV.Indonesia,@SPROSULEPRODUCTIONS,@SatuPersenIndonesianLifeschool,@SiKutuBuku,@Sobat_HAPE,@SportsChannelIndonesia,@TirtaPengPengPeng,@TrinityOptimaProduction,@VINDES,@WindahBasudara,@YoutuberCupu,@ZeniusEducation,@ZonaJuaraSports,@amarpdchannel,@ariefmuhammaddd,@carmudiID,@corbuzier,@deHakims,@deHakimsAviaryIrfanHakim,@dennycaknan6996,@farida.nurhan,@felicia.tjiasaka,@indomusikgram,@iwanbanaranblog,@kompastv,@letdahyper,@liputan6_news,@metrotvnews,@motomobitv,@nihongomantappu,@officialbaliunited,@projectreview,@radityadika,@raisa6690,@riasukmawijaya,@ridwanhr,@rrq_lemon,@tanboykun,@taulany_tv,@tempovideochannel,@tribunnews,@tvOneNews,@ybrap
@AfifYulistian,0.9999999,0.3244268,0.107637726,-0.013873822,0.0783783,0.3013056,0.31562814,0.21194205,0.34670147,0.09510942,0.09162946,0.8371095,-0.13621397,-0.15052117,-0.075489536,0.46235967,0.46689212,-0.046535734,0.26490718,0.20470569,0.9045352,0.3393627,0.86782634,0.41688246,0.4945638,0.44463044,0.15739913,0.18370411,0.42119092,0.83322173,-0.0961269,0.47716224,0.057359755,0.07718245,0.18468449,0.38545287,0.7890673,-0.10891256,0.36958444,0.10253796,0.1154211,0.22344106,0.1067128,0.84684765,-0.07625816,-0.09072312,-0.11211863,0.09573286,0.27422994,-0.007311081,-0.22566938,0.18389392,0.2736271,-0.10939341,0.435193,-0.119307935,0.23480272,-0.031389587,0.2075064,0.11267866,0.118965074,0.5412455,-0.10124972,0.2905963,-0.030990243,0.2135379,0.89404345,0.42660633,0.20215914,-0.11546209,0.2487507,0.33284205,0.2602904,0.32781225,0.31526136,0.29282475,0.10609821,0.12843676,0.24869844,0.38014495,0.28559473,-0.19433291,0.90328515,-0.19539249,-0.12460986,0.29522467,0.31784946,-0.051083144,0.42791927,0.32996416,-0.08385895,0.054470234,0.28181863,0.8398897,0.08678615,0.22339763,-0.18546459,-0.19160566,-0.18721008,0.5049764
@AlshadAhmad,0.3244268,1.0000002,0.38618404,-0.14629997,0.24602231,0.35525998,0.9279392,0.043558143,0.9664135,0.047508586,0.3037752,0.13207686,-0.033183288,0.06250478,-0.19744581,-0.018773975,0.017477594,-0.13221306,0.928538,0.8604426,0.29801306,0.13399631,0.55590594,-0.048536528,0.022088228,0.16948584,0.1583494,-0.15392241,-0.07039034,0.117284924,-0.1451836,-0.030014955,0.329377,0.27633098,0.35505515,0.91821253,0.111400425,-0.20707864,0.33513147,0.16758457,0.28078026,0.15705079,0.3930187,0.15790786,-0.15244138,-0.15965344,-0.009507316,0.3187136,0.12637126,-0.115926415,-0.10114192,0.026096426,0.95593834,-0.1923536,-0.041964166,-0.1878384,0.5162648,-0.19643134,0.30476767,0.13556756,0.1850481,0.005849258,-0.223301,0.3692011,-0.13877872,0.33964634,0.3829429,-0.031031452,0.05374254,-0.21354806,0.9041767,0.29713723,0.15132377,0.21994159,0.9092894,0.9249741,-0.033915922,0.522788,0.20560074,0.34267685,0.117783606,-0.03680173,0.35358742,-0.066456854,-0.09121881,0.0790434,0.43016714,-0.14326581,-0.04191113,0.29155004,-0.11760239,0.23796998,0.15247217,0.19786589,0.31872416,0.3136766,0.002291372,-0.039392836,-0.066597566,0.04630315
@Anak.Kuliner,0.107637726,0.38618404,1.0000002,-0.13182142,0.020544298,0.18776743,0.3062195,0.07126881,0.4094876,0.073188856,0.98095787,-0.08722396,-0.019476626,0.04998745,-0.10520536,-0.03127564,0.05286318,-0.065054156,0.23020363,0.15092771,0.06220486,0.11563673,0.31488693,-0.04198125,-0.0024371138,0.07230902,0.115915745,-0.19151585,-0.054117035,-0.07292036,-0.094071835,-0.045362063,0.9806138,0.97493744,0.22974795,0.2613424,-0.087233216,-0.15259548,0.24220595,0.17306092,0.97885966,0.12759449,0.93748105,-0.05075976,-0.10158714,-0.10619407,-0.07629387,0.9794707,0.07463062,-0.09482654,-0.06511788,0.052440614,0.31927508,-0.14504245,-0.033102673,-0.117481515,0.40719998,-0.15932909,0.22540998,0.13821514,0.14253758,-0.028306093,-0.12603103,0.24557114,-0.12531328,0.26541418,0.05426832,-0.036145918,0.06739584,-0.156297,0.30724823,0.34441024,0.16788232,0.10464831,0.32781327,0.3136847,0.036687605,0.94633865,0.16304217,0.3116095,0.09030326,-0.029832512,0.06392214,-0.046510838,-0.06974763,0.072321475,0.7387414,-0.11831817,-0.039157555,0.32644123,-0.08202904,0.905785,0.16882129,-0.028836813,0.9826585,0.17000674,-0.000511026,-0.025360245,-0.014147596,-0.10045689
@AquariusMusikindo,-0.013873822,-0.14629997,-0.13182142,0.99999976,-0.0816935,0.27509442,-0.113293044,-0.013280754,-0.08867417,0.027375467,-0.11493567,0.049880624,0.018165216,0.055530354,-0.08230179,-0.10254538,-0.13313097,0.95652044,-0.060782973,-0.07884863,0.06984547,-0.03514072,-0.07748248,-0.1127809,-0.10539093,-0.012497407,0.09091167,0.11443494,-0.10166064,0.05533681,0.97073936,-0.073068626,-0.110448085,-0.10406549,-0.031232525,-0.002273567,0.2794316,-0.040970318,0.13944632,0.06900193,-0.111679345,-0.044583015,-0.037552588,0.1953696,0.9795072,0.9770061,0.0884602,-0.10288346,-0.07574479,0.9805343,0.06923315,0.00244776,-0.14166492,-0.007466944,-0.11602327,-0.07754687,0.043056548,-0.017409818,0.10185794,0.035835188,0.027664136,-0.06601394,0.018354403,0.008818084,0.9897723,0.12446905,0.018906629,-0.09374006,0.09022797,-0.023688467,-0.114780515,0.14799733,-0.057724103,0.28722876,-0.13643868,-0.11690894,0.87351507,-0.13358228,-0.028330782,0.39211926,-0.07811727,0.0341811,-0.005404347,0.06259523,0.07539388,-0.003093897,-0.12845019,-0.047084346,-0.111735314,0.1862188,0.9717716,0.010697994,-0.03180966,0.07518566,-0.110253334,0.16168338,0.014986023,0.051261574,0.07460232,0.5315136
@ArisSportTv,0.0783783,0.24602231,0.020544298,-0.0816935,1.0000002,0.19338901,0.3309565,0.03128191,0.234944,0.04363188,-0.0042778626,0.21593428,0.19696987,0.25847355,0.6368147,-0.1851331,-0.1880104,-0.064508915,0.20189096,0.21534461,0.16913141,0.041248843,0.23651332,-0.18461227,-0.18498778,0.22205973,0.11375435,0.72994125,-0.1711977,0.13695045,-0.09073689,-0.19262421,0.025796812,-0.011519406,0.08592652,0.20733264,0.20761037,0.61650205,0.15459487,0.107532844,-0.026051734,0.09509698,0.061016344,0.16016814,-0.095749915,-0.097559564,0.2869565,-0.011193471,0.04716382,-0.08046168,0.2496272,0.036647554,0.29055935,0.67194164,-0.17730227,0.6697097,0.17083943,0.6678394,0.15265624,0.09236594,0.10184462,-0.18456346,0.6446764,0.2337665,-0.08178136,0.23903312,0.21457554,-0.19269407,0.12438034,0.6324276,0.33302575,0.13830854,0.016714077,0.14149076,0.17837608,0.17841649,-0.024251474,0.09620689,0.10097196,0.08918569,0.06742784,0.24542926,0.23901176,0.22873938,0.32598048,0.015254553,0.0827393,0.74528325,-0.19052023,0.09284781,-0.077596776,0.03889285,0.023322374,0.15210728,0.0005050991,0.16882241,0.25227553,0.24912481,0.25345004,0.18133463
@AttaHalilintar,0.3013056,0.35525998,0.18776743,0.27509442,0.19338901,1.0000005,0.2876224,0.20555548,0.4020969,0.11746405,0.19205849,0.24662223,0.13879375,0.2272593,-0.048796207,0.044589456,0.05859647,0.32147542,0.24901345,0.23895834,0.50958073,0.31348246,0.42638624,-0.03924777,0.049246088,0.32565582,0.32742912,0.12456796,-0.006383196,0.20024209,0.32566366,0.008164579,0.14110726,0.1822149,0.34728616,0.3848138,0.3099469,-0.19007641,0.8937446,0.3694451,0.1546808,0.20196204,0.25048006,0.25702348,0.2887345,0.2572846,0.17397138,0.19971135,0.2124241,0.32242042,0.113460526,0.20699438,0.21988355,-0.06320814,0.0053636804,-0.17696244,0.88723683,-0.11628972,0.8942472,0.29202875,0.2580556,0.057648793,-0.12618466,0.597859,0.3374129,0.9019687,0.49742758,0.013360916,0.40081638,-0.17734787,0.2262376,0.78014207,0.23710273,0.8996892,0.45794672,0.4155568,0.5659559,0.16409537,0.24032667,0.8608608,0.2524612,0.1336588,0.43615782,0.12247671,0.12879908,0.27764624,0.5850222,-0.09374466,-0.02936257,0.7941954,0.29313767,0.16198379,0.28929096,0.22618294,0.1822431,0.90183115,0.15398562,0.17847474,0.18733805,0.6096091
@Audrey-A,0.31562814,0.9279392,0.3062195,-0.113293044,0.3309565,0.2876224,1.0,0.08909106,0.88841593,0.011131819,0.21918905,0.1785277,0.07341392,0.15938726,-0.13717301,-0.03621321,-0.014167246,-0.10589948,0.90118384,0.87591934,0.29084802,0.1638817,0.51318085,-0.062627554,-0.006677976,0.26053345,0.11147112,-0.04283869,-0.0730495,0.17388272,-0.12847081,-0.048548922,0.26395786,0.20391762,0.24380288,0.91434115,0.1735363,-0.1327813,0.22764863,0.10205845,0.1967426,0.22538206,0.33002886,0.2265801,-0.12949955,-0.13764727,0.11384108,0.2210964,0.17242897,-0.0934932,0.012046114,0.07782252,0.9574837,-0.11877972,-0.049925737,-0.120258614,0.3793863,-0.11591998,0.18173367,0.07785048,0.11879405,-0.014631998,-0.13971473,0.35075596,-0.11649737,0.22464412,0.37400165,-0.05199419,0.037823398,-0.13868603,0.96163464,0.23884039,0.17562762,0.14326228,0.8129468,0.8577148,-0.03909955,0.4632734,0.17334178,0.24641913,0.15324369,0.07401447,0.3692043,0.040680274,0.047837913,0.1153379,0.2998841,-0.069458984,-0.06119637,0.17242709,-0.1001767,0.19950315,0.1641066,0.23574263,0.22732559,0.21461877,0.09720246,0.058055155,0.044223964,0.0942428
@AutonetMagz,0.21194205,0.043558143,0.07126881,-0.013280754,0.03128191,0.20555548,0.08909106,1.0000004,0.096516766,-0.0049140807,0.07866993,0.10690713,0.16051231,0.117618516,0.12048888,0.39809602,0.41357428,0.054680333,0.0010136105,-0.013444226,0.2350896,0.9642441,0.2716035,0.3191526,0.34799525,0.88119537,0.025805606,0.06355055,0.3536576,0.060256843,0.014374403,0.35300678,0.06446533,0.09087097,0.015202384,0.07832114,0.094565384,-0.11911094,0.2704444,0.06978384,0.06380551,0.9522037,0.13332143,0.056690242,0.019025553,-0.010939229,0.097005405,0.05283831,0.9570466,0.030198853,0.075581305,0.9958851,0.040280923,-0.07092668,0.38603488,-0.07907709,0.18824475,0.033796623,0.2484932,0.06836032,0.024063937,0.3648752,-0.016293697,0.17777649,0.009713763,0.22770828,0.18590756,0.3969077,0.12008344,-0.10842917,0.11397442,0.59460044,0.961848,0.248449,0.09170094,0.078607485,0.107240975,0.053617492,0.11222696,0.17688867,0.96078444,0.1085982,0.25706995,0.08023403,0.14837229,0.9833491,0.087373465,-0.06719013,0.2799451,0.15386519,0.025436658,0.06090043,0.969479,0.017300852,0.033009425,0.2687215,0.105838016,0.1047484,0.12045945,0.31146932
@BeemzAryo,0.34670147,0.9664135,0.4094876,-0.08867417,0.234944,0.4020969,0.88841593,0.096516766,1.0000001,0.0723363,0.3236573,0.14389955,-0.07579546,0.02430593,-0.19876641,-0.020017704,0.020539481,-0.06877074,0.90816325,0.7986652,0.32092825,0.18334405,0.60362047,-0.054199696,0.020608418,0.21880113,0.19700323,-0.15359585,-0.07924996,0.115647525,-0.083276235,-0.031153206,0.35125172,0.2991976,0.38967407,0.891558,0.13468082,-0.22625111,0.3730607,0.2044602,0.30282828,0.20761439,0.43899688,0.16452315,-0.09225862,-0.10164955,-0.045342468,0.3428444,0.17081022,-0.051758867,-0.15197523,0.07554021,0.92654663,-0.20762642,-0.04672224,-0.20762849,0.548316,-0.20982024,0.33714753,0.17293474,0.23013702,0.007610447,-0.23866938,0.3702103,-0.07575434,0.37590665,0.4021574,-0.027572505,0.0685618,-0.22987583,0.8812007,0.36470428,0.20352258,0.26182252,0.8957356,0.90098214,0.025443438,0.5547993,0.23982954,0.41615915,0.16337427,-0.08728342,0.3739635,-0.11365888,-0.13649753,0.12970632,0.45908934,-0.15915656,-0.051054545,0.34172565,-0.04832111,0.2761097,0.20696303,0.20575391,0.33837944,0.3569362,-0.040817082,-0.08486667,-0.11466026,0.10870451
@BimbelBrilian,0.09510942,0.047508586,0.073188856,0.027375467,0.04363188,0.11746405,0.011131819,-0.0049140807,0.0723363,1.0000002,0.07474886,0.006541867,0.3960445,0.41923124,0.1292109,0.11541094,0.11124486,0.010333802,0.13251092,0.16980034,0.15031731,0.002510061,0.10827776,0.13522658,0.10890463,0.056592308,0.9223219,0.037725087,0.17599416,0.04637683,0.034927525,0.12332384,0.061247993,0.09472079,0.8326056,0.05545976,0.13413882,0.04258538,0.22082835,0.88081837,0.09354723,0.032208435,0.094751954,0.07351574,0.023113385,0.0069043585,0.45717216,0.08714038,-0.03792236,0.052021552,0.24133116,0.0010051606,0.020161103,0.21961385,0.108173415,0.0010625552,0.11399625,0.0068781152,0.13609843,0.9198482,0.9224199,0.12546265,0.05982366,0.5601556,0.054746643,0.19728991,0.11948705,0.12680098,0.7912028,0.02559279,0.050541684,0.22827858,0.0067804586,0.21762706,0.04348004,0.019121978,0.06646138,0.03635122,0.883967,0.13141307,-0.06891416,0.2912218,0.08861115,0.30456275,0.31266335,-0.010928421,0.3719972,0.11204459,0.13908637,0.3795301,0.037968136,0.07734566,-0.011517813,3.7660357e-05,0.09085098,0.18828666,0.41752547,0.29751325,0.2959162,0.08052018
@BoengkoesNetwork,0.09162946,0.3037752,0.98095787,-0.11493567,-0.0042778626,0.19205849,0.21918905,0.07866993,0.3236573,0.07474886,1.0,-0.093329415,9.860657e-05,0.06362487,-0.088372156,-0.016579786,0.07101996,-0.045517884,0.14732848,0.078033954,0.06657749,0.12495149,0.2849427,-0.028359432,0.0068314252,0.07052586,0.11267823,-0.17087632,-0.03423547,-0.066817805,-0.07509104,-0.03167469,0.98757994,0.99353534,0.20717937,0.19004953,-0.081926964,-0.14678398,0.26855147,0.17646214,0.9895161,0.1165297,0.93598264,-0.050805192,-0.08301549,-0.09010727,-0.06578103,0.9943856,0.060906887,-0.0778117,-0.039294496,0.060635682,0.2324036,-0.1296365,-0.013922127,-0.11485943,0.40423688,-0.15138009,0.25489557,0.14031139,0.13216278,-0.014009516,-0.109693095,0.2440503,-0.107489675,0.28714544,0.036585864,-0.019550692,0.09329815,-0.14819454,0.21932527,0.36933205,0.16920236,0.13421339,0.23617807,0.22206573,0.07347835,0.90598977,0.15387365,0.32841784,0.08840619,-0.009848077,0.06056214,-0.023848532,-0.045968384,0.08128035,0.7397057,-0.11431247,-0.0233684,0.3567881,-0.070322536,0.9160929,0.17362306,-0.04009349,0.991552,0.18224473,0.015987076,-0.00045510486,0.016168986,-0.07687892
@BrandonKentEverything,0.8371095,0.13207686,-0.08722396,0.049880624,0.21593428,0.24662223,0.1785277,0.10690713,0.14389955,0.006541867,-0.093329415,1.0000001,-0.14979857,-0.1625509,0.06326376,0.25581753,0.22916284,0.00051758345,0.08875507,0.04977766,0.8540355,0.21053728,0.74502504,0.21718532,0.26869106,0.39001325,0.06526777,0.4254347,0.22541423,0.8965174,-0.04794794,0.27535468,-0.11293725,-0.10183093,0.017598208,0.20810485,0.852823,0.086463675,0.2462511,-0.012402637,-0.0754348,0.11633617,-0.075509414,0.87718433,-0.02840634,-0.035943817,-0.08287298,-0.097794354,0.17084488,0.04183545,-0.19003093,0.09060354,0.10557868,0.061674792,0.23472212,0.0749556,0.084861316,0.16625278,0.107797876,-0.0038064695,0.0030256752,0.32752174,0.08914379,0.17437975,0.03244099,0.123195514,0.8671141,0.21789055,0.119794026,0.080599114,0.10493174,0.19647937,0.11285135,0.25464916,0.110460535,0.088853516,0.10613177,-0.055737976,0.102051556,0.26351833,0.17704824,-0.17766136,0.8820478,-0.17347175,-0.07982906,0.17839405,0.10805519,0.14472991,0.22316454,0.19578606,-0.04173746,-0.07134353,0.14435717,0.910722,-0.10100697,0.13612512,-0.18731047,-0.17823935,-0.15895014,0.5768172
@CNBC_ID,-0.13621397,-0.033183288,-0.019476626,0.018165216,0.19696987,0.13879375,0.07341392,0.16051231,-0.07579546,0.3960445,9.860657e-05,-0.14979857,0.9999999,0.9615967,0.18130061,0.060998406,0.052565727,0.023251563,-0.0078429375,0.14168605,-0.03863463,0.14856443,-0.1419412,0.057459757,0.030007664,0.19402173,0.40942496,0.15248068,0.1433252,-0.034072213,0.04410998,0.03178402,0.0019276943,0.02598822,0.31121826,-0.00420277,-0.046749488,0.083731145,0.18789089,0.4884678,-0.014542699,0.20080584,0.0055043884,-0.0396149,0.03782768,0.017015196,0.92992705,-0.018358707,0.11599364,0.029921014,0.9358969,0.19064057,0.024832187,0.2627796,0.09110675,0.018160941,0.10014607,0.054544013,0.16285682,0.45630243,0.36374593,0.021991871,0.14744571,0.45010814,0.04138987,0.20856752,-0.04839975,0.064483896,0.5632005,0.083525985,0.11335361,0.22969764,0.1427781,0.19991878,-0.039495654,-0.03561455,0.07580483,-0.057170026,0.4310248,0.024744257,0.10574923,0.9708899,-0.04975812,0.95749867,0.93651736,0.13815196,0.10592882,0.11318107,0.061272517,0.18059999,0.019977152,-0.002449058,0.11070445,-0.13958593,-0.010555898,0.20379522,0.97750074,0.9614638,0.94428676,0.03896358
@CNNIDOFFICIAL,-0.15052117,0.06250478,0.04998745,0.055530354,0.25847355,0.2272593,0.15938726,0.117618516,0.02430593,0.41923124,0.06362487,-0.1625509,0.9615967,0.9999999,0.16696128,-0.044556294,-0.048065428,0.060009897,0.089157656,0.23690543,-0.025633503,0.11172747,-0.10521321,-0.051917385,-0.067136094,0.17603362,0.47345966,0.16043705,0.028660467,-0.052218236,0.084961705,-0.07061909,0.07045094,0.0885369,0.39475244,0.09680143,-0.032719407,0.07462622,0.26252374,0.56180984,0.03914482,0.16438913,0.09470817,-0.03519702,0.07320066,0.053034477,0.9299053,0.05055557,0.07335202,0.071992144,0.9263418,0.14768223,0.10846591,0.27545112,-0.021130404,0.014729686,0.20400488,0.04307897,0.23581116,0.5071566,0.42856866,-0.07524808,0.13870156,0.5331923,0.08197279,0.30097738,-0.021356214,-0.03892087,0.5939841,0.07670633,0.1928334,0.3018054,0.10289036,0.26687473,0.05656683,0.056676537,0.13231638,0.019833397,0.45195532,0.108717024,0.06373007,0.9619426,-0.03702144,0.95182645,0.9172597,0.094000526,0.19522935,0.12193304,-0.04663874,0.27947387,0.06497603,0.082845494,0.08058843,-0.13942325,0.057151545,0.28339744,0.98464215,0.95535374,0.9498783,0.06938969
@CoachJustinl28,-0.075489536,-0.19744581,-0.10520536,-0.08230179,0.6368147,-0.048796207,-0.13717301,0.12048888,-0.19876641,0.1292109,-0.088372156,0.06326376,0.18130061,0.16696128,0.99999976,0.007114711,-0.0155916605,-0.06755127,-0.18795542,-0.13773324,-0.0075513404,0.070249535,-0.06635905,0.038423277,-0.017573439,0.16295028,0.11747508,0.7791658,0.048573803,-0.0033633728,-0.0758352,0.0114620635,-0.083660215,-0.08045537,0.014662681,-0.2048438,0.09395188,0.84399414,-0.01218942,0.107237235,-0.08993471,0.08452171,-0.1088136,0.00047792308,-0.081359155,-0.07091323,0.2205277,-0.096586615,0.07341005,-0.08880647,0.22387347,0.12474042,-0.16448583,0.88891363,0.02207736,0.8423064,-0.08304567,0.88142717,0.0012674984,0.13320567,0.11898418,-0.004605895,0.88269603,0.076440945,-0.07308241,0.04805438,-0.01818278,0.023547746,0.17276102,0.8457,-0.1309635,0.030498013,0.032390945,0.013203029,-0.20431575,-0.2050307,-0.0889435,-0.124134585,0.09430557,-0.14460339,0.105873644,0.19800027,0.004777561,0.1949666,0.33013675,0.07611408,-0.0702686,0.8710649,0.019343086,-0.040237416,-0.07416943,-0.055113763,0.04951352,-0.051599756,-0.08998289,0.0057712654,0.21231318,0.20504352,0.22243941,0.118736796
@DHIARCOM,0.46235967,-0.018773975,-0.03127564,-0.10254538,-0.1851331,0.044589456,-0.03621321,0.39809602,-0.020017704,0.11541094,-0.016579786,0.25581753,0.060998406,-0.044556294,0.007114711,1.0000002,0.9883553,-0.09212578,-0.03515652,-0.020101143,0.3916584,0.46515763,0.26684424,0.980394,0.9874776,0.33028233,0.06839424,-0.04873631,0.9836775,0.29494473,-0.103314474,0.9908867,-0.06309773,-0.012469599,0.05936332,0.014876455,0.16558287,-0.089195386,0.19774106,0.057373777,0.007686204,0.32826602,-0.08151685,0.19354898,-0.083840564,-0.10674116,-0.02265329,-0.028810479,0.3914283,-0.094364405,-0.03185037,0.3863589,-0.044543795,-0.11531941,0.9927772,-0.11199598,0.035439745,-0.037690107,0.122668445,0.1017742,0.051331677,0.9877521,-0.06496004,0.10431766,-0.095369115,0.053966776,0.28807247,0.9888363,0.23713753,-0.09418921,-0.054685615,0.21000859,0.40852106,0.16901538,0.03127099,0.036660936,-0.017492015,-0.090674184,0.18035257,0.07278111,0.42301005,-0.018387612,0.32657155,-0.010079304,-0.00020954234,0.4747964,0.08112742,-0.109631136,0.9820595,0.11962095,-0.11623314,-0.125022,0.38547212,0.16091526,-0.02489866,0.1203821,-0.019836262,-0.011098986,0.007561936,0.18035184
@DKIDchannel,0.46689212,0.017477594,0.05286318,-0.13313097,-0.1880104,0.05859647,-0.014167246,0.41357428,0.020539481,0.11124486,0.07101996,0.22916284,0.052565727,-0.048065428,-0.0155916605,0.9883553,1.0,-0.11609888,-0.01706473,-0.010417607,0.38515365,0.48625916,0.29954427,0.9664624,0.9837421,0.34165388,0.07128837,-0.0817574,0.9708011,0.26878935,-0.12911338,0.9747802,0.020627432,0.0722764,0.080846176,0.032340918,0.13371632,-0.11673645,0.2206862,0.069127955,0.09324369,0.35200247,0.0014686445,0.16723326,-0.1099959,-0.13454524,-0.04182811,0.05798768,0.40788832,-0.120730184,-0.04626818,0.3994136,-0.016245095,-0.13992836,0.98611367,-0.1324102,0.07709199,-0.06725314,0.14852434,0.110919446,0.06141485,0.9765477,-0.09397607,0.12380132,-0.12574418,0.08050734,0.28006005,0.98016167,0.23028429,-0.1195984,-0.027078938,0.24475306,0.4419927,0.1705054,0.06220629,0.063940726,-0.031901177,-0.0089684855,0.19549415,0.10169119,0.44271877,-0.029519476,0.3255064,-0.024421562,-0.019039154,0.4893663,0.15038759,-0.13342384,0.9697546,0.14574507,-0.13929962,-0.050259434,0.41612518,0.14260235,0.058342576,0.13455033,-0.026880693,-0.02092795,-0.0044159777,0.15374467
@Dewa19,-0.046535734,-0.13221306,-0.065054156,0.95652044,-0.064508915,0.32147542,-0.10589948,0.054680333,-0.06877074,0.010333802,-0.045517884,0.00051758345,0.023251563,0.060009897,-0.06755127,-0.09212578,-0.11609888,1.0,-0.07070037,-0.0910983,0.04093838,0.03405222,-0.07753428,-0.10829635,-0.0993015,0.03448985,0.07003439,0.10284631,-0.09618903,0.0011670981,0.9749452,-0.07185904,-0.04338302,-0.031370707,-0.031982474,-0.0064669587,0.20745213,-0.059350412,0.19616917,0.07033996,-0.047297444,0.016674718,0.0386497,0.12467477,0.9766416,0.95995647,0.0760367,-0.036495075,-0.017809281,0.97021896,0.072011106,0.071019046,-0.13584256,-0.02264295,-0.105607286,-0.08363104,0.10945165,-0.023890104,0.16802016,0.028076561,0.013683151,-0.06623076,0.004224308,0.021326885,0.9634763,0.195674,-0.010700809,-0.083085254,0.077809334,-0.039373197,-0.10518488,0.22815362,0.008106517,0.33160293,-0.11500196,-0.09762607,0.90901244,-0.0757323,-0.04169906,0.45834652,-0.0067882864,0.037760437,-0.029032534,0.06301265,0.0697926,0.062365964,-0.0749813,-0.05791446,-0.109564565,0.22708446,0.96410346,0.07962784,0.04157078,0.014646302,-0.045852944,0.2306458,0.018480815,0.059182324,0.08347095,0.5359881
@DuniaBinatangLiar,0.26490718,0.928538,0.23020363,-0.060782973,0.20189096,0.24901345,0.90118384,0.0010136105,0.90816325,0.13251092,0.14732848,0.08875507,-0.0078429375,0.089157656,-0.18795542,-0.03515652,-0.01706473,-0.07070037,1.0000001,0.9449562,0.2308022,0.065003484,0.4381342,-0.04538858,0.0054649888,0.10406664,0.22064084,-0.14069954,-0.07170156,0.0941806,-0.071116075,-0.033766925,0.1794684,0.12935117,0.40102428,0.9447057,0.13029823,-0.15741828,0.22187309,0.22122651,0.13366184,0.098673575,0.24008395,0.16159925,-0.07706712,-0.081016794,0.029904515,0.16924691,0.06763655,-0.041082606,-0.07700169,-0.014840728,0.9299215,-0.13324374,-0.056837186,-0.16063681,0.36977512,-0.16556421,0.1822587,0.1979298,0.25321853,-0.0040851245,-0.18051754,0.30978382,-0.058875296,0.21760762,0.31630048,-0.03325919,0.08382222,-0.1660397,0.87719667,0.19531517,0.079945326,0.1475862,0.8534304,0.88470745,-0.024121929,0.36242515,0.2468428,0.23864906,0.047205873,-0.018111017,0.27438194,-0.03675254,-0.06569716,0.023905471,0.2797203,-0.11012983,-0.042211514,0.22895963,-0.03768097,0.11928156,0.07412982,0.163347,0.17241026,0.22613537,0.03527384,-0.024814408,-0.05006452,0.029854082
@Dunia_Alam,0.20470569,0.8604426,0.15092771,-0.07884863,0.21534461,0.23895834,0.87591934,-0.013444226,0.7986652,0.16980034,0.078033954,0.04977766,0.14168605,0.23690543,-0.13773324,-0.020101143,-0.010417607,-0.0910983,0.9449562,1.0000002,0.19562915,0.051061824,0.33577353,-0.02744171,0.013382639,0.09173689,0.24870734,-0.10015246,-0.039524123,0.07339874,-0.085338846,-0.022279792,0.103894636,0.06659513,0.40966842,0.9073982,0.09873758,-0.1139597,0.21792392,0.26305896,0.06259668,0.07781886,0.14875686,0.13270013,-0.09162436,-0.09790547,0.17355922,0.093866095,0.048012227,-0.059847422,0.071439415,-0.021055117,0.8704598,-0.06703562,-0.03539573,-0.12819804,0.3396539,-0.12987891,0.17616278,0.23287264,0.26624244,0.0028207665,-0.1373504,0.36264634,-0.074528806,0.21666968,0.27995825,-0.020249894,0.15670885,-0.12499167,0.8342085,0.17493108,0.052802227,0.15336621,0.8084811,0.8577732,-0.043977648,0.2578407,0.27316338,0.18301988,0.028578525,0.13230002,0.2297821,0.11059251,0.07809927,0.010666186,0.24029808,-0.06985326,-0.023146136,0.21499883,-0.05912045,0.04874382,0.042809248,0.11217098,0.09962741,0.22871149,0.1861542,0.12167674,0.100894876,0.01988164
@DylandPROS,0.9045352,0.29801306,0.06220486,0.06984547,0.16913141,0.50958073,0.29084802,0.2350896,0.32092825,0.15031731,0.06657749,0.8540355,-0.03863463,-0.025633503,-0.0075513404,0.3916584,0.38515365,0.04093838,0.2308022,0.19562915,1.0,0.3780156,0.85664546,0.32606435,0.40582114,0.5061671,0.26778316,0.30557203,0.34716964,0.83564055,-0.00021671131,0.39180216,0.020494971,0.05680008,0.2547142,0.37883836,0.822421,-0.08591422,0.56401926,0.21848875,0.07520089,0.2348879,0.085744426,0.8334242,0.005827511,-0.016236933,0.024249498,0.06768939,0.2843008,0.08361783,-0.11519933,0.21378529,0.2209691,-0.024979854,0.36057433,-0.08596751,0.38693964,0.011956442,0.40287828,0.20521542,0.19235562,0.45786986,-0.033224627,0.45500624,0.07033085,0.42425466,0.95221376,0.35323882,0.34683007,-0.08914626,0.21294487,0.5050414,0.26602164,0.5384499,0.31524515,0.27957082,0.251711,0.06137014,0.29118428,0.53534174,0.3035668,-0.08746747,0.9563935,-0.085292414,-0.005318639,0.3304333,0.38790423,0.01167267,0.3380306,0.51291424,-0.0038448158,0.045130204,0.30089375,0.8323801,0.05694078,0.4292175,-0.07303791,-0.0734494,-0.04965061,0.6636293
@FitraEri,0.3393627,0.13399631,0.11563673,-0.03514072,0.041248843,0.31348246,0.1638817,0.9642441,0.18334405,0.002510061,0.12495149,0.21053728,0.14856443,0.11172747,0.070249535,0.46515763,0.48625916,0.03405222,0.065003484,0.051061824,0.3780156,1.0000002,0.4106323,0.3704136,0.42327848,0.9164173,0.054746475,0.063333005,0.40727505,0.15921515,-0.008672183,0.41421762,0.0975006,0.13196671,0.06725257,0.1675838,0.17731813,-0.18101776,0.39737234,0.103346676,0.10724408,0.93395793,0.17165293,0.15072161,-0.0060073603,-0.04148346,0.0801475,0.09729981,0.9539701,0.015493776,0.047943972,0.9522637,0.10846113,-0.12518631,0.44879398,-0.13658455,0.3016793,-0.018880334,0.35070473,0.092909455,0.046790764,0.43941462,-0.0745718,0.25764263,-0.008326596,0.33475417,0.33186692,0.4533956,0.1615003,-0.17168754,0.17034453,0.6841442,0.96750164,0.35494465,0.19208473,0.17192681,0.13520342,0.09287469,0.14808889,0.28692058,0.9741553,0.08929606,0.3975879,0.059867695,0.12334477,0.98473644,0.19123214,-0.11004015,0.34031057,0.26410598,-0.0041355803,0.078768015,0.973017,0.11239019,0.07660149,0.3758309,0.08917455,0.090872906,0.10659911,0.38699287
@FrontaLGaming,0.86782634,0.55590594,0.31488693,-0.07748248,0.23651332,0.42638624,0.51318085,0.2716035,0.60362047,0.10827776,0.2849427,0.74502504,-0.1419412,-0.10521321,-0.06635905,0.26684424,0.29954427,-0.07753428,0.4381342,0.33577353,0.85664546,0.4106323,0.99999994,0.20364854,0.29654735,0.5381278,0.21795936,0.17053422,0.20182337,0.694232,-0.13027756,0.26240823,0.26276523,0.26362717,0.29467195,0.5380187,0.6556724,-0.14443108,0.48393586,0.18107043,0.2858466,0.33187646,0.34191,0.69049704,-0.12343139,-0.14364724,-0.10251603,0.29000068,0.35144156,-0.04544408,-0.2416202,0.23969793,0.48948765,-0.117579676,0.2375535,-0.12348774,0.44207022,-0.05249829,0.35254893,0.1712352,0.20084983,0.32766706,-0.11682634,0.39925718,-0.07910512,0.38587424,0.8765985,0.23514934,0.18846032,-0.14825016,0.4774241,0.49595535,0.35347736,0.39228392,0.5218556,0.48622328,0.09760104,0.37197614,0.29526865,0.507206,0.36338842,-0.18923263,0.90575,-0.20318139,-0.14120947,0.34252936,0.49311522,-0.036610905,0.20950457,0.44147092,-0.105209365,0.24598333,0.3780871,0.7470781,0.2738827,0.3628325,-0.16076493,-0.18471658,-0.18520069,0.4708817
@GadgetGaul,0.41688246,-0.048536528,-0.04198125,-0.1127809,-0.18461227,-0.03924777,-0.062627554,0.3191526,-0.054199696,0.13522658,-0.028359432,0.21718532,0.057459757,-0.051917385,0.038423277,0.980394,0.9664624,-0.10829635,-0.04538858,-0.02744171,0.32606435,0.3704136,0.20364854,1.0,0.9766072,0.24400648,0.065525755,-0.042866543,0.9822346,0.2684527,-0.1173092,0.98595965,-0.06779633,-0.021914106,0.048792746,-0.014922092,0.13310379,-0.030054849,0.11074664,0.046704456,0.0018953527,0.24751776,-0.098674774,0.16580987,-0.09643197,-0.114909664,-0.024230367,-0.037744578,0.29997247,-0.11146596,-0.031839304,0.30736083,-0.062246382,-0.06440861,0.98376465,-0.06328154,-0.04137572,-7.5025484e-05,0.037736326,0.0994107,0.052851167,0.9741314,-0.019586232,0.053691447,-0.11164267,-0.02738612,0.22431463,0.98430854,0.21495336,-0.036680575,-0.07737461,0.11185104,0.31843984,0.081466846,-0.011872627,-0.0015308759,-0.061065845,-0.09590154,0.1797471,-0.0035568166,0.3304994,-0.021960914,0.26249027,-0.010067318,-0.00082363817,0.3856774,0.03464085,-0.066930994,0.9928142,0.057081327,-0.12799633,-0.12010584,0.29635704,0.12665007,-0.02930596,0.03598321,-0.018828582,-0.018289384,-0.0017554187,0.11199852
@GadgetIn,0.4945638,0.022088228,-0.0024371138,-0.10539093,-0.18498778,0.049246088,-0.006677976,0.34799525,0.020608418,0.10890463,0.0068314252,0.26869106,0.030007664,-0.067136094,-0.017573439,0.9874776,0.9837421,-0.0993015,0.0054649888,0.013382639,0.40582114,0.42327848,0.29654735,0.9766072,0.9999999,0.28841874,0.0652117,-0.062772006,0.9704982,0.3164044,-0.109387234,0.9877727,-0.040399157,0.007494961,0.07672856,0.054194197,0.18242633,-0.09259925,0.20135263,0.0568019,0.031814475,0.28267503,-0.060275875,0.22099581,-0.0893091,-0.11013545,-0.056623243,-0.0015469792,0.3471306,-0.09945004,-0.061738215,0.3333937,-0.008871699,-0.12550166,0.9847114,-0.11695162,0.054730773,-0.049632702,0.12319929,0.09861351,0.055239625,0.9885622,-0.078043476,0.10267868,-0.1006446,0.056290776,0.31300816,0.9826141,0.21742587,-0.09630899,-0.029438544,0.19456577,0.36801982,0.16624397,0.07732446,0.07951315,-0.023042772,-0.060188867,0.17986271,0.08533909,0.38071066,-0.046202373,0.34320486,-0.039647557,-0.035626244,0.4288484,0.10589699,-0.11394182,0.9835843,0.1321797,-0.11961822,-0.10569553,0.347475,0.18543558,0.0024920746,0.12303041,-0.045295767,-0.038907725,-0.0251957,0.16440225
@GarasiDrift,0.44463044,0.16948584,0.07230902,-0.012497407,0.22205973,0.32565582,0.26053345,0.88119537,0.21880113,0.056592308,0.07052586,0.39001325,0.19402173,0.17603362,0.16295028,0.33028233,0.34165388,0.03448985,0.10406664,0.09173689,0.5061671,0.9164173,0.5381278,0.24400648,0.28841874,1.0000001,0.13657083,0.25306794,0.2896008,0.33082935,-0.018812956,0.28779298,0.06221428,0.079589754,0.0952006,0.21001957,0.35784584,-0.07798056,0.3719064,0.14295077,0.05456962,0.90252787,0.16527581,0.33609623,-0.012203186,-0.04676885,0.19026522,0.041983772,0.8908486,0.031826347,0.091059186,0.87303686,0.17633548,0.007108191,0.31911397,-0.03871725,0.2586853,0.089546695,0.28907698,0.13938215,0.10655784,0.32044816,0.030876383,0.33621982,0.0022167927,0.31036454,0.47401914,0.31377032,0.21610498,-0.069310755,0.27085045,0.65569496,0.87079835,0.33644593,0.17238069,0.155044,0.13835564,0.09790107,0.2215064,0.29200894,0.892896,0.13672169,0.5543599,0.10380229,0.21896248,0.892856,0.1789411,0.019075125,0.21275076,0.2591713,-0.006258178,0.0893165,0.8840877,0.29432964,0.024844771,0.33337185,0.14159714,0.12959328,0.15372962,0.49253055
@HujanTandaTanya,0.15739913,0.1583494,0.115915745,0.09091167,0.11375435,0.32742912,0.11147112,0.025805606,0.19700323,0.9223219,0.11267823,0.06526777,0.40942496,0.47345966,0.11747508,0.06839424,0.07128837,0.07003439,0.22064084,0.24870734,0.26778316,0.054746475,0.21795936,0.065525755,0.0652117,0.13657083,1.0000001,0.07675321,0.11489348,0.09246722,0.10060951,0.06685401,0.09637502,0.12928708,0.9061963,0.16472568,0.21168196,-0.0024886648,0.408096,0.95087403,0.121377885,0.07531271,0.16426294,0.13677609,0.08342146,0.06139263,0.50579095,0.12844743,0.002041796,0.12657155,0.2680652,0.03372932,0.109990485,0.21594022,0.05292694,-0.044864986,0.2944542,-0.025858674,0.31387293,0.9757339,0.9779933,0.08344743,0.03784001,0.7165408,0.12749799,0.38938737,0.24070597,0.075912535,0.87785494,-0.014535916,0.14909834,0.39864132,0.048745442,0.3966763,0.15597084,0.12434656,0.17973791,0.0915316,0.91699934,0.32091212,-0.02900012,0.31794477,0.19404262,0.32898706,0.34139055,0.032517433,0.50072587,0.092902064,0.071952924,0.56015396,0.10488321,0.13114882,0.0428884,0.061900206,0.12681851,0.36919767,0.4477207,0.33387837,0.34141862,0.22606237
@IBLTV,0.18370411,-0.15392241,-0.19151585,0.11443494,0.72994125,0.12456796,-0.04283869,0.06355055,-0.15359585,0.037725087,-0.17087632,0.4254347,0.15248068,0.16043705,0.7791658,-0.04873631,-0.0817574,0.10284631,-0.14069954,-0.10015246,0.30557203,0.063333005,0.17053422,-0.042866543,-0.062772006,0.25306794,0.07675321,0.99999994,-0.022079943,0.35328484,0.077073574,-0.038798925,-0.17012599,-0.1696907,-0.064677045,-0.088465504,0.440961,0.80507636,0.08623766,0.039641973,-0.17759438,0.04229843,-0.16813982,0.37569243,0.08367874,0.08262873,0.25546542,-0.18562868,0.045971043,0.1015294,0.2213692,0.07037311,-0.113996506,0.817531,-0.036854874,0.78855455,-0.032801885,0.85140145,0.054874353,0.043339726,0.026890524,-0.029198986,0.81299835,0.11683819,0.10965642,0.10829319,0.3031881,-0.051372536,0.17032048,0.8117014,-0.07639838,0.08776326,-0.020027623,0.14858179,-0.1620906,-0.16488257,0.11576251,-0.19190271,0.032020345,0.03810503,0.08222319,0.18179947,0.3274917,0.18645212,0.34453475,0.058854442,-0.0926062,0.84699714,-0.05235448,0.042617403,0.07539437,-0.0981359,0.016175944,0.32327563,-0.17771292,0.08597917,0.17640814,0.18398061,0.21810362,0.41296917
@JagatReview,0.42119092,-0.07039034,-0.054117035,-0.10166064,-0.1711977,-0.006383196,-0.0730495,0.3536576,-0.07924996,0.17599416,-0.03423547,0.22541423,0.1433252,0.028660467,0.048573803,0.9836775,0.9708011,-0.09618903,-0.07170156,-0.039524123,0.34716964,0.40727505,0.20182337,0.9822346,0.9704982,0.2896008,0.11489348,-0.022079943,0.9999998,0.28839123,-0.10506652,0.9802022,-0.07454966,-0.025255742,0.0793321,-0.03223134,0.15664361,-0.04083762,0.14745677,0.10014055,-0.00791782,0.2880264,-0.101574436,0.18562767,-0.085275054,-0.10624375,0.05989711,-0.047675192,0.33291042,-0.09766923,0.0464678,0.34760326,-0.07941756,-0.053556047,0.9888433,-0.07462632,-0.024649069,-0.0045044012,0.06895189,0.15098608,0.09342885,0.97063243,-0.017073404,0.11598526,-0.09615187,0.008315323,0.24117239,0.9808277,0.2872839,-0.047189828,-0.0830995,0.15929723,0.35435563,0.12345359,-0.035681747,-0.027119398,-0.03440465,-0.1134703,0.2281889,0.016040806,0.36130583,0.05773282,0.27970964,0.067676045,0.08351655,0.42039567,0.05113334,-0.0663085,0.9844329,0.08982299,-0.12063868,-0.12695312,0.32591406,0.13501164,-0.03977119,0.06865912,0.05895248,0.062249586,0.083622575,0.14363757
@JessNoLimit,0.83322173,0.117284924,-0.07292036,0.05533681,0.13695045,0.20024209,0.17388272,0.060256843,0.115647525,0.04637683,-0.066817805,0.8965174,-0.034072213,-0.052218236,-0.0033633728,0.29494473,0.26878935,0.0011670981,0.0941806,0.07339874,0.83564055,0.15921515,0.694232,0.2684527,0.3164044,0.33082935,0.09246722,0.35328484,0.28839123,1.0000001,-0.038864046,0.32088983,-0.085674874,-0.07215311,0.03912744,0.2115185,0.84556806,0.03389713,0.22121486,0.026041325,-0.049634337,0.06884949,-0.06552657,0.91149783,-0.021696514,-0.022120606,0.031014856,-0.07172837,0.107972346,0.04604458,-0.079101205,0.047535777,0.11524371,0.027244555,0.28429577,0.0060388837,0.04947319,0.08225576,0.0749436,0.03255561,0.023249658,0.36965415,0.04030717,0.19604337,0.03695799,0.081315905,0.85046166,0.26179704,0.18673185,0.027344761,0.1080968,0.16394949,0.06505034,0.23523301,0.08284406,0.066222794,0.11396608,-0.057536993,0.1373255,0.21405205,0.116846845,-0.062127236,0.86515087,-0.05641588,0.022007428,0.13301496,0.09962194,0.07989891,0.28445876,0.19743872,-0.039701924,-0.046467904,0.08803606,0.93631697,-0.07034392,0.10143775,-0.0779262,-0.06399106,-0.047009915,0.515164
@Judika.Entertainment,-0.0961269,-0.1451836,-0.094071835,0.97073936,-0.09073689,0.32566366,-0.12847081,0.014374403,-0.083276235,0.034927525,-0.07509104,-0.04794794,0.04410998,0.084961705,-0.0758352,-0.103314474,-0.12911338,0.9749452,-0.071116075,-0.085338846,-0.00021671131,-0.008672183,-0.13027756,-0.1173092,-0.109387234,-0.018812956,0.10060951,0.077073574,-0.10506652,-0.038864046,1.0000001,-0.08339857,-0.074176416,-0.06329473,-0.005008046,-0.020231398,0.1660246,-0.057777334,0.19636324,0.10125887,-0.07933559,-0.023362447,0.0019558873,0.080526434,0.99067426,0.983603,0.096727215,-0.0631207,-0.0563232,0.9741711,0.09425422,0.032032907,-0.15207979,-0.014211869,-0.11810498,-0.090631336,0.11601505,-0.03831121,0.17708549,0.05948709,0.04520678,-0.080752455,-0.00085956976,0.02836833,0.97899467,0.19878282,-0.048534043,-0.094591096,0.10658705,-0.039169323,-0.12444516,0.2055572,-0.029221715,0.3334322,-0.1145951,-0.10013564,0.89726925,-0.10830991,-0.021856075,0.43136722,-0.049680375,0.05966674,-0.07633729,0.08880412,0.082157195,0.022915974,-0.08273964,-0.06097222,-0.11652847,0.2345799,0.9846672,0.03951067,-0.0016533805,-0.028751105,-0.071019724,0.23451754,0.0450939,0.082861684,0.10554355,0.4967073
@K2G,0.47716224,-0.030014955,-0.045362063,-0.073068626,-0.19262421,0.008164579,-0.048548922,0.35300678,-0.031153206,0.12332384,-0.03167469,0.27535468,0.03178402,-0.07061909,0.0114620635,0.9908867,0.9747802,-0.07185904,-0.033766925,-0.022279792,0.39180216,0.41421762,0.26240823,0.98595965,0.9877727,0.28779298,0.06685401,-0.038798925,0.9802022,0.32088983,-0.08339857,1.0,-0.07511894,-0.02707224,0.055009816,0.012694815,0.20060305,-0.06334582,0.1545257,0.048441425,-0.0041980874,0.28097415,-0.096786134,0.2263198,-0.061053235,-0.07981586,-0.044855095,-0.040362716,0.34330177,-0.07073232,-0.0568195,0.3401512,-0.051931225,-0.098437175,0.9857897,-0.093919896,-0.0042957035,-0.018960629,0.07770952,0.096696615,0.052159816,0.9925296,-0.04521965,0.07278842,-0.07096635,0.011036608,0.288116,0.9892608,0.21958292,-0.06892796,-0.0674921,0.16128594,0.35897234,0.13746622,0.01407825,0.022177696,-0.010960844,-0.10191132,0.17460877,0.045594506,0.37256896,-0.044284765,0.3263365,-0.03468439,-0.023733946,0.4274783,0.051864956,-0.09007107,0.9883649,0.09266909,-0.09330729,-0.12818651,0.33723563,0.18571657,-0.03559698,0.077987425,-0.045298893,-0.03803588,-0.022229996,0.17855582
@KUBILER,0.057359755,0.329377,0.9806138,-0.110448085,0.025796812,0.14110726,0.26395786,0.06446533,0.35125172,0.061247993,0.98757994,-0.11293725,0.0019276943,0.07045094,-0.083660215,-0.06309773,0.020627432,-0.04338302,0.1794684,0.103894636,0.020494971,0.0975006,0.26276523,-0.06779633,-0.040399157,0.06221428,0.09637502,-0.17012599,-0.07454966,-0.085674874,-0.074176416,-0.07511894,1.0000002,0.9844513,0.18442915,0.20820646,-0.10008888,-0.13074784,0.19975245,0.15120344,0.97563934,0.11987617,0.9497154,-0.06616764,-0.080451794,-0.08462647,-0.05357641,0.98249876,0.045932434,-0.0746336,-0.033686392,0.04777047,0.28119597,-0.11918477,-0.05729176,-0.098117635,0.3481159,-0.14165711,0.18308064,0.118334174,0.11947778,-0.062107027,-0.09707344,0.2185424,-0.10736114,0.22529295,-0.0007127691,-0.06226462,0.058535725,-0.13188027,0.27655935,0.31677043,0.15369135,0.06289641,0.23090465,0.22610727,0.05169342,0.9410175,0.13921756,0.27642608,0.06731286,-0.0032238192,0.028679904,-0.018758025,-0.03787263,0.058070023,0.684896,-0.0996749,-0.06534045,0.29408383,-0.06368143,0.93528706,0.15253729,-0.051676095,0.9834413,0.11750054,0.021245154,0.00020375755,0.0169834,-0.11191176
@Kenandgrat,0.07718245,0.27633098,0.97493744,-0.10406549,-0.011519406,0.1822149,0.20391762,0.09087097,0.2991976,0.09472079,0.99353534,-0.10183093,0.02598822,0.0885369,-0.08045537,-0.012469599,0.0722764,-0.031370707,0.12935117,0.06659513,0.05680008,0.13196671,0.26362717,-0.021914106,0.007494961,0.079589754,0.12928708,-0.1696907,-0.025255742,-0.07215311,-0.06329473,-0.02707224,0.9844513,0.99999994,0.21391253,0.16941881,-0.08233757,-0.14518549,0.25877067,0.19262499,0.9892589,0.12814009,0.93536323,-0.05349915,-0.070397384,-0.079020575,-0.040174104,0.9879811,0.0645052,-0.06651989,-0.01710765,0.07371002,0.21251166,-0.12233046,-0.008718145,-0.114078835,0.38225767,-0.1497762,0.23812199,0.15727894,0.14656882,-0.01098715,-0.104659796,0.25143996,-0.09495591,0.2756952,0.023123093,-0.01361961,0.11013888,-0.14725144,0.20802975,0.37351865,0.17720936,0.12561242,0.2054414,0.19311729,0.08048,0.89712423,0.16972196,0.31828722,0.09249064,0.012544019,0.04850783,-0.0008363561,-0.020824581,0.0909936,0.7373731,-0.113295026,-0.018948045,0.35294747,-0.058915213,0.9280119,0.17973459,-0.051297955,0.9857755,0.17330149,0.03977731,0.021416366,0.04052478,-0.07218606
@KokBisa,0.18468449,0.35505515,0.22974795,-0.031232525,0.08592652,0.34728616,0.24380288,0.015202384,0.38967407,0.8326056,0.20717937,0.017598208,0.31121826,0.39475244,0.014662681,0.05936332,0.080846176,-0.031982474,0.40102428,0.40966842,0.2547142,0.06725257,0.29467195,0.048792746,0.07672856,0.0952006,0.9061963,-0.064677045,0.0793321,0.03912744,-0.005008046,0.055009816,0.18442915,0.21391253,1.0,0.3342585,0.13383001,-0.08750525,0.46949056,0.9292056,0.21117836,0.0610687,0.24738058,0.07537365,-0.026594114,-0.048219763,0.35440716,0.23451713,0.01216204,0.014232913,0.15794775,0.011648525,0.26716337,0.08760673,0.03638178,-0.12686716,0.42061418,-0.11533119,0.38418376,0.92268896,0.9284025,0.07720587,-0.078903496,0.69446933,0.007944456,0.4574114,0.26927096,0.0682082,0.7474659,-0.102669,0.26677915,0.43569744,0.06840667,0.40913516,0.38787156,0.34116766,0.09026721,0.20080763,0.8670659,0.35795975,-0.010976103,0.22409558,0.20085806,0.22505245,0.19210419,0.02710042,0.5930638,-0.010812998,0.059266295,0.6091665,0.00715557,0.177697,0.06256087,0.03410036,0.22679055,0.43679577,0.36139628,0.24439842,0.23008457,0.11651125
@LuckyHakimChannel,0.38545287,0.91821253,0.2613424,-0.002273567,0.20733264,0.3848138,0.91434115,0.07832114,0.891558,0.05545976,0.19004953,0.20810485,-0.00420277,0.09680143,-0.2048438,0.014876455,0.032340918,-0.0064669587,0.9447057,0.9073982,0.37883836,0.1675838,0.5380187,-0.014922092,0.054194197,0.21001957,0.16472568,-0.088465504,-0.03223134,0.2115185,-0.020231398,0.012694815,0.20820646,0.16941881,0.3342585,1.0000002,0.27331465,-0.19237904,0.35444635,0.17797875,0.16924894,0.15460615,0.27054152,0.3001756,-0.02531115,-0.035264052,0.021605803,0.20507017,0.13991028,0.018615812,-0.06517568,0.06013812,0.8971052,-0.16770601,-0.011370657,-0.18939283,0.47431713,-0.17186216,0.29624975,0.13611922,0.1698147,0.056208797,-0.19932957,0.3722075,0.0004121149,0.32791814,0.44817173,0.0064307293,0.08541621,-0.19861993,0.8457058,0.3286429,0.15284878,0.2902862,0.87551016,0.9054812,0.098670386,0.3728869,0.19865489,0.3710148,0.1332551,-0.009340661,0.41231424,-0.029971842,-0.044351388,0.118083544,0.33400863,-0.13759735,-0.011673254,0.33032298,-2.2478402e-05,0.15652794,0.1586917,0.27568892,0.2075803,0.33874583,0.025876217,-0.01261875,-0.029720321,0.18390483
@MILYHYA,0.7890673,0.111400425,-0.087233216,0.2794316,0.20761037,0.3099469,0.1735363,0.094565384,0.13468082,0.13413882,-0.081926964,0.852823,-0.046749488,-0.032719407,0.09395188,0.16558287,0.13371632,0.20745213,0.13029823,0.09873758,0.822421,0.17731813,0.6556724,0.13310379,0.18242633,0.35784584,0.21168196,0.440961,0.15664361,0.84556806,0.1660246,0.20060305,-0.10008888,-0.08233757,0.13383001,0.27331465,1.0000002,0.102462426,0.30685318,0.14082494,-0.0633599,0.09024115,-0.052719533,0.94814026,0.18061665,0.17970143,0.041778274,-0.07771766,0.1168711,0.26287884,-0.08692156,0.0804526,0.09690612,0.13955522,0.14288005,0.06973402,0.119654864,0.1773577,0.16141093,0.13888063,0.1383836,0.25825256,0.13940643,0.2790152,0.26126254,0.19287315,0.81140673,0.14196813,0.2526212,0.09973243,0.105573505,0.2791769,0.08396038,0.3824573,0.09546788,0.078431234,0.33502388,-0.07164674,0.20255695,0.35439068,0.12008938,-0.07518965,0.8176993,-0.06699387,0.04344558,0.15164882,0.12969339,0.16363643,0.14056128,0.30673274,0.16944626,-0.02933594,0.11390428,0.8431549,-0.08187691,0.20681961,-0.07776575,-0.07075073,-0.053232215,0.67806363
@MNCTV_Sports,-0.10891256,-0.20707864,-0.15259548,-0.040970318,0.61650205,-0.19007641,-0.1327813,-0.11911094,-0.22625111,0.04258538,-0.14678398,0.086463675,0.083731145,0.07462622,0.84399414,-0.089195386,-0.11673645,-0.059350412,-0.15741828,-0.1139597,-0.08591422,-0.18101776,-0.14443108,-0.030054849,-0.09259925,-0.07798056,-0.0024886648,0.80507636,-0.04083762,0.03389713,-0.057777334,-0.06334582,-0.13074784,-0.14518549,-0.08750525,-0.19237904,0.102462426,1.0,-0.20735766,-0.031629205,-0.14354452,-0.14579226,-0.18050462,0.047678187,-0.05350423,-0.032890633,0.15020081,-0.15044755,-0.14655003,-0.07119041,0.17060024,-0.11374801,-0.1448077,0.9069858,-0.06788348,0.9352211,-0.23245652,0.9369955,-0.1807731,-0.0002958267,0.00047975406,-0.086334765,0.9200878,-0.09698161,-0.051311273,-0.14994466,-0.07396035,-0.06904964,0.015029129,0.9918293,-0.13545033,-0.22930564,-0.19615456,-0.15759608,-0.2251496,-0.21288416,-0.13624132,-0.15672484,-0.03467884,-0.2729587,-0.1355391,0.1222571,-0.06522149,0.1323731,0.24571657,-0.16393444,-0.20117609,0.928658,-0.04210153,-0.20576596,-0.05032395,-0.10369144,-0.18888994,0.010905476,-0.13553311,-0.17254543,0.12861031,0.118713886,0.13219836,0.014439418
@MajelisLucu,0.36958444,0.33513147,0.24220595,0.13944632,0.15459487,0.8937446,0.22764863,0.2704444,0.3730607,0.22082835,0.26855147,0.2462511,0.18789089,0.26252374,-0.01218942,0.19774106,0.2206862,0.19616917,0.22187309,0.21792392,0.56401926,0.39737234,0.48393586,0.11074664,0.20135263,0.3719064,0.408096,0.08623766,0.14745677,0.22121486,0.19636324,0.1545257,0.19975245,0.25877067,0.46949056,0.35444635,0.30685318,-0.20735766,0.99999964,0.49612546,0.22978291,0.23784053,0.29470205,0.2543548,0.1584458,0.12002207,0.17689529,0.27575648,0.258098,0.19429794,0.12482806,0.26195738,0.18053932,-0.058468614,0.15714428,-0.19798374,0.8948915,-0.13299623,0.9394039,0.41009206,0.35470486,0.20702426,-0.13940074,0.6459278,0.20263796,0.95451427,0.54724115,0.17052358,0.51788604,-0.19829635,0.17893666,0.8734533,0.3087501,0.93640375,0.4508149,0.38704234,0.49750555,0.17427924,0.35026962,0.87019885,0.3135028,0.1586027,0.49678442,0.15064454,0.13421969,0.35197586,0.6794151,-0.1138241,0.12294037,0.9184587,0.15355977,0.19119632,0.35839152,0.19723877,0.25271225,0.94517374,0.19930515,0.21297085,0.21686585,0.5594528
@MalakaProjectid,0.10253796,0.16758457,0.17306092,0.06900193,0.107532844,0.3694451,0.10205845,0.06978384,0.2044602,0.88081837,0.17646214,-0.012402637,0.4884678,0.56180984,0.107237235,0.057373777,0.069127955,0.07033996,0.22122651,0.26305896,0.21848875,0.103346676,0.18107043,0.046704456,0.0568019,0.14295077,0.95087403,0.039641973,0.10014055,0.026041325,0.10125887,0.048441425,0.15120344,0.19262499,0.9292056,0.17797875,0.14082494,-0.031629205,0.49612546,1.0000002,0.17457858,0.09467845,0.21514818,0.06754235,0.07662697,0.05284896,0.5371399,0.19376591,0.03058675,0.112336084,0.34366846,0.07672364,0.10422324,0.19417858,0.043166984,-0.07587507,0.38754076,-0.052964676,0.4117236,0.97664195,0.9474622,0.06456934,0.009434401,0.71831,0.114539936,0.48947072,0.21067782,0.069437705,0.8694577,-0.041744575,0.13456939,0.4919617,0.08920956,0.46726775,0.2017605,0.1554504,0.20142126,0.120427236,0.8866022,0.3694119,0.016067147,0.40000105,0.15093744,0.4071607,0.38277584,0.07401933,0.54813814,0.05480881,0.053898815,0.6406324,0.098250836,0.1798028,0.08721318,-0.017779727,0.18905455,0.4680677,0.53316927,0.42809224,0.42078418,0.1960175
@MamankKuliner,0.1154211,0.28078026,0.97885966,-0.111679345,-0.026051734,0.1546808,0.1967426,0.06380551,0.30282828,0.09354723,0.9895161,-0.0754348,-0.014542699,0.03914482,-0.08993471,0.007686204,0.09324369,-0.047297444,0.13366184,0.06259668,0.07520089,0.10724408,0.2858466,0.0018953527,0.031814475,0.05456962,0.121377885,-0.17759438,-0.00791782,-0.049634337,-0.07933559,-0.0041980874,0.97563934,0.9892589,0.21117836,0.16924894,-0.0633599,-0.14354452,0.22978291,0.17457858,1.0000001,0.10126519,0.9177773,-0.031324606,-0.08373216,-0.08973046,-0.078010604,0.9851242,0.046967566,-0.078062914,-0.05937362,0.04467161,0.21314909,-0.12987252,0.010156563,-0.111135505,0.3543905,-0.14987656,0.20721766,0.14701584,0.1412,0.013680832,-0.106538475,0.23160134,-0.10736127,0.23950952,0.04028053,0.0037602969,0.09252646,-0.14726454,0.19767204,0.3308198,0.15356898,0.099672034,0.20993462,0.19690818,0.056827627,0.9012133,0.16949944,0.29849404,0.07126352,-0.03245531,0.062647894,-0.043872163,-0.060802575,0.06522932,0.73333734,-0.11286509,0.005513248,0.3259111,-0.07061068,0.90933657,0.15590475,-0.020878902,0.98692966,0.13849577,-0.0038986513,-0.02494838,-0.0079111885,-0.0815587
@Mas-Wahid,0.22344106,0.15705079,0.12759449,-0.044583015,0.09509698,0.20196204,0.22538206,0.9522037,0.20761439,0.032208435,0.1165297,0.11633617,0.20080584,0.16438913,0.08452171,0.32826602,0.35200247,0.016674718,0.098673575,0.07781886,0.2348879,0.93395793,0.33187646,0.24751776,0.28267503,0.90252787,0.07531271,0.04229843,0.2880264,0.06884949,-0.023362447,0.28097415,0.11987617,0.12814009,0.0610687,0.15460615,0.09024115,-0.14579226,0.23784053,0.09467845,0.10126519,1.0000007,0.20545822,0.067015804,-0.017135236,-0.0476551,0.15649971,0.08911081,0.9529782,-0.00066573964,0.0933834,0.949532,0.172319,-0.09247755,0.3197231,-0.1033656,0.1889123,-0.0045043807,0.20442028,0.10364506,0.075349435,0.2942658,-0.04477651,0.22784185,-0.025340006,0.20584899,0.19916412,0.3198099,0.13417345,-0.13643596,0.27487907,0.5668795,0.9675864,0.20157625,0.1577565,0.15551794,0.05873672,0.15052193,0.17864478,0.16725397,0.9312578,0.14257088,0.2824713,0.10275328,0.18737084,0.94012284,0.12204048,-0.077475205,0.21443687,0.11976243,-0.005012711,0.10548434,0.9528185,0.04020807,0.06787723,0.22982603,0.14368421,0.12736611,0.14348593,0.2801997
@Melkibajaj,0.1067128,0.3930187,0.93748105,-0.037552588,0.061016344,0.25048006,0.33002886,0.13332143,0.43899688,0.094751954,0.93598264,-0.075509414,0.0055043884,0.09470817,-0.1088136,-0.08151685,0.0014686445,0.0386497,0.24008395,0.14875686,0.085744426,0.17165293,0.34191,-0.098674774,-0.060275875,0.16527581,0.16426294,-0.16813982,-0.101574436,-0.06552657,0.0019558873,-0.096786134,0.9497154,0.93536323,0.24738058,0.27054152,-0.052719533,-0.18050462,0.29470205,0.21514818,0.9177773,0.20545822,1.0000002,-0.025558565,-0.005759567,-0.016863715,-0.025096904,0.9375342,0.120341614,0.008406124,-0.034250982,0.117929935,0.338471,-0.1493585,-0.08220386,-0.14390673,0.4360515,-0.17770368,0.2640817,0.17588502,0.18176895,-0.07722765,-0.13881405,0.29268402,-0.030202845,0.31831276,0.06823589,-0.08258415,0.111118615,-0.1800181,0.3505283,0.43525034,0.22654533,0.15920307,0.29478097,0.28633553,0.15101048,0.92990637,0.20070763,0.3984741,0.12884437,-0.0015836421,0.096921906,-0.017466959,-0.02849296,0.12872481,0.7250415,-0.13331676,-0.09834434,0.389247,0.018134026,0.9347869,0.23862767,-0.027162112,0.92653847,0.2128996,0.031756155,0.004880777,0.02723245,-0.0061266054
@Miawaug,0.84684765,0.15790786,-0.05075976,0.1953696,0.16016814,0.25702348,0.2265801,0.056690242,0.16452315,0.07351574,-0.050805192,0.87718433,-0.0396149,-0.03519702,0.00047792308,0.19354898,0.16723326,0.12467477,0.16159925,0.13270013,0.8334242,0.15072161,0.69049704,0.16580987,0.22099581,0.33609623,0.13677609,0.37569243,0.18562767,0.91149783,0.080526434,0.2263198,-0.06616764,-0.05349915,0.07537365,0.3001756,0.94814026,0.047678187,0.2543548,0.06754235,-0.031324606,0.067015804,-0.025558565,1.0000002,0.098884024,0.09560804,0.040027738,-0.049462486,0.094437495,0.17725597,-0.0789275,0.04168534,0.15625456,0.052936077,0.17825115,0.0154332025,0.08733222,0.110028096,0.09642281,0.06533498,0.065409794,0.28351158,0.0630289,0.2333838,0.16736983,0.12148578,0.8461744,0.16347231,0.19812062,0.041823775,0.15628797,0.20895582,0.059931513,0.29522964,0.12442519,0.11337969,0.24560446,-0.027598225,0.15747027,0.30220705,0.09955805,-0.064729586,0.84385955,-0.060259752,0.041586377,0.12014572,0.12716548,0.097779006,0.17826396,0.24973418,0.08098103,-0.008055452,0.08808557,0.90611184,-0.052096516,0.13930905,-0.076198764,-0.0664564,-0.050952844,0.5902976
@MusicaStudios,-0.07625816,-0.15244138,-0.10158714,0.9795072,-0.095749915,0.2887345,-0.12949955,0.019025553,-0.09225862,0.023113385,-0.08301549,-0.02840634,0.03782768,0.07320066,-0.081359155,-0.083840564,-0.1099959,0.9766416,-0.07706712,-0.09162436,0.005827511,-0.0060073603,-0.12343139,-0.09643197,-0.0893091,-0.012203186,0.08342146,0.08367874,-0.085275054,-0.021696514,0.99067426,-0.061053235,-0.080451794,-0.070397384,-0.026594114,-0.02531115,0.18061665,-0.05350423,0.1584458,0.07662697,-0.08373216,-0.017135236,-0.005759567,0.098884024,1.0,0.98767895,0.08999345,-0.07247349,-0.05010695,0.98153156,0.08905841,0.037134547,-0.1528562,-0.019886006,-0.09736976,-0.08676689,0.07442809,-0.03226144,0.13454384,0.04123488,0.02788472,-0.05765652,0.0009267852,0.009800438,0.98241377,0.1540663,-0.044400625,-0.07429844,0.090702206,-0.034302108,-0.12485731,0.17688195,-0.024149556,0.2973028,-0.13129592,-0.11262439,0.88669276,-0.11360553,-0.032919418,0.40942928,-0.04738361,0.053348757,-0.067148976,0.08131459,0.07915932,0.027647344,-0.10662532,-0.06069408,-0.096253514,0.19770457,0.9860083,0.03421353,0.0017940914,-0.011355033,-0.08043683,0.19074343,0.03533724,0.07434484,0.09569133,0.50471604
@NagaswaraOfficial,-0.09072312,-0.15965344,-0.10619407,0.9770061,-0.097559564,0.2572846,-0.13764727,-0.010939229,-0.10164955,0.0069043585,-0.09010727,-0.035943817,0.017015196,0.053034477,-0.07091323,-0.10674116,-0.13454524,0.95995647,-0.081016794,-0.09790547,-0.016236933,-0.04148346,-0.14364724,-0.114909664,-0.11013545,-0.04676885,0.06139263,0.08262873,-0.10624375,-0.022120606,0.983603,-0.07981586,-0.08462647,-0.079020575,-0.048219763,-0.035264052,0.17970143,-0.032890633,0.12002207,0.05284896,-0.08973046,-0.0476551,-0.016863715,0.09560804,0.98767895,1.0000001,0.07080669,-0.07845461,-0.076648906,0.96870553,0.074082114,0.007463676,-0.15654045,-0.0061500818,-0.11995314,-0.07036643,0.04618957,-0.018469697,0.10326487,0.01791037,0.009271893,-0.07834026,0.017125811,-0.023683457,0.97799945,0.117773004,-0.06374158,-0.09615739,0.06494448,-0.013859848,-0.13245006,0.13440901,-0.05509697,0.2656905,-0.14150126,-0.12150903,0.8619156,-0.11451574,-0.05717791,0.36075026,-0.07684934,0.035974137,-0.08602244,0.06536262,0.064107835,-0.005193362,-0.12962648,-0.049051117,-0.11383693,0.16247691,0.9826336,0.027653906,-0.031533793,-0.011225577,-0.08514477,0.15629059,0.017320659,0.055433508,0.07698942,0.48148197
@NarasiNewsroom,-0.11211863,-0.009507316,-0.07629387,0.0884602,0.2869565,0.17397138,0.11384108,0.097005405,-0.045342468,0.45717216,-0.06578103,-0.08287298,0.92992705,0.9299053,0.2205277,-0.02265329,-0.04182811,0.0760367,0.029904515,0.17355922,0.024249498,0.0801475,-0.10251603,-0.024230367,-0.056623243,0.19026522,0.50579095,0.25546542,0.05989711,0.031014856,0.096727215,-0.044855095,-0.05357641,-0.040174104,0.35440716,0.021605803,0.041778274,0.15020081,0.17689529,0.5371399,-0.078010604,0.15649971,-0.025096904,0.040027738,0.08999345,0.07080669,0.9999999,-0.08129777,0.06461182,0.096826665,0.90432894,0.13038164,0.06061336,0.35233545,0.00064135133,0.08102284,0.07964423,0.11943073,0.1388968,0.5143236,0.4410892,-0.052339546,0.22210693,0.51150906,0.10816817,0.2034913,0.012229532,-0.02222481,0.63210577,0.1485336,0.15413535,0.20388274,0.07072323,0.20944536,-0.039955195,-0.03366797,0.11918337,-0.08324776,0.4727012,0.045950707,0.03935637,0.9207642,0.00017712079,0.92141604,0.92289126,0.073432595,0.092039056,0.20677504,-0.021986041,0.18834105,0.078917146,-0.028712854,0.043985732,-0.057097822,-0.073046446,0.1928212,0.93976223,0.91611934,0.91544616,0.118203476
@NexCarlos,0.09573286,0.3187136,0.9794707,-0.10288346,-0.011193471,0.19971135,0.2210964,0.05283831,0.3428444,0.08714038,0.9943856,-0.097794354,-0.018358707,0.05055557,-0.096586615,-0.028810479,0.05798768,-0.036495075,0.16924691,0.093866095,0.06768939,0.09729981,0.29000068,-0.037744578,-0.0015469792,0.041983772,0.12844743,-0.18562868,-0.047675192,-0.07172837,-0.0631207,-0.040362716,0.98249876,0.9879811,0.23451713,0.20507017,-0.07771766,-0.15044755,0.27575648,0.19376591,0.9851242,0.08911081,0.9375342,-0.049462486,-0.07247349,-0.07845461,-0.08129777,1.0,0.035059016,-0.06627085,-0.05888667,0.034118243,0.24243087,-0.1322586,-0.028736288,-0.120838165,0.41731232,-0.15856425,0.26162767,0.15692474,0.15097164,-0.022448,-0.117633715,0.24737705,-0.095352426,0.2953373,0.039306022,-0.030051894,0.09721675,-0.1522819,0.22294024,0.36590952,0.14343412,0.14133959,0.25570872,0.23974442,0.081270486,0.9044815,0.16893095,0.34210414,0.05980654,-0.028157843,0.05764671,-0.04060573,-0.06776827,0.05460628,0.74876976,-0.119198255,-0.031837717,0.3747707,-0.056773372,0.91684794,0.15028858,-0.038243406,0.99158835,0.18999556,0.0015178341,-0.018080046,-0.0039666444,-0.080904685
@OTOMOTIFTV,0.27422994,0.12637126,0.07463062,-0.07574479,0.04716382,0.2124241,0.17242897,0.9570466,0.17081022,-0.03792236,0.060906887,0.17084488,0.11599364,0.07335202,0.07341005,0.3914283,0.40788832,-0.017809281,0.06763655,0.048012227,0.2843008,0.9539701,0.35144156,0.29997247,0.3471306,0.8908486,0.002041796,0.045971043,0.33291042,0.107972346,-0.0563232,0.34330177,0.045932434,0.0645052,0.01216204,0.13991028,0.1168711,-0.14655003,0.258098,0.03058675,0.046967566,0.9529782,0.120341614,0.094437495,-0.05010695,-0.076648906,0.06461182,0.035059016,1.0,-0.03398581,0.028995657,0.9487397,0.120382994,-0.116804734,0.37268168,-0.102953464,0.20502368,0.009780185,0.23256862,0.034906983,0.003327006,0.35904163,-0.051158592,0.18500935,-0.055451993,0.21722764,0.25346732,0.37560922,0.08321187,-0.1392554,0.19116463,0.55917954,0.9595572,0.23154825,0.19168714,0.1769763,0.036337025,0.06800634,0.09596074,0.16151601,0.9725832,0.06702711,0.3172263,0.034815744,0.1090309,0.95832586,0.10433869,-0.08991736,0.26823664,0.121617235,-0.041239783,0.02021284,0.9562646,0.08464566,0.01411327,0.2602126,0.05969071,0.055948436,0.07423235,0.29360247
@OfficialNoahMusic,-0.007311081,-0.115926415,-0.09482654,0.9805343,-0.08046168,0.32242042,-0.0934932,0.030198853,-0.051758867,0.052021552,-0.0778117,0.04183545,0.029921014,0.071992144,-0.08880647,-0.094364405,-0.120730184,0.97021896,-0.041082606,-0.059847422,0.08361783,0.015493776,-0.04544408,-0.11146596,-0.09945004,0.031826347,0.12657155,0.1015294,-0.09766923,0.04604458,0.9741711,-0.07073232,-0.0746336,-0.06651989,0.014232913,0.018615812,0.26287884,-0.07119041,0.19429794,0.112336084,-0.078062914,-0.00066573964,0.008406124,0.17725597,0.98153156,0.96870553,0.096826665,-0.06627085,-0.03398581,0.99999964,0.071754344,0.045752637,-0.12050547,-0.025010677,-0.11023775,-0.103113934,0.09869984,-0.04220815,0.15680799,0.07588188,0.06532842,-0.06070776,-0.008378267,0.057231918,0.98214906,0.18330146,0.037321962,-0.086248845,0.12477918,-0.053812195,-0.091586575,0.2185924,-0.010164158,0.3325546,-0.10243572,-0.08639902,0.8944489,-0.09859344,0.008649658,0.45090282,-0.03138236,0.040020682,0.012183141,0.06721511,0.07554502,0.042310484,-0.07834462,-0.06736686,-0.11110487,0.24026662,0.97841555,0.04621434,0.020656377,0.06422398,-0.07521116,0.21827152,0.026873134,0.059992857,0.08319564,0.5621029
@OfficialiNews,-0.22566938,-0.10114192,-0.06511788,0.06923315,0.2496272,0.113460526,0.012046114,0.075581305,-0.15197523,0.24133116,-0.039294496,-0.19003093,0.9358969,0.9263418,0.22387347,-0.03185037,-0.04626818,0.072011106,-0.07700169,0.071439415,-0.11519933,0.047943972,-0.2416202,-0.031839304,-0.061738215,0.091059186,0.2680652,0.2213692,0.0464678,-0.079101205,0.09425422,-0.0568195,-0.033686392,-0.01710765,0.15794775,-0.06517568,-0.08692156,0.17060024,0.12482806,0.34366846,-0.05937362,0.0933834,-0.034250982,-0.0789275,0.08905841,0.074082114,0.90432894,-0.05888667,0.028995657,0.071754344,1.0000004,0.10891217,-0.03721939,0.3282741,-0.0016624965,0.10794453,0.05338124,0.13265869,0.1304815,0.3012931,0.21655864,-0.07116074,0.2406415,0.3431211,0.08647058,0.17115809,-0.12952991,-0.028680172,0.45056352,0.17553045,0.038725972,0.14128375,0.038993686,0.16122955,-0.10650169,-0.095407635,0.10503865,-0.105586365,0.23929843,-0.013654481,0.020989452,0.9760003,-0.13563809,0.97944206,0.9493396,0.04742366,0.008777903,0.18850593,-0.027131174,0.104502864,0.06668748,-0.025814446,0.013095466,-0.17420101,-0.05079632,0.15796748,0.94917727,0.9705705,0.9740237,0.021886706
@Otodriver,0.18389392,0.026096426,0.052440614,0.00244776,0.036647554,0.20699438,0.07782252,0.9958851,0.07554021,0.0010051606,0.060635682,0.09060354,0.19064057,0.14768223,0.12474042,0.3863589,0.3994136,0.071019046,-0.014840728,-0.021055117,0.21378529,0.9522637,0.23969793,0.30736083,0.3333937,0.87303686,0.03372932,0.07037311,0.34760326,0.047535777,0.032032907,0.3401512,0.04777047,0.07371002,0.011648525,0.06013812,0.0804526,-0.11374801,0.26195738,0.07672364,0.04467161,0.949532,0.117929935,0.04168534,0.037134547,0.007463676,0.13038164,0.034118243,0.9487397,0.045752637,0.10891217,1.0000001,0.025035724,-0.06124415,0.37647036,-0.07582095,0.1783238,0.037186135,0.24312276,0.07554525,0.02824077,0.34944868,-0.010505664,0.18362357,0.026377503,0.2240762,0.1649207,0.38519529,0.13669342,-0.10266493,0.10322416,0.5857938,0.9515261,0.24596521,0.07214153,0.061090726,0.118652634,0.034554522,0.11317992,0.16834141,0.9495249,0.14020559,0.23390256,0.111223735,0.17988394,0.9764738,0.07158674,-0.061937854,0.2690869,0.1453189,0.042561386,0.0479354,0.95907795,0.0021743681,0.014641274,0.26384395,0.13654369,0.13547137,0.15391672,0.31174487
@PANJIPETUALANG_REAL,0.2736271,0.95593834,0.31927508,-0.14166492,0.29055935,0.21988355,0.9574837,0.040280923,0.92654663,0.020161103,0.2324036,0.10557868,0.024832187,0.10846591,-0.16448583,-0.044543795,-0.016245095,-0.13584256,0.9299215,0.8704598,0.2209691,0.10846113,0.48948765,-0.062246382,-0.008871699,0.17633548,0.109990485,-0.113996506,-0.07941756,0.11524371,-0.15207979,-0.051931225,0.28119597,0.21251166,0.26716337,0.8971052,0.09690612,-0.1448077,0.18053932,0.10422324,0.21314909,0.172319,0.338471,0.15625456,-0.1528562,-0.15654045,0.06061336,0.24243087,0.120382994,-0.12050547,-0.03721939,0.025035724,0.99999976,-0.13744353,-0.05709745,-0.13335162,0.35402754,-0.14504406,0.14622167,0.08418054,0.13792214,-0.023468237,-0.16003127,0.29562873,-0.14377609,0.1839746,0.31320196,-0.05282637,0.0031734062,-0.15009172,0.96666086,0.17859583,0.13795397,0.081281126,0.8221034,0.8608017,-0.0866874,0.4889654,0.17071894,0.20277303,0.10262893,0.025756614,0.30252558,-0.003409374,-0.01931909,0.060533073,0.2852511,-0.08905686,-0.058619305,0.14256154,-0.11817726,0.19948927,0.12201303,0.18429485,0.2481204,0.16995597,0.056027986,0.012288761,-0.015070451,-0.003518757
@PSSITV,-0.10939341,-0.1923536,-0.14504245,-0.007466944,0.67194164,-0.06320814,-0.11877972,-0.07092668,-0.20762642,0.21961385,-0.1296365,0.061674792,0.2627796,0.27545112,0.88891363,-0.11531941,-0.13992836,-0.02264295,-0.13324374,-0.06703562,-0.024979854,-0.12518631,-0.117579676,-0.06440861,-0.12550166,0.007108191,0.21594022,0.817531,-0.053556047,0.027244555,-0.014211869,-0.098437175,-0.11918477,-0.12233046,0.08760673,-0.16770601,0.13955522,0.9069858,-0.058468614,0.19417858,-0.12987252,-0.09247755,-0.1493585,0.052936077,-0.019886006,-0.0061500818,0.35233545,-0.1322586,-0.116804734,-0.025010677,0.3282741,-0.06124415,-0.13744353,0.9999997,-0.09425595,0.87366533,-0.12247901,0.8723242,-0.049205184,0.21426076,0.20286205,-0.11284888,0.9090998,0.11238171,-0.004764691,0.012730434,-0.02546214,-0.09373517,0.24147537,0.9086238,-0.11306929,-0.07087193,-0.15485719,-0.011088442,-0.20655547,-0.20526727,-0.05339494,-0.1579927,0.15017511,-0.16158035,-0.101307094,0.2906191,-0.022757106,0.30389696,0.42345205,-0.116127476,-0.08623612,0.9247556,-0.07581418,-0.029558916,-0.01127911,-0.07085884,-0.14071736,-0.01099525,-0.11950648,-0.029838808,0.32243758,0.29605874,0.31488627,0.09583418
@PricebookIndonesia,0.435193,-0.041964166,-0.033102673,-0.11602327,-0.17730227,0.0053636804,-0.049925737,0.38603488,-0.04672224,0.108173415,-0.013922127,0.23472212,0.09110675,-0.021130404,0.02207736,0.9927772,0.98611367,-0.105607286,-0.056837186,-0.03539573,0.36057433,0.44879398,0.2375535,0.98376465,0.9847114,0.31911397,0.05292694,-0.036854874,0.9888433,0.28429577,-0.11810498,0.9857897,-0.05729176,-0.008718145,0.03638178,-0.011370657,0.14288005,-0.06788348,0.15714428,0.043166984,0.010156563,0.3197231,-0.08220386,0.17825115,-0.09736976,-0.11995314,0.00064135133,-0.028736288,0.37268168,-0.11023775,-0.0016624965,0.37647036,-0.05709745,-0.09425595,1.0,-0.09303245,-0.003689838,-0.022278666,0.082380295,0.089492485,0.036839463,0.9792229,-0.044026475,0.08740413,-0.11289176,0.015626004,0.25421214,0.98929745,0.22398388,-0.071555816,-0.06349699,0.17491938,0.39366484,0.124268375,-0.004286517,0.0040863478,-0.040999427,-0.089490265,0.17032987,0.033203594,0.40630996,0.01139303,0.30101448,0.01806892,0.031582214,0.45866525,0.054638147,-0.0921205,0.9858967,0.08262009,-0.13160193,-0.11627646,0.3683289,0.14177819,-0.022965616,0.07784875,0.007697793,0.015800849,0.035429742,0.14774963
@RCTISports,-0.119307935,-0.1878384,-0.117481515,-0.07754687,0.6697097,-0.17696244,-0.120258614,-0.07907709,-0.20762849,0.0010625552,-0.11485943,0.0749556,0.018160941,0.014729686,0.8423064,-0.11199598,-0.1324102,-0.08363104,-0.16063681,-0.12819804,-0.08596751,-0.13658455,-0.12348774,-0.06328154,-0.11695162,-0.03871725,-0.044864986,0.78855455,-0.07462632,0.0060388837,-0.090631336,-0.093919896,-0.098117635,-0.114078835,-0.12686716,-0.18939283,0.06973402,0.9352211,-0.19798374,-0.07587507,-0.111135505,-0.1033656,-0.14390673,0.0154332025,-0.08676689,-0.07036643,0.08102284,-0.120838165,-0.102953464,-0.103113934,0.10794453,-0.07582095,-0.13335162,0.87366533,-0.09303245,1.0000002,-0.21014887,0.94715464,-0.16426533,-0.044486098,-0.036515146,-0.11371567,0.92001486,-0.113775745,-0.08932978,-0.13498455,-0.0752949,-0.0954335,-0.032079764,0.93870366,-0.12757964,-0.2035585,-0.15255493,-0.16105026,-0.20847407,-0.19967702,-0.15294152,-0.11867313,-0.07268745,-0.25267762,-0.08576019,0.06324757,-0.06555061,0.06622456,0.18523866,-0.12281499,-0.18111125,0.9461937,-0.07667991,-0.19983943,-0.08303259,-0.07188685,-0.14304498,-0.003642078,-0.10322431,-0.16336364,0.063612536,0.060894266,0.0769751,-0.00031534862
@RansEntertainment,0.23480272,0.5162648,0.40719998,0.043056548,0.17083943,0.88723683,0.3793863,0.18824475,0.548316,0.11399625,0.40423688,0.084861316,0.10014607,0.20400488,-0.08304567,0.035439745,0.07709199,0.10945165,0.36977512,0.3396539,0.38693964,0.3016793,0.44207022,-0.04137572,0.054730773,0.2586853,0.2944542,-0.032801885,-0.024649069,0.04947319,0.11601505,-0.0042957035,0.3481159,0.38225767,0.42061418,0.47431713,0.119654864,-0.23245652,0.8948915,0.38754076,0.3543905,0.1889123,0.4360515,0.08733222,0.07442809,0.04618957,0.07964423,0.41731232,0.20502368,0.09869984,0.05338124,0.1783238,0.35402754,-0.12247901,-0.003689838,-0.21014887,1.0000001,-0.17819358,0.9295802,0.30133998,0.27386355,0.038812596,-0.19164194,0.5677834,0.10556814,0.93403757,0.40642232,0.0121796345,0.32996812,-0.22512937,0.32879186,0.7943799,0.25121504,0.8249105,0.63194454,0.5699954,0.37470978,0.3644391,0.24928917,0.81697375,0.24903908,0.096885905,0.3469295,0.07358477,0.042740446,0.24894273,0.7410557,-0.14741269,-0.028478447,0.82272005,0.08789355,0.30066618,0.30292517,0.07454523,0.39821824,0.90617836,0.13245247,0.14020374,0.1287688,0.36475915
@SPOTV.Indonesia,-0.031389587,-0.19643134,-0.15932909,-0.017409818,0.6678394,-0.11628972,-0.11591998,0.033796623,-0.20982024,0.0068781152,-0.15138009,0.16625278,0.054544013,0.04307897,0.88142717,-0.037690107,-0.06725314,-0.023890104,-0.16556421,-0.12987891,0.011956442,-0.018880334,-0.05249829,-7.5025484e-05,-0.049632702,0.089546695,-0.025858674,0.85140145,-0.0045044012,0.08225576,-0.03831121,-0.018960629,-0.14165711,-0.1497762,-0.11533119,-0.17186216,0.1773577,0.9369955,-0.13299623,-0.052964676,-0.14987656,-0.0045043807,-0.17770368,0.110028096,-0.03226144,-0.018469697,0.11943073,-0.15856425,0.009780185,-0.04220815,0.13265869,0.037186135,-0.14504406,0.8723242,-0.022278666,0.94715464,-0.17819358,1.0000001,-0.11180848,-0.027058568,-0.028056372,-0.034914944,0.94162095,-0.071839534,-0.027284347,-0.081840046,0.013446751,-0.024866544,0.010389529,0.9376878,-0.1290296,-0.11440995,-0.05864257,-0.08062141,-0.20177194,-0.19451766,-0.08272338,-0.16629647,-0.05098401,-0.20199987,0.036043935,0.091476746,0.032348484,0.09290011,0.2316728,-0.0066446736,-0.18871996,0.9390341,-0.018076908,-0.15737352,-0.029766098,-0.10554249,-0.038803045,0.058997534,-0.1475493,-0.10207829,0.08799439,0.088387385,0.10990933,0.1285525
@SPROSULEPRODUCTIONS,0.2075064,0.30476767,0.22540998,0.10185794,0.15265624,0.8942472,0.18173367,0.2484932,0.33714753,0.13609843,0.25489557,0.107797876,0.16285682,0.23581116,0.0012674984,0.122668445,0.14852434,0.16802016,0.1822587,0.17616278,0.40287828,0.35070473,0.35254893,0.037736326,0.12319929,0.28907698,0.31387293,0.054874353,0.06895189,0.0749436,0.17708549,0.07770952,0.18308064,0.23812199,0.38418376,0.29624975,0.16141093,-0.1807731,0.9394039,0.4117236,0.20721766,0.20442028,0.2640817,0.09642281,0.13454384,0.10326487,0.1388968,0.26162767,0.23256862,0.15680799,0.1304815,0.24312276,0.14622167,-0.049205184,0.082380295,-0.16426533,0.9295802,-0.11180848,1.0000004,0.32803017,0.27569485,0.119785294,-0.113312215,0.5506301,0.17281255,0.96757543,0.38935733,0.0990593,0.4131539,-0.16925383,0.1375594,0.82554317,0.279661,0.9276203,0.43224928,0.37042743,0.45223188,0.15027368,0.24546114,0.81355774,0.29041684,0.15594235,0.34762034,0.14213212,0.11591107,0.31238818,0.6310141,-0.100913286,0.04930246,0.8436085,0.13553892,0.15158954,0.32967776,0.057278607,0.23742384,0.9614624,0.18157992,0.21131407,0.20501317,0.46056843
@SatuPersenIndonesianLifeschool,0.11267866,0.13556756,0.13821514,0.035835188,0.09236594,0.29202875,0.07785048,0.06836032,0.17293474,0.9198482,0.14031139,-0.0038064695,0.45630243,0.5071566,0.13320567,0.1017742,0.110919446,0.028076561,0.1979298,0.23287264,0.20521542,0.092909455,0.1712352,0.0994107,0.09861351,0.13938215,0.9757339,0.043339726,0.15098608,0.03255561,0.05948709,0.096696615,0.118334174,0.15727894,0.92268896,0.13611922,0.13888063,-0.0002958267,0.41009206,0.97664195,0.14701584,0.10364506,0.17588502,0.06533498,0.04123488,0.01791037,0.5143236,0.15692474,0.034906983,0.07588188,0.3012931,0.07554525,0.08418054,0.21426076,0.089492485,-0.044486098,0.30133998,-0.027058568,0.32803017,1.0000006,0.97720224,0.10887527,0.03475537,0.6842824,0.076989405,0.39722896,0.18748268,0.11428664,0.87225294,-0.012540903,0.1182004,0.41648442,0.08913034,0.38580585,0.1502758,0.111853845,0.13483372,0.09339923,0.9327121,0.2879044,0.01013224,0.35611987,0.14157319,0.3627137,0.35748738,0.06862481,0.5071206,0.08319244,0.10562576,0.5593245,0.06178627,0.13768034,0.08012359,-0.013737261,0.15349627,0.38053888,0.48916945,0.3758132,0.3720281,0.1585738
@SiKutuBuku,0.118965074,0.1850481,0.14253758,0.027664136,0.10184462,0.2580556,0.11879405,0.024063937,0.23013702,0.9224199,0.13216278,0.0030256752,0.36374593,0.42856866,0.11898418,0.051331677,0.06141485,0.013683151,0.25321853,0.26624244,0.19235562,0.046790764,0.20084983,0.052851167,0.055239625,0.10655784,0.9779933,0.026890524,0.09342885,0.023249658,0.04520678,0.052159816,0.11947778,0.14656882,0.9284025,0.1698147,0.1383836,0.00047975406,0.35470486,0.9474622,0.1412,0.075349435,0.18176895,0.065409794,0.02788472,0.009271893,0.4410892,0.15097164,0.003327006,0.06532842,0.21655864,0.02824077,0.13792214,0.20286205,0.036839463,-0.036515146,0.27386355,-0.028056372,0.27569485,0.97720224,1.0000001,0.06456522,0.030737681,0.652403,0.0651952,0.34796357,0.18293399,0.06567041,0.8184767,-0.012508834,0.16643375,0.36020213,0.0540535,0.3279548,0.18195254,0.14793336,0.10186408,0.12302278,0.91596246,0.26285163,-0.02705013,0.27210668,0.13758312,0.27964103,0.28059012,0.022163477,0.48769754,0.091207534,0.05944255,0.51613426,0.056200802,0.1377258,0.043588705,0.0013680579,0.14908989,0.32794085,0.4076597,0.28710818,0.2829183,0.13415748
@Sobat_HAPE,0.5412455,0.005849258,-0.028306093,-0.06601394,-0.18456346,0.057648793,-0.014631998,0.3648752,0.007610447,0.12546265,-0.014009516,0.32752174,0.021991871,-0.07524808,-0.004605895,0.9877521,0.9765477,-0.06623076,-0.0040851245,0.0028207665,0.45786986,0.43941462,0.32766706,0.9741314,0.9885622,0.32044816,0.08344743,-0.029198986,0.97063243,0.36965415,-0.080752455,0.9925296,-0.062107027,-0.01098715,0.07720587,0.056208797,0.25825256,-0.086334765,0.20702426,0.06456934,0.013680832,0.2942658,-0.07722765,0.28351158,-0.05765652,-0.07834026,-0.052339546,-0.022448,0.35904163,-0.06070776,-0.07116074,0.34944868,-0.023468237,-0.11284888,0.9792229,-0.11371567,0.038812596,-0.034914944,0.119785294,0.10887527,0.06456522,1.0,-0.065771475,0.117038116,-0.06285204,0.0529367,0.35486305,0.979558,0.24047524,-0.09074027,-0.04115583,0.20884302,0.37799823,0.18795735,0.051386088,0.056862675,0.014725564,-0.08460125,0.19396925,0.09927446,0.3909421,-0.057546735,0.39277476,-0.04862017,-0.03277964,0.44613475,0.09642471,-0.10451715,0.97723824,0.14028654,-0.09009206,-0.11578701,0.3590207,0.2420752,-0.019734804,0.119730026,-0.05605564,-0.04937981,-0.03293331,0.22937767
@SportsChannelIndonesia,-0.10124972,-0.223301,-0.12603103,0.018354403,0.6446764,-0.12618466,-0.13971473,-0.016293697,-0.23866938,0.05982366,-0.109693095,0.08914379,0.14744571,0.13870156,0.88269603,-0.06496004,-0.09397607,0.004224308,-0.18051754,-0.1373504,-0.033224627,-0.0745718,-0.11682634,-0.019586232,-0.078043476,0.030876383,0.03784001,0.81299835,-0.017073404,0.04030717,-0.00085956976,-0.04521965,-0.09707344,-0.104659796,-0.078903496,-0.19932957,0.13940643,0.9200878,-0.13940074,0.009434401,-0.106538475,-0.04477651,-0.13881405,0.0630289,0.0009267852,0.017125811,0.22210693,-0.117633715,-0.051158592,-0.008378267,0.2406415,-0.010505664,-0.16003127,0.9090998,-0.044026475,0.92001486,-0.19164194,0.94162095,-0.113312215,0.03475537,0.030737681,-0.065771475,1.0000002,-0.033741973,0.008814618,-0.07808042,-0.05370444,-0.04704907,0.078789964,0.9210336,-0.13815767,-0.123932235,-0.10112961,-0.08162665,-0.24523425,-0.23352502,-0.050328605,-0.14200042,-0.007565627,-0.20057273,-0.03672477,0.18862522,-0.033933267,0.1979002,0.33989608,-0.06067086,-0.1737104,0.935663,-0.03350233,-0.13897103,0.0042359233,-0.05677499,-0.09203776,0.0018670815,-0.1034995,-0.108407505,0.18625848,0.18643554,0.22190434,0.094101235
@TirtaPengPengPeng,0.2905963,0.3692011,0.24557114,0.008818084,0.2337665,0.597859,0.35075596,0.17777649,0.3702103,0.5601556,0.2440503,0.17437975,0.45010814,0.5331923,0.076440945,0.10431766,0.12380132,0.021326885,0.30978382,0.36264634,0.45500624,0.25764263,0.39925718,0.053691447,0.10267868,0.33621982,0.7165408,0.11683819,0.11598526,0.19604337,0.02836833,0.07278842,0.2185424,0.25143996,0.69446933,0.3722075,0.2790152,-0.09698161,0.6459278,0.71831,0.23160134,0.22784185,0.29268402,0.2333838,0.009800438,-0.023683457,0.51150906,0.24737705,0.18500935,0.057231918,0.3431211,0.18362357,0.29562873,0.11238171,0.08740413,-0.113775745,0.5677834,-0.071839534,0.5506301,0.6842824,0.652403,0.117038116,-0.033741973,1.0000002,0.044885747,0.62970996,0.41834664,0.08209194,0.73741055,-0.100950256,0.3307294,0.6185044,0.2201887,0.5959735,0.38097298,0.35453236,0.24161418,0.23026964,0.6779957,0.52329224,0.17718449,0.39514595,0.38618445,0.38918787,0.4057039,0.21522486,0.63719064,0.016050227,0.06400352,0.661451,0.017432496,0.21970323,0.23257619,0.186228,0.23975217,0.5725704,0.48035288,0.41298127,0.43573087,0.36520982
@TrinityOptimaProduction,-0.030990243,-0.13877872,-0.12531328,0.9897723,-0.08178136,0.3374129,-0.11649737,0.009713763,-0.07575434,0.054746643,-0.107489675,0.03244099,0.04138987,0.08197279,-0.07308241,-0.095369115,-0.12574418,0.9634763,-0.058875296,-0.074528806,0.07033085,-0.008326596,-0.07910512,-0.11164267,-0.1006446,0.0022167927,0.12749799,0.10965642,-0.09615187,0.03695799,0.97899467,-0.07096635,-0.10736114,-0.09495591,0.007944456,0.0004121149,0.26126254,-0.051311273,0.20263796,0.114539936,-0.10736127,-0.025340006,-0.030202845,0.16736983,0.98241377,0.97799945,0.10816817,-0.095352426,-0.055451993,0.98214906,0.08647058,0.026377503,-0.14377609,-0.004764691,-0.11289176,-0.08932978,0.10556814,-0.027284347,0.17281255,0.076989405,0.0651952,-0.06285204,0.008814618,0.044885747,1.0,0.19322711,0.023704007,-0.08761715,0.13183019,-0.03306404,-0.11658697,0.20969498,-0.034111027,0.35239673,-0.11621582,-0.101331726,0.8920963,-0.13370255,-0.000121550635,0.43904054,-0.053198576,0.053674582,-0.0067657963,0.08148902,0.08873822,0.02157313,-0.08775187,-0.052946974,-0.110036075,0.24253002,0.9750227,0.012850963,-0.005162051,0.048458084,-0.103874415,0.23530452,0.039175995,0.07619303,0.09757172,0.5554451
@VINDES,0.2135379,0.33964634,0.26541418,0.12446905,0.23903312,0.9019687,0.22464412,0.22770828,0.37590665,0.19728991,0.28714544,0.123195514,0.20856752,0.30097738,0.04805438,0.053966776,0.08050734,0.195674,0.21760762,0.21666968,0.42425466,0.33475417,0.38587424,-0.02738612,0.056290776,0.31036454,0.38938737,0.10829319,0.008315323,0.081315905,0.19878282,0.011036608,0.22529295,0.2756952,0.4574114,0.32791814,0.19287315,-0.14994466,0.95451427,0.48947072,0.23950952,0.20584899,0.31831276,0.12148578,0.1540663,0.117773004,0.2034913,0.2953373,0.21722764,0.18330146,0.17115809,0.2240762,0.1839746,0.012730434,0.015626004,-0.13498455,0.93403757,-0.081840046,0.96757543,0.39722896,0.34796357,0.0529367,-0.07808042,0.62970996,0.19322711,1.0000004,0.4217144,0.03139429,0.4677601,-0.13852258,0.18304682,0.85075843,0.26502734,0.9189331,0.46027434,0.39457858,0.47613072,0.20079964,0.30925778,0.8444448,0.27195838,0.20309025,0.36947054,0.18837538,0.1663094,0.2882705,0.6770273,-0.048483565,-0.016475406,0.8820537,0.15946722,0.21376976,0.3150553,0.075097136,0.27242726,0.9619826,0.23939797,0.25652856,0.25165415,0.48100632
@WindahBasudara,0.89404345,0.3829429,0.05426832,0.018906629,0.21457554,0.49742758,0.37400165,0.18590756,0.4021574,0.11948705,0.036585864,0.8671141,-0.04839975,-0.021356214,-0.01818278,0.28807247,0.28006005,-0.010700809,0.31630048,0.27995825,0.95221376,0.33186692,0.8765985,0.22431463,0.31300816,0.47401914,0.24070597,0.3031881,0.24117239,0.85046166,-0.048534043,0.288116,-0.0007127691,0.023123093,0.26927096,0.44817173,0.81140673,-0.07396035,0.54724115,0.21067782,0.04028053,0.19916412,0.06823589,0.8461744,-0.044400625,-0.06374158,0.012229532,0.039306022,0.25346732,0.037321962,-0.12952991,0.1649207,0.31320196,-0.02546214,0.25421214,-0.0752949,0.40642232,0.013446751,0.38935733,0.18748268,0.18293399,0.35486305,-0.05370444,0.41834664,0.023704007,0.4217144,1.0,0.24937306,0.29295468,-0.078807466,0.2940839,0.47575015,0.21875086,0.5101845,0.4155699,0.37092346,0.18301481,0.070755914,0.2682739,0.50570244,0.27476162,-0.09014053,0.9600389,-0.09124825,-0.032952145,0.27704406,0.3743924,0.021638362,0.23626979,0.49714136,-0.046913438,0.019576501,0.25924852,0.8596968,0.03166053,0.43537545,-0.07145004,-0.07666573,-0.06959832,0.61588824
@YoutuberCupu,0.42660633,-0.031031452,-0.036145918,-0.09374006,-0.19269407,0.013360916,-0.05199419,0.3969077,-0.027572505,0.12680098,-0.019550692,0.21789055,0.064483896,-0.03892087,0.023547746,0.9888363,0.98016167,-0.083085254,-0.03325919,-0.020249894,0.35323882,0.4533956,0.23514934,0.98430854,0.9826141,0.31377032,0.075912535,-0.051372536,0.9808277,0.26179704,-0.094591096,0.9892608,-0.06226462,-0.01361961,0.0682082,0.0064307293,0.14196813,-0.06904964,0.17052358,0.069437705,0.0037602969,0.3198099,-0.08258415,0.16347231,-0.07429844,-0.09615739,-0.02222481,-0.030051894,0.37560922,-0.086248845,-0.028680172,0.38519529,-0.05282637,-0.09373517,0.98929745,-0.0954335,0.0121796345,-0.024866544,0.0990593,0.11428664,0.06567041,0.979558,-0.04704907,0.08209194,-0.08761715,0.03139429,0.24937306,1.0000002,0.22995372,-0.07349385,-0.06413862,0.19562706,0.39691198,0.14240785,0.014992708,0.020564534,-0.021706726,-0.09309948,0.18171713,0.050831683,0.40959144,-0.014633061,0.28860983,-0.0058095283,0.0009615696,0.4662401,0.056696177,-0.09619044,0.98252386,0.106643066,-0.104884714,-0.11419375,0.37666696,0.123420805,-0.025436742,0.099867985,-0.01231214,-0.0071824156,0.0076009296,0.15942705
@ZeniusEducation,0.20215914,0.05374254,0.06739584,0.09022797,0.12438034,0.40081638,0.037823398,0.12008344,0.0685618,0.7912028,0.09329815,0.119794026,0.5632005,0.5939841,0.17276102,0.23713753,0.23028429,0.077809334,0.08382222,0.15670885,0.34683007,0.1615003,0.18846032,0.21495336,0.21742587,0.21610498,0.87785494,0.17032048,0.2872839,0.18673185,0.10658705,0.21958292,0.058535725,0.11013888,0.7474659,0.08541621,0.2526212,0.015029129,0.51788604,0.8694577,0.09252646,0.13417345,0.111118615,0.19812062,0.090702206,0.06494448,0.63210577,0.09721675,0.08321187,0.12477918,0.45056352,0.13669342,0.0031734062,0.24147537,0.22398388,-0.032079764,0.32996812,0.010389529,0.4131539,0.87225294,0.8184767,0.24047524,0.078789964,0.73741055,0.13183019,0.4677601,0.29295468,0.22995372,1.0000005,0.007716665,0.052555002,0.482607,0.122811094,0.5169901,0.07260684,0.04443533,0.24287564,0.0031377114,0.8101151,0.36567026,0.0735369,0.4827866,0.25596768,0.4958868,0.5081887,0.15029866,0.48879308,0.10080378,0.22539534,0.6054113,0.08580495,0.078643404,0.12169409,0.09405412,0.09426116,0.46293616,0.5784706,0.5073973,0.52663076,0.31784233
@ZonaJuaraSports,-0.11546209,-0.21354806,-0.156297,-0.023688467,0.6324276,-0.17734787,-0.13868603,-0.10842917,-0.22987583,0.02559279,-0.14819454,0.080599114,0.083525985,0.07670633,0.8457,-0.09418921,-0.1195984,-0.039373197,-0.1660397,-0.12499167,-0.08914626,-0.17168754,-0.14825016,-0.036680575,-0.09630899,-0.069310755,-0.014535916,0.8117014,-0.047189828,0.027344761,-0.039169323,-0.06892796,-0.13188027,-0.14725144,-0.102669,-0.19861993,0.09973243,0.9918293,-0.19829635,-0.041744575,-0.14726454,-0.13643596,-0.1800181,0.041823775,-0.034302108,-0.013859848,0.1485336,-0.1522819,-0.1392554,-0.053812195,0.17553045,-0.10266493,-0.15009172,0.9086238,-0.071555816,0.93870366,-0.22512937,0.9376878,-0.16925383,-0.012540903,-0.012508834,-0.09074027,0.9210336,-0.100950256,-0.03306404,-0.13852258,-0.078807466,-0.07349385,0.007716665,1.0000004,-0.1393339,-0.21815942,-0.18698698,-0.14544973,-0.23246643,-0.21981233,-0.115275465,-0.158979,-0.049618363,-0.2610533,-0.12740101,0.12642716,-0.0667812,0.13666883,0.24603662,-0.1529356,-0.20761785,0.9325762,-0.04866857,-0.20086995,-0.03176271,-0.10334656,-0.18007942,0.0047086235,-0.13888058,-0.16110042,0.1295166,0.12473686,0.13623795,0.027957918
@amarpdchannel,0.2487507,0.9041767,0.30724823,-0.114780515,0.33302575,0.2262376,0.96163464,0.11397442,0.8812007,0.050541684,0.21932527,0.10493174,0.11335361,0.1928334,-0.1309635,-0.054685615,-0.027078938,-0.10518488,0.87719667,0.8342085,0.21294487,0.17034453,0.4774241,-0.07737461,-0.029438544,0.27085045,0.14909834,-0.07639838,-0.0830995,0.1080968,-0.12444516,-0.0674921,0.27655935,0.20802975,0.26677915,0.8457058,0.105573505,-0.13545033,0.17893666,0.13456939,0.19767204,0.27487907,0.3505283,0.15628797,-0.12485731,-0.13245006,0.15413535,0.22294024,0.19116463,-0.091586575,0.038725972,0.10322416,0.96666086,-0.11306929,-0.06349699,-0.12757964,0.32879186,-0.1290296,0.1375594,0.1182004,0.16643375,-0.04115583,-0.13815767,0.3307294,-0.11658697,0.18304682,0.2940839,-0.06413862,0.052555002,-0.1393339,1.0000005,0.21879658,0.21222267,0.09045946,0.75395715,0.8018354,-0.058108833,0.48335764,0.21265796,0.20362583,0.16150625,0.1069168,0.30741966,0.07271316,0.077328466,0.12726003,0.2678494,-0.07427269,-0.07737607,0.1328834,-0.09020869,0.20926467,0.18530777,0.16426851,0.224485,0.16903228,0.13509993,0.0892255,0.06997335,0.041363582
@ariefmuhammaddd,0.33284205,0.29713723,0.34441024,0.14799733,0.13830854,0.78014207,0.23884039,0.59460044,0.36470428,0.22827858,0.36933205,0.19647937,0.22969764,0.3018054,0.030498013,0.21000859,0.24475306,0.22815362,0.19531517,0.17493108,0.5050414,0.6841442,0.49595535,0.11185104,0.19456577,0.65569496,0.39864132,0.08776326,0.15929723,0.16394949,0.2055572,0.16128594,0.31677043,0.37351865,0.43569744,0.3286429,0.2791769,-0.22930564,0.8734533,0.4919617,0.3308198,0.5668795,0.43525034,0.20895582,0.17688195,0.13440901,0.20388274,0.36590952,0.55917954,0.2185924,0.14128375,0.5857938,0.17859583,-0.07087193,0.17491938,-0.2035585,0.7943799,-0.11440995,0.82554317,0.41648442,0.36020213,0.20884302,-0.123932235,0.6185044,0.20969498,0.85075843,0.47575015,0.19562706,0.482607,-0.21815942,0.21879658,0.9999999,0.61860967,0.8288988,0.38838482,0.33112815,0.47938168,0.27917686,0.37644014,0.7784935,0.6016294,0.18570837,0.4694472,0.16809642,0.1850693,0.6378176,0.6516373,-0.12269525,0.10450077,0.8246449,0.18554014,0.33836007,0.6663302,0.13017063,0.33791494,0.84407485,0.22869775,0.22574045,0.24109535,0.57631946
@carmudiID,0.2602904,0.15132377,0.16788232,-0.057724103,0.016714077,0.23710273,0.17562762,0.961848,0.20352258,0.0067804586,0.16920236,0.11285135,0.1427781,0.10289036,0.032390945,0.40852106,0.4419927,0.008106517,0.079945326,0.052802227,0.26602164,0.96750164,0.35347736,0.31843984,0.36801982,0.87079835,0.048745442,-0.020027623,0.35435563,0.06505034,-0.029221715,0.35897234,0.15369135,0.17720936,0.06840667,0.15284878,0.08396038,-0.19615456,0.3087501,0.08920956,0.15356898,0.9675864,0.22654533,0.059931513,-0.024149556,-0.05509697,0.07072323,0.14343412,0.9595572,-0.010164158,0.038993686,0.9515261,0.13795397,-0.15485719,0.39366484,-0.15255493,0.25121504,-0.05864257,0.279661,0.08913034,0.0540535,0.37799823,-0.10112961,0.2201887,-0.034111027,0.26502734,0.21875086,0.39691198,0.122811094,-0.18698698,0.21222267,0.61860967,1.0,0.26137894,0.18559158,0.1725183,0.08035351,0.1581158,0.15557298,0.21977402,0.9539339,0.084914565,0.29514533,0.049207177,0.1061084,0.9660146,0.18209878,-0.13731727,0.28904027,0.18342023,-0.015008679,0.11755486,0.9787526,0.034743987,0.11761285,0.29235446,0.08330739,0.08020136,0.088651255,0.2789027
@corbuzier,0.32781225,0.21994159,0.10464831,0.28722876,0.14149076,0.8996892,0.14326228,0.248449,0.26182252,0.21762706,0.13421339,0.25464916,0.19991878,0.26687473,0.013203029,0.16901538,0.1705054,0.33160293,0.1475862,0.15336621,0.5384499,0.35494465,0.39228392,0.081466846,0.16624397,0.33644593,0.3966763,0.14858179,0.12345359,0.23523301,0.3334322,0.13746622,0.06289641,0.12561242,0.40913516,0.2902862,0.3824573,-0.15759608,0.93640375,0.46726775,0.099672034,0.20157625,0.15920307,0.29522964,0.2973028,0.2656905,0.20944536,0.14133959,0.23154825,0.3325546,0.16122955,0.24596521,0.081281126,-0.011088442,0.124268375,-0.16105026,0.8249105,-0.08062141,0.9276203,0.38580585,0.3279548,0.18795735,-0.08162665,0.5959735,0.35239673,0.9189331,0.5101845,0.14240785,0.5169901,-0.14544973,0.09045946,0.8288988,0.26137894,1.0,0.3560573,0.3005727,0.61218053,0.025822675,0.30257595,0.838572,0.27513728,0.18165892,0.46007466,0.18026742,0.17766592,0.32289284,0.55343103,-0.075021334,0.09363072,0.8625777,0.2882771,0.076186426,0.3105827,0.2053897,0.11728193,0.9428866,0.20520614,0.23517014,0.24119331,0.640345
@deHakims,0.31526136,0.9092894,0.32781327,-0.13643868,0.17837608,0.45794672,0.8129468,0.09170094,0.8957356,0.04348004,0.23617807,0.110460535,-0.039495654,0.05656683,-0.20431575,0.03127099,0.06220629,-0.11500196,0.8534304,0.8084811,0.31524515,0.19208473,0.5218556,-0.011872627,0.07732446,0.17238069,0.15597084,-0.1620906,-0.035681747,0.08284406,-0.1145951,0.01407825,0.23090465,0.2054414,0.38787156,0.87551016,0.09546788,-0.2251496,0.4508149,0.2017605,0.20993462,0.1577565,0.29478097,0.12442519,-0.13129592,-0.14150126,-0.039955195,0.25570872,0.19168714,-0.10243572,-0.10650169,0.07214153,0.8221034,-0.20655547,-0.004286517,-0.20847407,0.63194454,-0.20177194,0.43224928,0.1502758,0.18195254,0.051386088,-0.24523425,0.38097298,-0.11621582,0.46027434,0.4155699,0.014992708,0.07260684,-0.23246643,0.75395715,0.38838482,0.18559158,0.3560573,0.99999964,0.97959036,0.0070581175,0.3917538,0.19038057,0.41224307,0.18360573,-0.04492659,0.34173462,-0.0715348,-0.11478308,0.13728501,0.45989287,-0.17085183,-0.00656996,0.39489204,-0.09495483,0.13373944,0.19783427,0.15826105,0.25193018,0.47106963,-0.0039499113,-0.039910138,-0.07087162,0.08204142
@deHakimsAviaryIrfanHakim,0.29282475,0.9249741,0.3136847,-0.11690894,0.17841649,0.4155568,0.8577148,0.078607485,0.90098214,0.019121978,0.22206573,0.088853516,-0.03561455,0.056676537,-0.2050307,0.036660936,0.063940726,-0.09762607,0.88470745,0.8577732,0.27957082,0.17192681,0.48622328,-0.0015308759,0.07951315,0.155044,0.12434656,-0.16488257,-0.027119398,0.066222794,-0.10013564,0.022177696,0.22610727,0.19311729,0.34116766,0.9054812,0.078431234,-0.21288416,0.38704234,0.1554504,0.19690818,0.15551794,0.28633553,0.11337969,-0.11262439,-0.12150903,-0.03366797,0.23974442,0.1769763,-0.08639902,-0.095407635,0.061090726,0.8608017,-0.20526727,0.0040863478,-0.19967702,0.5699954,-0.19451766,0.37042743,0.111853845,0.14793336,0.056862675,-0.23352502,0.35453236,-0.101331726,0.39457858,0.37092346,0.020564534,0.04443533,-0.21981233,0.8018354,0.33112815,0.1725183,0.3005727,0.97959036,1.0,0.004418658,0.3966354,0.16323888,0.369828,0.1658291,-0.037611365,0.309571,-0.06426364,-0.101740696,0.1218636,0.40250772,-0.16577005,0.003468955,0.327075,-0.07827646,0.13185076,0.1783656,0.13993052,0.23706082,0.40390143,-0.002605322,-0.037960038,-0.06164055,0.06731707
@dennycaknan6996,0.10609821,-0.033915922,0.036687605,0.87351507,-0.024251474,0.5659559,-0.03909955,0.107240975,0.025443438,0.06646138,0.07347835,0.10613177,0.07580483,0.13231638,-0.0889435,-0.017492015,-0.031901177,0.90901244,-0.024121929,-0.043977648,0.251711,0.13520342,0.09760104,-0.061065845,-0.023042772,0.13835564,0.17973791,0.11576251,-0.03440465,0.11396608,0.89726925,-0.010960844,0.05169342,0.08048,0.09026721,0.098670386,0.33502388,-0.13624132,0.49750555,0.20142126,0.056827627,0.05873672,0.15101048,0.24560446,0.88669276,0.8619156,0.11918337,0.081270486,0.036337025,0.8944489,0.10503865,0.118652634,-0.0866874,-0.05339494,-0.040999427,-0.15294152,0.37470978,-0.08272338,0.45223188,0.13483372,0.10186408,0.014725564,-0.050328605,0.24161418,0.8920963,0.47613072,0.18301481,-0.021706726,0.24287564,-0.115275465,-0.058108833,0.47938168,0.08035351,0.61218053,0.0070581175,0.004418658,1.0,0.00063838065,0.05799088,0.687834,0.06303148,0.08405956,0.16491997,0.10552576,0.10822377,0.14543673,0.16080122,-0.10363113,-0.05771959,0.5121213,0.8629066,0.15539978,0.121974915,0.11083388,0.06541658,0.49289316,0.07355476,0.119779184,0.14625612,0.6551825
@farida.nurhan,0.12843676,0.522788,0.94633865,-0.13358228,0.09620689,0.16409537,0.4632734,0.053617492,0.5547993,0.03635122,0.90598977,-0.055737976,-0.057170026,0.019833397,-0.124134585,-0.090674184,-0.0089684855,-0.0757323,0.36242515,0.2578407,0.06137014,0.09287469,0.37197614,-0.09590154,-0.060188867,0.09790107,0.0915316,-0.19190271,-0.1134703,-0.057536993,-0.10830991,-0.10191132,0.9410175,0.89712423,0.20080763,0.3728869,-0.07164674,-0.15672484,0.17427924,0.120427236,0.9012133,0.15052193,0.92990637,-0.027598225,-0.11360553,-0.11451574,-0.08324776,0.9044815,0.06800634,-0.09859344,-0.105586365,0.034554522,0.4889654,-0.1579927,-0.089490265,-0.11867313,0.3644391,-0.16629647,0.15027368,0.09339923,0.12302278,-0.08460125,-0.14200042,0.23026964,-0.13370255,0.20079964,0.070755914,-0.09309948,0.0031377114,-0.158979,0.48335764,0.27917686,0.1581158,0.025822675,0.3917538,0.3966354,0.00063838065,0.99999964,0.14986393,0.2825643,0.077058144,-0.064594045,0.09365403,-0.08494654,-0.097150296,0.048828535,0.65721375,-0.116061896,-0.09601015,0.24088514,-0.08381165,0.879426,0.15429632,0.013866499,0.9112919,0.09787457,-0.03543163,-0.06872942,-0.062129185,-0.10613985
@felicia.tjiasaka,0.24869844,0.20560074,0.16304217,-0.028330782,0.10097196,0.24032667,0.17334178,0.11222696,0.23982954,0.883967,0.15387365,0.102051556,0.4310248,0.45195532,0.09430557,0.18035257,0.19549415,-0.04169906,0.2468428,0.27316338,0.29118428,0.14808889,0.29526865,0.1797471,0.17986271,0.2215064,0.91699934,0.032020345,0.2281889,0.1373255,-0.021856075,0.17460877,0.13921756,0.16972196,0.8670659,0.19865489,0.20255695,-0.03467884,0.35026962,0.8866022,0.16949944,0.17864478,0.20070763,0.15747027,-0.032919418,-0.05717791,0.4727012,0.16893095,0.09596074,0.008649658,0.23929843,0.11317992,0.17071894,0.15017511,0.17032987,-0.07268745,0.24928917,-0.05098401,0.24546114,0.9327121,0.91596246,0.19396925,-0.007565627,0.6779957,-0.000121550635,0.30925778,0.2682739,0.18171713,0.8101151,-0.049618363,0.21265796,0.37644014,0.15557298,0.30257595,0.19038057,0.16323888,0.05799088,0.14986393,1.0000004,0.24282554,0.06590652,0.30310756,0.246539,0.30580193,0.32422397,0.117412984,0.49184096,0.05530664,0.18217057,0.47359174,-0.012533691,0.14455023,0.13400275,0.09813758,0.16245434,0.2915241,0.43039486,0.309637,0.3096947,0.16038495
@indomusikgram,0.38014495,0.34267685,0.3116095,0.39211926,0.08918569,0.8608608,0.24641913,0.17688867,0.41615915,0.13141307,0.32841784,0.26351833,0.024744257,0.108717024,-0.14460339,0.07278111,0.10169119,0.45834652,0.23864906,0.18301988,0.53534174,0.28692058,0.507206,-0.0035568166,0.08533909,0.29200894,0.32091212,0.03810503,0.016040806,0.21405205,0.43136722,0.045594506,0.27642608,0.31828722,0.35795975,0.3710148,0.35439068,-0.2729587,0.87019885,0.3694119,0.29849404,0.16725397,0.3984741,0.30220705,0.40942928,0.36075026,0.045950707,0.34210414,0.16151601,0.45090282,-0.013654481,0.16834141,0.20277303,-0.16158035,0.033203594,-0.25267762,0.81697375,-0.20199987,0.81355774,0.2879044,0.26285163,0.09927446,-0.20057273,0.52329224,0.43904054,0.8444448,0.50570244,0.050831683,0.36567026,-0.2610533,0.20362583,0.7784935,0.21977402,0.838572,0.41224307,0.369828,0.687834,0.2825643,0.24282554,1.0,0.20633191,0.006364894,0.46140838,0.005692911,0.005326366,0.25097194,0.6375339,-0.1852048,0.0080479,0.84472644,0.40120524,0.31353188,0.27583128,0.24373443,0.31764215,0.81725895,0.031595893,0.053190786,0.06903961,0.64255226
@iwanbanaranblog,0.28559473,0.117783606,0.09030326,-0.07811727,0.06742784,0.2524612,0.15324369,0.96078444,0.16337427,-0.06891416,0.08840619,0.17704824,0.10574923,0.06373007,0.105873644,0.42301005,0.44271877,-0.0067882864,0.047205873,0.028578525,0.3035668,0.9741553,0.36338842,0.3304994,0.38071066,0.892896,-0.02900012,0.08222319,0.36130583,0.116846845,-0.049680375,0.37256896,0.06731286,0.09249064,-0.010976103,0.1332551,0.12008938,-0.1355391,0.3135028,0.016067147,0.07126352,0.9312578,0.12884437,0.09955805,-0.04738361,-0.07684934,0.03935637,0.05980654,0.9725832,-0.03138236,0.020989452,0.9495249,0.10262893,-0.101307094,0.40630996,-0.08576019,0.24903908,0.036043935,0.29041684,0.01013224,-0.02705013,0.3909421,-0.03672477,0.17718449,-0.053198576,0.27195838,0.27476162,0.40959144,0.0735369,-0.12740101,0.16150625,0.6016294,0.9539339,0.27513728,0.18360573,0.1658291,0.06303148,0.077058144,0.06590652,0.20633191,0.9999999,0.05870945,0.3388598,0.02624943,0.09448115,0.97125876,0.124154165,-0.07298426,0.2992257,0.16458443,-0.042552963,0.045602877,0.96195424,0.08072433,0.040862434,0.3112561,0.049267206,0.055364687,0.068952814,0.32139832
@kompastv,-0.19433291,-0.03680173,-0.029832512,0.0341811,0.24542926,0.1336588,0.07401447,0.1085982,-0.08728342,0.2912218,-0.009848077,-0.17766136,0.9708899,0.9619426,0.19800027,-0.018387612,-0.029519476,0.037760437,-0.018111017,0.13230002,-0.08746747,0.08929606,-0.18923263,-0.021960914,-0.046202373,0.13672169,0.31794477,0.18179947,0.05773282,-0.062127236,0.05966674,-0.044284765,-0.0032238192,0.012544019,0.22409558,-0.009340661,-0.07518965,0.1222571,0.1586027,0.40000105,-0.03245531,0.14257088,-0.0015836421,-0.064729586,0.053348757,0.035974137,0.9207642,-0.028157843,0.06702711,0.040020682,0.9760003,0.14020559,0.025756614,0.2906191,0.01139303,0.06324757,0.096885905,0.091476746,0.15594235,0.35611987,0.27210668,-0.057546735,0.18862522,0.39514595,0.053674582,0.20309025,-0.09014053,-0.014633061,0.4827866,0.12642716,0.1069168,0.18570837,0.084914565,0.18165892,-0.04492659,-0.037611365,0.08405956,-0.064594045,0.30310756,0.006364894,0.05870945,1.0000001,-0.09460209,0.9855894,0.9478766,0.082596384,0.060058642,0.15060094,-0.015642054,0.14094003,0.03492997,-0.0068773255,0.056008205,-0.15642244,-0.02013214,0.18962774,0.9787015,0.98994595,0.9711677,0.018215153
@letdahyper,0.90328515,0.35358742,0.06392214,-0.005404347,0.23901176,0.43615782,0.3692043,0.25706995,0.3739635,0.08861115,0.06056214,0.8820478,-0.04975812,-0.03702144,0.004777561,0.32657155,0.3255064,-0.029032534,0.27438194,0.2297821,0.9563935,0.3975879,0.90575,0.26249027,0.34320486,0.5543599,0.19404262,0.3274917,0.27970964,0.86515087,-0.07633729,0.3263365,0.028679904,0.04850783,0.20085806,0.41231424,0.8176993,-0.06522149,0.49678442,0.15093744,0.062647894,0.2824713,0.096921906,0.84385955,-0.067148976,-0.08602244,0.00017712079,0.05764671,0.3172263,0.012183141,-0.13563809,0.23390256,0.30252558,-0.022757106,0.30101448,-0.06555061,0.3469295,0.032348484,0.34762034,0.14157319,0.13758312,0.39277476,-0.033933267,0.38618445,-0.0067657963,0.36947054,0.9600389,0.28860983,0.25596768,-0.0667812,0.30741966,0.4694472,0.29514533,0.46007466,0.34173462,0.309571,0.16491997,0.09365403,0.246539,0.46140838,0.3388598,-0.09460209,1.0,-0.10198124,-0.021016117,0.3425498,0.3355909,0.031462137,0.2717639,0.4311179,-0.07074118,0.044102386,0.32694444,0.8596914,0.044742282,0.37337285,-0.084799364,-0.0854447,-0.08012225,0.6123566
@liputan6_news,-0.19539249,-0.066456854,-0.046510838,0.06259523,0.22873938,0.12247671,0.040680274,0.08023403,-0.11365888,0.30456275,-0.023848532,-0.17347175,0.95749867,0.95182645,0.1949666,-0.010079304,-0.024421562,0.06301265,-0.03675254,0.11059251,-0.085292414,0.059867695,-0.20318139,-0.010067318,-0.039647557,0.10380229,0.32898706,0.18645212,0.067676045,-0.05641588,0.08880412,-0.03468439,-0.018758025,-0.0008363561,0.22505245,-0.029971842,-0.06699387,0.1323731,0.15064454,0.4071607,-0.043872163,0.10275328,-0.017466959,-0.060259752,0.08131459,0.06536262,0.92141604,-0.04060573,0.034815744,0.06721511,0.97944206,0.111223735,-0.003409374,0.30389696,0.01806892,0.06622456,0.07358477,0.09290011,0.14213212,0.3627137,0.27964103,-0.04862017,0.1979002,0.38918787,0.08148902,0.18837538,-0.09124825,-0.0058095283,0.4958868,0.13666883,0.07271316,0.16809642,0.049207177,0.18026742,-0.0715348,-0.06426364,0.10552576,-0.08494654,0.30580193,0.005692911,0.02624943,0.9855894,-0.10198124,1.0,0.9428613,0.056256887,0.04564791,0.15867223,-0.0040914626,0.14657098,0.060954254,-0.01628969,0.02103528,-0.15342887,-0.033296704,0.17801014,0.9702275,0.979597,0.97470844,0.029826883
@metrotvnews,-0.12460986,-0.09121881,-0.06974763,0.07539388,0.32598048,0.12879908,0.047837913,0.14837229,-0.13649753,0.31266335,-0.045968384,-0.07982906,0.93651736,0.9172597,0.33013675,-0.00020954234,-0.019039154,0.0697926,-0.06569716,0.07809927,-0.005318639,0.12334477,-0.14120947,-0.00082363817,-0.035626244,0.21896248,0.34139055,0.34453475,0.08351655,0.022007428,0.082157195,-0.023733946,-0.03787263,-0.020824581,0.19210419,-0.044351388,0.04344558,0.24571657,0.13421969,0.38277584,-0.060802575,0.18737084,-0.02849296,0.041586377,0.07915932,0.064107835,0.92289126,-0.06776827,0.1090309,0.07554502,0.9493396,0.17988394,-0.01931909,0.42345205,0.031582214,0.18523866,0.042740446,0.2316728,0.11591107,0.35748738,0.28059012,-0.03277964,0.33989608,0.4057039,0.08873822,0.1663094,-0.032952145,0.0009615696,0.5081887,0.24603662,0.077328466,0.1850693,0.1061084,0.17766592,-0.11478308,-0.101740696,0.10822377,-0.097150296,0.32422397,0.005326366,0.09448115,0.9478766,-0.021016117,0.9428613,1.0000004,0.11891488,0.033500522,0.28064594,-0.00026970636,0.11722911,0.05949087,-0.013159479,0.08724868,-0.07751546,-0.060285423,0.1516474,0.93290204,0.9275048,0.95390815,0.11313039
@motomobitv,0.29522467,0.0790434,0.072321475,-0.003093897,0.015254553,0.27764624,0.1153379,0.9833491,0.12970632,-0.010928421,0.08128035,0.17839405,0.13815196,0.094000526,0.07611408,0.4747964,0.4893663,0.062365964,0.023905471,0.010666186,0.3304333,0.98473644,0.34252936,0.3856774,0.4288484,0.892856,0.032517433,0.058854442,0.42039567,0.13301496,0.022915974,0.4274783,0.058070023,0.0909936,0.02710042,0.118083544,0.15164882,-0.16393444,0.35197586,0.07401933,0.06522932,0.94012284,0.12872481,0.12014572,0.027647344,-0.005193362,0.073432595,0.05460628,0.95832586,0.042310484,0.04742366,0.9764738,0.060533073,-0.116127476,0.45866525,-0.12281499,0.24894273,-0.0066446736,0.31238818,0.06862481,0.022163477,0.44613475,-0.06067086,0.21522486,0.02157313,0.2882705,0.27704406,0.4662401,0.15029866,-0.1529356,0.12726003,0.6378176,0.9660146,0.32289284,0.13728501,0.1218636,0.14543673,0.048828535,0.117412984,0.25097194,0.97125876,0.082596384,0.3425498,0.056256887,0.11891488,0.9999999,0.13276118,-0.106008515,0.35210642,0.22047892,0.026989697,0.045789264,0.97169566,0.08287464,0.03492463,0.33531404,0.07754708,0.08341483,0.10243817,0.37829095
@nihongomantappu,0.31784946,0.43016714,0.7387414,-0.12845019,0.0827393,0.5850222,0.2998841,0.087373465,0.45908934,0.3719972,0.7397057,0.10805519,0.10592882,0.19522935,-0.0702686,0.08112742,0.15038759,-0.0749813,0.2797203,0.24029808,0.38790423,0.19123214,0.49311522,0.03464085,0.10589699,0.1789411,0.50072587,-0.0926062,0.05113334,0.09962194,-0.08273964,0.051864956,0.684896,0.7373731,0.5930638,0.33400863,0.12969339,-0.20117609,0.6794151,0.54813814,0.73333734,0.12204048,0.7250415,0.12716548,-0.10662532,-0.12962648,0.092039056,0.74876976,0.10433869,-0.07834462,0.008777903,0.07158674,0.2852511,-0.08623612,0.054638147,-0.18111125,0.7410557,-0.18871996,0.6310141,0.5071206,0.48769754,0.09642471,-0.1737104,0.63719064,-0.08775187,0.6770273,0.3743924,0.056696177,0.48879308,-0.20761785,0.2678494,0.6516373,0.18209878,0.55343103,0.45989287,0.40250772,0.16080122,0.65721375,0.49184096,0.6375339,0.124154165,0.060058642,0.3355909,0.04564791,0.033500522,0.13276118,0.99999964,-0.11930528,0.049259894,0.74029577,-0.0928402,0.64348716,0.20901412,0.116236344,0.73920715,0.596272,0.13483356,0.09030621,0.09933562,0.18954203
@officialbaliunited,-0.051083144,-0.14326581,-0.11831817,-0.047084346,0.74528325,-0.09374466,-0.069458984,-0.06719013,-0.15915656,0.11204459,-0.11431247,0.14472991,0.11318107,0.12193304,0.8710649,-0.109631136,-0.13342384,-0.05791446,-0.11012983,-0.06985326,0.01167267,-0.11004015,-0.036610905,-0.066930994,-0.11394182,0.019075125,0.092902064,0.84699714,-0.0663085,0.07989891,-0.06097222,-0.09007107,-0.0996749,-0.113295026,-0.010812998,-0.13759735,0.16363643,0.928658,-0.1138241,0.05480881,-0.11286509,-0.077475205,-0.13331676,0.097779006,-0.06069408,-0.049051117,0.20677504,-0.119198255,-0.08991736,-0.06736686,0.18850593,-0.061937854,-0.08905686,0.9247556,-0.0921205,0.9461937,-0.14741269,0.9390341,-0.100913286,0.08319244,0.091207534,-0.10451715,0.935663,0.016050227,-0.052946974,-0.048483565,0.021638362,-0.09619044,0.10080378,0.9325762,-0.07427269,-0.12269525,-0.13731727,-0.075021334,-0.17085183,-0.16577005,-0.10363113,-0.116061896,0.05530664,-0.1852048,-0.07298426,0.15060094,0.031462137,0.15867223,0.28064594,-0.106008515,-0.11930528,1.0000005,-0.07543407,-0.11089269,-0.05259339,-0.06859553,-0.12578554,0.066570416,-0.10257572,-0.09038849,0.16396737,0.1507785,0.16878322,0.08690907
@projectreview,0.42791927,-0.04191113,-0.039157555,-0.111735314,-0.19052023,-0.02936257,-0.06119637,0.2799451,-0.051054545,0.13908637,-0.0233684,0.22316454,0.061272517,-0.04663874,0.019343086,0.9820595,0.9697546,-0.109564565,-0.042211514,-0.023146136,0.3380306,0.34031057,0.20950457,0.9928142,0.9835843,0.21275076,0.071952924,-0.05235448,0.9844329,0.28445876,-0.11652847,0.9883649,-0.06534045,-0.018948045,0.059266295,-0.011673254,0.14056128,-0.04210153,0.12294037,0.053898815,0.005513248,0.21443687,-0.09834434,0.17826396,-0.096253514,-0.11383693,-0.021986041,-0.031837717,0.26823664,-0.11110487,-0.027131174,0.2690869,-0.058619305,-0.07581418,0.9858967,-0.07667991,-0.028478447,-0.018076908,0.04930246,0.10562576,0.05944255,0.97723824,-0.03350233,0.06400352,-0.110036075,-0.016475406,0.23626979,0.98252386,0.22539534,-0.04866857,-0.07737607,0.10450077,0.28904027,0.09363072,-0.00656996,0.003468955,-0.05771959,-0.09601015,0.18217057,0.0080479,0.2992257,-0.015642054,0.2717639,-0.0040914626,-0.00026970636,0.35210642,0.049259894,-0.07543407,1.0,0.06968829,-0.1293049,-0.12534347,0.26573437,0.14134322,-0.023664497,0.04499443,-0.014447289,-0.010605539,0.0050096996,0.10764672
@radityadika,0.32996416,0.29155004,0.32644123,0.1862188,0.09284781,0.7941954,0.17242709,0.15386519,0.34172565,0.3795301,0.3567881,0.19578606,0.18059999,0.27947387,-0.040237416,0.11962095,0.14574507,0.22708446,0.22895963,0.21499883,0.51291424,0.26410598,0.44147092,0.057081327,0.1321797,0.2591713,0.56015396,0.042617403,0.08982299,0.19743872,0.2345799,0.09266909,0.29408383,0.35294747,0.6091665,0.33032298,0.30673274,-0.20576596,0.9184587,0.6406324,0.3259111,0.11976243,0.389247,0.24973418,0.19770457,0.16247691,0.18834105,0.3747707,0.121617235,0.24026662,0.104502864,0.1453189,0.14256154,-0.029558916,0.08262009,-0.19983943,0.82272005,-0.15737352,0.8436085,0.5593245,0.51613426,0.14028654,-0.13897103,0.661451,0.24253002,0.8820537,0.49714136,0.106643066,0.6054113,-0.20086995,0.1328834,0.8246449,0.18342023,0.8625777,0.39489204,0.327075,0.5121213,0.24088514,0.47359174,0.84472644,0.16458443,0.14094003,0.4311179,0.14657098,0.11722911,0.22047892,0.74029577,-0.11089269,0.06968829,1.0000004,0.1999313,0.32554793,0.23431958,0.16903529,0.35700238,0.8666154,0.20981936,0.19462444,0.20405808,0.48959675
@raisa6690,-0.08385895,-0.11760239,-0.08202904,0.9717716,-0.077596776,0.29313767,-0.1001767,0.025436658,-0.04832111,0.037968136,-0.070322536,-0.04173746,0.019977152,0.06497603,-0.07416943,-0.11623314,-0.13929962,0.96410346,-0.03768097,-0.05912045,-0.0038448158,-0.0041355803,-0.105209365,-0.12799633,-0.11961822,-0.006258178,0.10488321,0.07539437,-0.12063868,-0.039701924,0.9846672,-0.09330729,-0.06368143,-0.058915213,0.00715557,-2.2478402e-05,0.16944626,-0.05032395,0.15355977,0.098250836,-0.07061068,-0.005012711,0.018134026,0.08098103,0.9860083,0.9826336,0.078917146,-0.056773372,-0.041239783,0.97841555,0.06668748,0.042561386,-0.11817726,-0.01127911,-0.13160193,-0.08303259,0.08789355,-0.029766098,0.13553892,0.06178627,0.056200802,-0.09009206,0.0042359233,0.017432496,0.9750227,0.15946722,-0.046913438,-0.104884714,0.08580495,-0.03176271,-0.09020869,0.18554014,-0.015008679,0.2882771,-0.09495483,-0.07827646,0.8629066,-0.08381165,-0.012533691,0.40120524,-0.042552963,0.03492997,-0.07074118,0.060954254,0.05949087,0.026989697,-0.0928402,-0.05259339,-0.1293049,0.1999313,1.0,0.05056311,0.011452908,-0.01822467,-0.066081814,0.1940767,0.024605159,0.054325186,0.07297669,0.48868674
@riasukmawijaya,0.054470234,0.23796998,0.905785,0.010697994,0.03889285,0.16198379,0.19950315,0.06090043,0.2761097,0.07734566,0.9160929,-0.07134353,-0.002449058,0.082845494,-0.055113763,-0.125022,-0.050259434,0.07962784,0.11928156,0.04874382,0.045130204,0.078768015,0.24598333,-0.12010584,-0.10569553,0.0893165,0.13114882,-0.0981359,-0.12695312,-0.046467904,0.03951067,-0.12818651,0.93528706,0.9280119,0.177697,0.15652794,-0.02933594,-0.10369144,0.19119632,0.1798028,0.90933657,0.10548434,0.9347869,-0.008055452,0.03421353,0.027653906,-0.028712854,0.91684794,0.02021284,0.04621434,-0.025814446,0.0479354,0.19948927,-0.07085884,-0.11627646,-0.07188685,0.30066618,-0.10554249,0.15158954,0.13768034,0.1377258,-0.11578701,-0.05677499,0.21970323,0.012850963,0.21376976,0.019576501,-0.11419375,0.078643404,-0.10334656,0.20926467,0.33836007,0.11755486,0.076186426,0.13373944,0.13185076,0.15539978,0.879426,0.14455023,0.31353188,0.045602877,-0.0068773255,0.044102386,-0.01628969,-0.013159479,0.045789264,0.64348716,-0.06859553,-0.12534347,0.32554793,0.05056311,1.0000004,0.1362934,-0.01318893,0.91491425,0.106115386,0.023096995,-0.0033639232,0.03002278,-0.013200372
@ridwanhr,0.28181863,0.15247217,0.16882129,-0.03180966,0.023322374,0.28929096,0.1641066,0.969479,0.20696303,-0.011517813,0.17362306,0.14435717,0.11070445,0.08058843,0.04951352,0.38547212,0.41612518,0.04157078,0.07412982,0.042809248,0.30089375,0.973017,0.3780871,0.29635704,0.347475,0.8840877,0.0428884,0.016175944,0.32591406,0.08803606,-0.0016533805,0.33723563,0.15253729,0.17973459,0.06256087,0.1586917,0.11390428,-0.18888994,0.35839152,0.08721318,0.15590475,0.9528185,0.23862767,0.08808557,0.0017940914,-0.031533793,0.043985732,0.15028858,0.9562646,0.020656377,0.013095466,0.95907795,0.12201303,-0.14071736,0.3683289,-0.14304498,0.30292517,-0.038803045,0.32967776,0.08012359,0.043588705,0.3590207,-0.09203776,0.23257619,-0.005162051,0.3150553,0.25924852,0.37666696,0.12169409,-0.18007942,0.18530777,0.6663302,0.9787526,0.3105827,0.19783427,0.1783656,0.121974915,0.15429632,0.13400275,0.27583128,0.96195424,0.056008205,0.32694444,0.02103528,0.08724868,0.97169566,0.20901412,-0.12578554,0.26573437,0.23431958,0.011452908,0.1362934,0.99999946,0.06044707,0.124433205,0.34044582,0.05826248,0.05380808,0.06686055,0.33196932
@rrq_lemon,0.8398897,0.19786589,-0.028836813,0.07518566,0.15210728,0.22618294,0.23574263,0.017300852,0.20575391,3.7660357e-05,-0.04009349,0.910722,-0.13958593,-0.13942325,-0.051599756,0.16091526,0.14260235,0.014646302,0.163347,0.11217098,0.8323801,0.11239019,0.7470781,0.12665007,0.18543558,0.29432964,0.061900206,0.32327563,0.13501164,0.93631697,-0.028751105,0.18571657,-0.051676095,-0.051297955,0.03410036,0.27568892,0.8431549,0.010905476,0.19723877,-0.017779727,-0.020878902,0.04020807,-0.027162112,0.90611184,-0.011355033,-0.011225577,-0.057097822,-0.038243406,0.08464566,0.06422398,-0.17420101,0.0021743681,0.18429485,-0.01099525,0.14177819,-0.003642078,0.07454523,0.058997534,0.057278607,-0.013737261,0.0013680579,0.2420752,0.0018670815,0.186228,0.048458084,0.075097136,0.8596968,0.123420805,0.09405412,0.0047086235,0.16426851,0.13017063,0.034743987,0.2053897,0.15826105,0.13993052,0.11083388,0.013866499,0.09813758,0.24373443,0.08072433,-0.15642244,0.8596914,-0.15342887,-0.07751546,0.08287464,0.116236344,0.066570416,0.14134322,0.16903529,-0.01822467,-0.01318893,0.06044707,1.0,-0.040900033,0.080209136,-0.16978309,-0.16112086,-0.15437512,0.50368726
@tanboykun,0.08678615,0.31872416,0.9826585,-0.110253334,0.0005050991,0.1822431,0.22732559,0.033009425,0.33837944,0.09085098,0.991552,-0.10100697,-0.010555898,0.057151545,-0.08998289,-0.02489866,0.058342576,-0.045852944,0.17241026,0.09962741,0.05694078,0.07660149,0.2738827,-0.02930596,0.0024920746,0.024844771,0.12681851,-0.17771292,-0.03977119,-0.07034392,-0.071019724,-0.03559698,0.9834413,0.9857755,0.22679055,0.2075803,-0.08187691,-0.13553311,0.25271225,0.18905455,0.98692966,0.06787723,0.92653847,-0.052096516,-0.08043683,-0.08514477,-0.073046446,0.99158835,0.01411327,-0.07521116,-0.05079632,0.014641274,0.2481204,-0.11950648,-0.022965616,-0.10322431,0.39821824,-0.1475493,0.23742384,0.15349627,0.14908989,-0.019734804,-0.1034995,0.23975217,-0.103874415,0.27242726,0.03166053,-0.025436742,0.09426116,-0.13888058,0.224485,0.33791494,0.11761285,0.11728193,0.25193018,0.23706082,0.06541658,0.9112919,0.16245434,0.31764215,0.040862434,-0.02013214,0.044742282,-0.033296704,-0.060285423,0.03492463,0.73920715,-0.10257572,-0.023664497,0.35700238,-0.066081814,0.91491425,0.124433205,-0.040900033,1.0000002,0.1682344,0.009533839,-0.010530949,0.0025238353,-0.09740109
@taulany_tv,0.22339763,0.3136766,0.17000674,0.16168338,0.16882241,0.90183115,0.21461877,0.2687215,0.3569362,0.18828666,0.18224473,0.13612512,0.20379522,0.28339744,0.0057712654,0.1203821,0.13455033,0.2306458,0.22613537,0.22871149,0.4292175,0.3758309,0.3628325,0.03598321,0.12303041,0.33337185,0.36919767,0.08597917,0.06865912,0.10143775,0.23451754,0.077987425,0.11750054,0.17330149,0.43679577,0.33874583,0.20681961,-0.17254543,0.94517374,0.4680677,0.13849577,0.22982603,0.2128996,0.13930905,0.19074343,0.15629059,0.1928212,0.18999556,0.2602126,0.21827152,0.15796748,0.26384395,0.16995597,-0.029838808,0.07784875,-0.16336364,0.90617836,-0.10207829,0.9614624,0.38053888,0.32794085,0.119730026,-0.108407505,0.5725704,0.23530452,0.9619826,0.43537545,0.099867985,0.46293616,-0.16110042,0.16903228,0.84407485,0.29235446,0.9428866,0.47106963,0.40390143,0.49289316,0.09787457,0.2915241,0.81725895,0.3112561,0.18962774,0.37337285,0.17801014,0.1516474,0.33531404,0.596272,-0.09038849,0.04499443,0.8666154,0.1940767,0.106115386,0.34044582,0.080209136,0.1682344,0.9999999,0.2240741,0.24274965,0.2335568,0.511169
@tempovideochannel,-0.18546459,0.002291372,-0.000511026,0.014986023,0.25227553,0.15398562,0.09720246,0.105838016,-0.040817082,0.41752547,0.015987076,-0.18731047,0.97750074,0.98464215,0.21231318,-0.019836262,-0.026880693,0.018480815,0.03527384,0.1861542,-0.07303791,0.08917455,-0.16076493,-0.018828582,-0.045295767,0.14159714,0.4477207,0.17640814,0.05895248,-0.0779262,0.0450939,-0.045298893,0.021245154,0.03977731,0.36139628,0.025876217,-0.07776575,0.12861031,0.19930515,0.53316927,-0.0038986513,0.14368421,0.031756155,-0.076198764,0.03533724,0.017320659,0.93976223,0.0015178341,0.05969071,0.026873134,0.94917727,0.13654369,0.056027986,0.32243758,0.007697793,0.063612536,0.13245247,0.08799439,0.18157992,0.48916945,0.4076597,-0.05605564,0.18625848,0.48035288,0.039175995,0.23939797,-0.07145004,-0.01231214,0.5784706,0.1295166,0.13509993,0.22869775,0.08330739,0.20520614,-0.0039499113,-0.002605322,0.07355476,-0.03543163,0.43039486,0.031595893,0.049267206,0.9787015,-0.084799364,0.9702275,0.93290204,0.07754708,0.13483356,0.16396737,-0.014447289,0.20981936,0.024605159,0.023096995,0.05826248,-0.16978309,0.009533839,0.2240741,1.0000002,0.97327393,0.9583607,0.016646486
@tribunnews,-0.19160566,-0.039392836,-0.025360245,0.051261574,0.24912481,0.17847474,0.058055155,0.1047484,-0.08486667,0.29751325,-0.00045510486,-0.17823935,0.9614638,0.95535374,0.20504352,-0.011098986,-0.02092795,0.059182324,-0.024814408,0.12167674,-0.0734494,0.090872906,-0.18471658,-0.018289384,-0.038907725,0.12959328,0.33387837,0.18398061,0.062249586,-0.06399106,0.082861684,-0.03803588,0.00020375755,0.021416366,0.24439842,-0.01261875,-0.07075073,0.118713886,0.21297085,0.42809224,-0.02494838,0.12736611,0.004880777,-0.0664564,0.07434484,0.055433508,0.91611934,-0.018080046,0.055948436,0.059992857,0.9705705,0.13547137,0.012288761,0.29605874,0.015800849,0.060894266,0.14020374,0.088387385,0.21131407,0.3758132,0.28710818,-0.04937981,0.18643554,0.41298127,0.07619303,0.25652856,-0.07666573,-0.0071824156,0.5073973,0.12473686,0.0892255,0.22574045,0.08020136,0.23517014,-0.039910138,-0.037960038,0.119779184,-0.06872942,0.309637,0.053190786,0.055364687,0.98994595,-0.0854447,0.979597,0.9275048,0.08341483,0.09030621,0.1507785,-0.010605539,0.19462444,0.054325186,-0.0033639232,0.05380808,-0.16112086,-0.010530949,0.24274965,0.97327393,1.0,0.9674323,0.04790082
@tvOneNews,-0.18721008,-0.066597566,-0.014147596,0.07460232,0.25345004,0.18733805,0.044223964,0.12045945,-0.11466026,0.2959162,0.016168986,-0.15895014,0.94428676,0.9498783,0.22243941,0.007561936,-0.0044159777,0.08347095,-0.05006452,0.100894876,-0.04965061,0.10659911,-0.18520069,-0.0017554187,-0.0251957,0.15372962,0.34141862,0.21810362,0.083622575,-0.047009915,0.10554355,-0.022229996,0.0169834,0.04052478,0.23008457,-0.029720321,-0.053232215,0.13219836,0.21686585,0.42078418,-0.0079111885,0.14348593,0.02723245,-0.050952844,0.09569133,0.07698942,0.91544616,-0.0039666444,0.07423235,0.08319564,0.9740237,0.15391672,-0.015070451,0.31488627,0.035429742,0.0769751,0.1287688,0.10990933,0.20501317,0.3720281,0.2829183,-0.03293331,0.22190434,0.43573087,0.09757172,0.25165415,-0.06959832,0.0076009296,0.52663076,0.13623795,0.06997335,0.24109535,0.088651255,0.24119331,-0.07087162,-0.06164055,0.14625612,-0.062129185,0.3096947,0.06903961,0.068952814,0.9711677,-0.08012225,0.97470844,0.95390815,0.10243817,0.09933562,0.16878322,0.0050096996,0.20405808,0.07297669,0.03002278,0.06686055,-0.15437512,0.0025238353,0.2335568,0.9583607,0.9674323,1.0000002,0.08231811
@ybrap,0.5049764,0.04630315,-0.10045689,0.5315136,0.18133463,0.6096091,0.0942428,0.31146932,0.10870451,0.08052018,-0.07687892,0.5768172,0.03896358,0.06938969,0.118736796,0.18035184,0.15374467,0.5359881,0.029854082,0.01988164,0.6636293,0.38699287,0.4708817,0.11199852,0.16440225,0.49253055,0.22606237,0.41296917,0.14363757,0.515164,0.4967073,0.17855582,-0.11191176,-0.07218606,0.11651125,0.18390483,0.67806363,0.014439418,0.5594528,0.1960175,-0.0815587,0.2801997,-0.0061266054,0.5902976,0.50471604,0.48148197,0.118203476,-0.080904685,0.29360247,0.5621029,0.021886706,0.31174487,-0.003518757,0.09583418,0.14774963,-0.00031534862,0.36475915,0.1285525,0.46056843,0.1585738,0.13415748,0.22937767,0.094101235,0.36520982,0.5554451,0.48100632,0.61588824,0.15942705,0.31784233,0.027957918,0.041363582,0.57631946,0.2789027,0.640345,0.08204142,0.06731707,0.6551825,-0.10613985,0.16038495,0.64255226,0.32139832,0.018215153,0.6123566,0.029826883,0.11313039,0.37829095,0.18954203,0.08690907,0.10764672,0.48959675,0.48868674,-0.013200372,0.33196932,0.50368726,-0.09740109,0.511169,0.016646486,0.04790082,0.08231811,1.0000005
